source,category,destination,guid
AnimationClip/ChainAnotherLane.anim,Reference,SourceData/AssetRipper/Assets/AnimationClip/ChainAnotherLane.anim,0e944b9c7e9dfec4e861e3872224b8f8
AnimationClip/ChainBack.anim,Animation,Assets/RecoveredOriginal/Animation/AnimationClip/ChainBack.anim,b00472d19f86cd6408ae79110d66d6d6
AnimationClip/ChainRight.anim,Animation,Assets/RecoveredOriginal/Animation/AnimationClip/ChainRight.anim,9177e00355439bc4da3e2da1ab9f973e
AnimationClip/ChainSameLine.anim,Reference,SourceData/AssetRipper/Assets/AnimationClip/ChainSameLine.anim,8b99a1953ee1440418461e27481fd9b1
AnimationClip/CongratsAnim.anim,Reference,SourceData/AssetRipper/Assets/AnimationClip/CongratsAnim.anim,368c1e257d9eba94fbee744125d38a2c
AnimationClip/ErrorPulse.anim,Animation,Assets/RecoveredOriginal/Animation/AnimationClip/ErrorPulse.anim,df2a30abf15f5e549bace5eb2487bd3a
AnimationClip/Freeze.anim,Reference,SourceData/AssetRipper/Assets/AnimationClip/Freeze.anim,063e2afdab30bf445804b8131062c66f
AnimationClip/FunFlareGif.anim,Reference,SourceData/AssetRipper/Assets/AnimationClip/FunFlareGif.anim,2912d6084c3589d4daca2e07d94c7e0c
AnimationClip/gift_open.anim,Animation,Assets/RecoveredOriginal/Animation/AnimationClip/gift_open.anim,22272c3dbe954d048aad120ffb0ac8df
AnimationClip/HalfGif.anim,Reference,SourceData/AssetRipper/Assets/AnimationClip/HalfGif.anim,cabe725caa8d0104bbb757a66ee6b240
AnimationClip/HandClickAnim.anim,Animation,Assets/RecoveredOriginal/Animation/AnimationClip/HandClickAnim.anim,2de8d30bc510cc246bce87145a80e71f
AnimationClip/Hidden.anim,Animation,Assets/RecoveredOriginal/Animation/AnimationClip/Hidden.anim,0e394e88d46069f4b9dfdf59c419f1f3
AnimationClip/Invalid.anim,Animation,Assets/RecoveredOriginal/Animation/AnimationClip/Invalid.anim,604614be1e5213941bdeae6315e0204e
AnimationClip/SecretAnim.anim,Reference,SourceData/AssetRipper/Assets/AnimationClip/SecretAnim.anim,05fbad03abc1c754db632caf3e0d4f26
AnimationClip/SelectAny.anim,Reference,SourceData/AssetRipper/Assets/AnimationClip/SelectAny.anim,e33622aa059b7f744be2517befeb015c
AnimationClip/Sit.anim,Animation,Assets/RecoveredOriginal/Animation/AnimationClip/Sit.anim,042389482de66ea408f3aba6b843b2dd
AnimationClip/StashNeedAmmo.anim,Reference,SourceData/AssetRipper/Assets/AnimationClip/StashNeedAmmo.anim,4f9c56cf50b019f4badeb8bf7bdd6e3b
AnimationClip/stash_expand.anim,Animation,Assets/RecoveredOriginal/Animation/AnimationClip/stash_expand.anim,327f6b7075b6c7949aefedcf6d0f9594
AnimationClip/SuperbTextAnim.anim,Animation,Assets/RecoveredOriginal/Animation/AnimationClip/SuperbTextAnim.anim,e06672383d11c9f4799d2f0e0df9cc60
AnimationClip/SwapGif.anim,Reference,SourceData/AssetRipper/Assets/AnimationClip/SwapGif.anim,00315286f07292b4f98100acabe7e5cb
AnimationClip/Take 001.anim,Animation,Assets/RecoveredOriginal/Animation/AnimationClip/Take 001.anim,c80cbf10242d0794ca222796d9e52645
AnimationClip/TryAgainAnim.anim,Reference,SourceData/AssetRipper/Assets/AnimationClip/TryAgainAnim.anim,5ba8c8a0107cf41459e3717d18e11790
AnimationClip/UnlockerGif.anim,Reference,SourceData/AssetRipper/Assets/AnimationClip/UnlockerGif.anim,3fdba6fc77e44854eb7f76e86404636c
AnimationClip/WellDoneAnim.anim,Reference,SourceData/AssetRipper/Assets/AnimationClip/WellDoneAnim.anim,8b1f97d5d663cb040985eab1e6ebd570
AnimatorController/ChainAnotherLane.controller,Reference,SourceData/AssetRipper/Assets/AnimatorController/ChainAnotherLane.controller,08202946fbdb8f3418d24a15446e5fee
AnimatorController/ChainBack.controller,Reference,SourceData/AssetRipper/Assets/AnimatorController/ChainBack.controller,232eb3ffb5e64f74f82a6785498d2c13
AnimatorController/ChainRight.controller,Reference,SourceData/AssetRipper/Assets/AnimatorController/ChainRight.controller,84d5ad636e9f5f84ba4a7b68aabb4bf4
AnimatorController/ChainSameLaneAnim.controller,Reference,SourceData/AssetRipper/Assets/AnimatorController/ChainSameLaneAnim.controller,8ac0a3542715b6f4f811fcf44c06bd94
AnimatorController/Character.controller,Reference,SourceData/AssetRipper/Assets/AnimatorController/Character.controller,27386bb51332bc14b8bbe0ffdbcf0391
AnimatorController/Character_View.controller,Reference,SourceData/AssetRipper/Assets/AnimatorController/Character_View.controller,bb8b8b8b0b1d2934abcf9424f9ff28f5
AnimatorController/Cinemachine.controller,Reference,SourceData/AssetRipper/Assets/AnimatorController/Cinemachine.controller,2a78ce23b6fca144e91b004dc190a7a2
AnimatorController/CongratsText_0.controller,Reference,SourceData/AssetRipper/Assets/AnimatorController/CongratsText_0.controller,5f373d9d69e35d2418fd8799e35cc79d
AnimatorController/ErrorPulse.controller,Reference,SourceData/AssetRipper/Assets/AnimatorController/ErrorPulse.controller,c405dd26017534f4892e9bbb7baa2ad8
AnimatorController/FeatureImage (1).controller,Reference,SourceData/AssetRipper/Assets/AnimatorController/FeatureImage (1).controller,d43f160f27938374880bd03bb82a6713
AnimatorController/FreezeAnimation.controller,Reference,SourceData/AssetRipper/Assets/AnimatorController/FreezeAnimation.controller,46bd1af681c846943a063b4e8642ca83
AnimatorController/HalfImage.controller,Reference,SourceData/AssetRipper/Assets/AnimatorController/HalfImage.controller,111ade465de5c474582b24556bcddc86
AnimatorController/Panel.controller,Reference,SourceData/AssetRipper/Assets/AnimatorController/Panel.controller,7f0291b6b97fb1b4b831729a9cab64db
AnimatorController/Pin.controller,Reference,SourceData/AssetRipper/Assets/AnimatorController/Pin.controller,981af5dbcdfa86745a2d77718ac5d2cf
AnimatorController/SecretAnim.controller,Reference,SourceData/AssetRipper/Assets/AnimatorController/SecretAnim.controller,bf62c13f7c1a8434da7534d744272bce
AnimatorController/SelectAny.controller,Reference,SourceData/AssetRipper/Assets/AnimatorController/SelectAny.controller,9fee831f8413ea147884b6e849ce7d1c
AnimatorController/StasthNeedAmmo.controller,Reference,SourceData/AssetRipper/Assets/AnimatorController/StasthNeedAmmo.controller,cbde6c8fa11349448a5f3cb2a1ab5db0
AnimatorController/SuperbGif-ezgif_com-optipng_0.controller,Reference,SourceData/AssetRipper/Assets/AnimatorController/SuperbGif-ezgif_com-optipng_0.controller,6efef17c8d16cae479b36e83eea19012
AnimatorController/SwapGif.controller,Reference,SourceData/AssetRipper/Assets/AnimatorController/SwapGif.controller,1972140ec8d4fd245b954fc42fe368d8
AnimatorController/TryAgain Text_0.controller,Reference,SourceData/AssetRipper/Assets/AnimatorController/TryAgain Text_0.controller,18a93818f432b0e47bb00a46a4cdf0e8
AnimatorController/UnlockerImage.controller,Reference,SourceData/AssetRipper/Assets/AnimatorController/UnlockerImage.controller,1b0fa9b7993deb84883bee22c4b2aa35
AnimatorController/WellDoneText_0.controller,Reference,SourceData/AssetRipper/Assets/AnimatorController/WellDoneText_0.controller,0263ed7a12b40c043a92962eb2ce96ef
AudioClip/claim_coin.ogg,Audio,Assets/RecoveredOriginal/Audio/AudioClip/claim_coin.ogg,38d4384b10ddd7c44bed9dfc0e1ff67a
AudioClip/claim_gift.ogg,Audio,Assets/RecoveredOriginal/Audio/AudioClip/claim_gift.ogg,4070b8e30257dc141bec37d44ebae853
AudioClip/Input.ogg,Audio,Assets/RecoveredOriginal/Audio/AudioClip/Input.ogg,2ad9f96e8e4f9d94ea1968fad653f377
AudioClip/level completed panel + next button inc.ogg,Audio,Assets/RecoveredOriginal/Audio/AudioClip/level completed panel + next button inc.ogg,f246531a59438364daf33579d354ff9e
AudioClip/pop.ogg,Audio,Assets/RecoveredOriginal/Audio/AudioClip/pop.ogg,f88ca401da1573e4bbf4a7db6dda5e2c
AudioClip/Victory.ogg,Audio,Assets/RecoveredOriginal/Audio/AudioClip/Victory.ogg,609ad3671c584fd40a60a82553f40eb9
Avatar/character_animationsAvatar.asset,Avatar,Assets/RecoveredOriginal/Avatar/Avatar/character_animationsAvatar.asset,095102aac8b5ac14fb3b5ec418248792
Cubemap/Cubemap.png,Texture,Assets/RecoveredOriginal/Texture/Cubemap/Cubemap.png,7ba22a3a84817fc42a157cdb4038b6a7
Cubemap/Cubemap_0.png,Texture,Assets/RecoveredOriginal/Texture/Cubemap/Cubemap_0.png,731f995d0296f7843ac78fcba4f35f89
Cubemap/Cubemap_1.png,Texture,Assets/RecoveredOriginal/Texture/Cubemap/Cubemap_1.png,26e58031501ec6b47a05f2cccc41edc2
Cubemap/Cubemap_2.png,Texture,Assets/RecoveredOriginal/Texture/Cubemap/Cubemap_2.png,ff5e2a0ddfbb32441bc21167ad80a9f7
Font/Inter-SemiBold.ttf,Font,Assets/RecoveredOriginal/Font/Font/Inter-SemiBold.ttf,329524835f84f5944994f20ebcc6145e
Font/LiberationSans.ttf,Font,Assets/RecoveredOriginal/Font/Font/LiberationSans.ttf,5ed6cdc7d0255d94a86854055d99e337
Font/Orbitron Black.otf,Font,Assets/RecoveredOriginal/Font/Font/Orbitron Black.otf,defdbbcad4c1e5c4aaae04eb5808a325
Font/Orbitron Bold.otf,Font,Assets/RecoveredOriginal/Font/Font/Orbitron Bold.otf,33445c1d7c301c24898506910c19842e
Font/Orbitron Light.otf,Font,Assets/RecoveredOriginal/Font/Font/Orbitron Light.otf,576083984a8d5ca4fa32c6cca462d485
Font/Orbitron Medium.otf,Font,Assets/RecoveredOriginal/Font/Font/Orbitron Medium.otf,2b46a476e28fb6d40b25529e41fad5f7
Font/PerfectDOSVGA437.ttf,Font,Assets/RecoveredOriginal/Font/Font/PerfectDOSVGA437.ttf,f0d93118dd3dcb141b34fff4710ade11
Font/SourceCodePro-Regular.otf,Font,Assets/RecoveredOriginal/Font/Font/SourceCodePro-Regular.otf,90c1da6f80705ba43bf9ca51c78835b0
GameObject/AboutTab.prefab,Reference,SourceData/AssetRipper/Assets/GameObject/AboutTab.prefab,2f6df2255a2d306458c311f0b824fb3c
GameObject/AccessButton.prefab,Reference,SourceData/AssetRipper/Assets/GameObject/AccessButton.prefab,ba15619ba6b00434e80b414d6bfb6356
GameObject/AccessDataScreen.prefab,Reference,SourceData/AssetRipper/Assets/GameObject/AccessDataScreen.prefab,b8edbc87f2dc7bd41a68c066516c17e1
GameObject/AdsScreen.prefab,Reference,SourceData/AssetRipper/Assets/GameObject/AdsScreen.prefab,5c2c391368f4c91459863b5bd9134b56
GameObject/AnalyticsProviderButton.prefab,Reference,SourceData/AssetRipper/Assets/GameObject/AnalyticsProviderButton.prefab,b2d3ef907441e074c90115d5670b64e4
GameObject/AnalyticsProvidersScreen.prefab,Reference,SourceData/AssetRipper/Assets/GameObject/AnalyticsProvidersScreen.prefab,31b23f8b8c29ff4478d9d1e2123c66f0
GameObject/AudioAdsPopup.prefab,Reference,SourceData/AssetRipper/Assets/GameObject/AudioAdsPopup.prefab,b68fa96779fcbba4da4dc75ef0a9be24
GameObject/AudioAdsPopupTrigger.prefab,Reference,SourceData/AssetRipper/Assets/GameObject/AudioAdsPopupTrigger.prefab,3f2638f0311749f40bb1cd8074eb70f7
GameObject/BackupAdsCanvas.prefab,Reference,SourceData/AssetRipper/Assets/GameObject/BackupAdsCanvas.prefab,507bd08b5d3af6648b99b943139d0cf2
GameObject/BannerBackground.prefab,Reference,SourceData/AssetRipper/Assets/GameObject/BannerBackground.prefab,2754b80684e998943856cc382b073c42
GameObject/Bot.prefab,Reference,SourceData/AssetRipper/Assets/GameObject/Bot.prefab,4d82bb71530ec16428abca5c5d43b66c
GameObject/Bullet.prefab,Reference,SourceData/AssetRipper/Assets/GameObject/Bullet.prefab,0232f97e344d8674ca5ada33bef29698
GameObject/ButtonWithInputField.prefab,Reference,SourceData/AssetRipper/Assets/GameObject/ButtonWithInputField.prefab,3a15e1eb15d048f499d7601f913b2ca5
GameObject/canvas_shop_item_popup.prefab,Reference,SourceData/AssetRipper/Assets/GameObject/canvas_shop_item_popup.prefab,d441ea23640def34a824fb5f0767e789
GameObject/Category.prefab,Reference,SourceData/AssetRipper/Assets/GameObject/Category.prefab,899aada42997ae941843e30fdb518859
GameObject/Character.prefab,Reference,SourceData/AssetRipper/Assets/GameObject/Character.prefab,0c3c0a6469301e24ca45dc8973da9467
GameObject/CharacterReserveHandler.prefab,Reference,SourceData/AssetRipper/Assets/GameObject/CharacterReserveHandler.prefab,e45e63feb4dd8cb4bacb50c3601e85fc
GameObject/CheckboxButton.prefab,Reference,SourceData/AssetRipper/Assets/GameObject/CheckboxButton.prefab,84bf4be09fb542a43b9b90039a294c09
GameObject/CmpSettingScreen.prefab,Reference,SourceData/AssetRipper/Assets/GameObject/CmpSettingScreen.prefab,9385bfadc4392c145a7dcfd9b3bea02b
GameObject/CohortButton.prefab,Reference,SourceData/AssetRipper/Assets/GameObject/CohortButton.prefab,99ad925a6fd40394284af6e3c9586903
GameObject/ConsoleTabButtonContent.prefab,Reference,SourceData/AssetRipper/Assets/GameObject/ConsoleTabButtonContent.prefab,c9d37af823781404c9bef6c9321d4c17
GameObject/CrashReportersScreen.prefab,Reference,SourceData/AssetRipper/Assets/GameObject/CrashReportersScreen.prefab,ea2383d8044164b49b4adefc7b93b7e0
GameObject/Crete.prefab,Reference,SourceData/AssetRipper/Assets/GameObject/Crete.prefab,391bf7029241167479f6eb65b891a754
GameObject/CreteParticle.prefab,Reference,SourceData/AssetRipper/Assets/GameObject/CreteParticle.prefab,f13cc2d9cf0a1b041a18f86fc95f2b46
GameObject/CustomDebuggerScreen.prefab,Reference,SourceData/AssetRipper/Assets/GameObject/CustomDebuggerScreen.prefab,197cb0b88d25ecd41b77729a775376d1
GameObject/DebuggerCanvas.prefab,Reference,SourceData/AssetRipper/Assets/GameObject/DebuggerCanvas.prefab,0886cb1915894ae4b9e4b3b8e5a7280a
GameObject/DebugIAPProduct.prefab,Reference,SourceData/AssetRipper/Assets/GameObject/DebugIAPProduct.prefab,84ba479175982be478e94ca73fa5b87f
GameObject/DebugUIBitField.prefab,Reference,SourceData/AssetRipper/Assets/GameObject/DebugUIBitField.prefab,6b84973cad455d04ba733ed30c46008c
GameObject/DebugUIButton.prefab,Reference,SourceData/AssetRipper/Assets/GameObject/DebugUIButton.prefab,295569e239c8ab64ea93c409e5096494
GameObject/DebugUIColor.prefab,Reference,SourceData/AssetRipper/Assets/GameObject/DebugUIColor.prefab,a0a5404718833e946a4935d4d301f880
GameObject/DebugUIEnumField.prefab,Reference,SourceData/AssetRipper/Assets/GameObject/DebugUIEnumField.prefab,58b0205de9956b84da4f21f73bb4aaa2
GameObject/DebugUIEnumHistory.prefab,Reference,SourceData/AssetRipper/Assets/GameObject/DebugUIEnumHistory.prefab,0ad3342e126fbb541b77b422cd69a4c6
GameObject/DebugUIFloatField.prefab,Reference,SourceData/AssetRipper/Assets/GameObject/DebugUIFloatField.prefab,8f5c4dc76ef58f34193b2289bd886f72
GameObject/DebugUIFoldout.prefab,Reference,SourceData/AssetRipper/Assets/GameObject/DebugUIFoldout.prefab,7b9d535bfabdf7143aa0a91f8d1fac7c
GameObject/DebugUIGroup.prefab,Reference,SourceData/AssetRipper/Assets/GameObject/DebugUIGroup.prefab,ae35bfeac1ef9c84493e78bbd0634aca
GameObject/DebugUIHBox.prefab,Reference,SourceData/AssetRipper/Assets/GameObject/DebugUIHBox.prefab,edf4fe3ec5525354b9140206402bdf4a
GameObject/DebugUIIntField.prefab,Reference,SourceData/AssetRipper/Assets/GameObject/DebugUIIntField.prefab,f686132a2e2c20f4abcab8011e33869f
GameObject/DebugUIMessageBox.prefab,Reference,SourceData/AssetRipper/Assets/GameObject/DebugUIMessageBox.prefab,1eceb4b8999a4ae40b7d0931ae759454
GameObject/DebugUIObject.prefab,Reference,SourceData/AssetRipper/Assets/GameObject/DebugUIObject.prefab,4d1952840d893b243a4483118e16ef5b
GameObject/DebugUIObjectList.prefab,Reference,SourceData/AssetRipper/Assets/GameObject/DebugUIObjectList.prefab,f1305a20572d109459d5c226fb24c7e1
GameObject/DebugUIObjectPopupField.prefab,Reference,SourceData/AssetRipper/Assets/GameObject/DebugUIObjectPopupField.prefab,4257d0d49448d6147938c76ab85f2fe7
GameObject/DebugUIPanel.prefab,Reference,SourceData/AssetRipper/Assets/GameObject/DebugUIPanel.prefab,bbaf1e3e2000e6f488706eb5965bf687
GameObject/DebugUIProgressBar.prefab,Reference,SourceData/AssetRipper/Assets/GameObject/DebugUIProgressBar.prefab,d625f3c1e16453c479223eddc2f065e6
GameObject/DebugUIRow.prefab,Reference,SourceData/AssetRipper/Assets/GameObject/DebugUIRow.prefab,8fe7c0d7a2fd4d64890b325bab97cd96
GameObject/DebugUIToggle.prefab,Reference,SourceData/AssetRipper/Assets/GameObject/DebugUIToggle.prefab,88bd0478bee74414395839a64762c9d6
GameObject/DebugUIToggleHistory.prefab,Reference,SourceData/AssetRipper/Assets/GameObject/DebugUIToggleHistory.prefab,7fc59b3cab932a2498ca9d3412c10f1d
GameObject/DebugUIUIntField.prefab,Reference,SourceData/AssetRipper/Assets/GameObject/DebugUIUIntField.prefab,4bcae1c5fd2791543b453e2acbae44c0
GameObject/DebugUIValue.prefab,Reference,SourceData/AssetRipper/Assets/GameObject/DebugUIValue.prefab,49e35e43a5b75ff40baac8c94a833789
GameObject/DebugUIValuePersistent.prefab,Reference,SourceData/AssetRipper/Assets/GameObject/DebugUIValuePersistent.prefab,fb48f272b64612b4c8155c600e44679f
GameObject/DebugUIValueTuple.prefab,Reference,SourceData/AssetRipper/Assets/GameObject/DebugUIValueTuple.prefab,cf7ddf4a453fe254f97e91f3b734c984
GameObject/DebugUIVBox.prefab,Reference,SourceData/AssetRipper/Assets/GameObject/DebugUIVBox.prefab,f9810acb4ab4d034daad7389d7c6a0d3
GameObject/DebugUIVector2.prefab,Reference,SourceData/AssetRipper/Assets/GameObject/DebugUIVector2.prefab,77e9f413841768a44b7e3ae9a2f0fc3c
GameObject/DebugUIVector3.prefab,Reference,SourceData/AssetRipper/Assets/GameObject/DebugUIVector3.prefab,3624da0e715329e4184065f195b0552a
GameObject/DebugUIVector4.prefab,Reference,SourceData/AssetRipper/Assets/GameObject/DebugUIVector4.prefab,57906e40805f6104c9160859178963e0
GameObject/DeleteScreen.prefab,Reference,SourceData/AssetRipper/Assets/GameObject/DeleteScreen.prefab,64d1efa077daef048a3ea2eaab5bf6d6
GameObject/EnvironmentScreen.prefab,Reference,SourceData/AssetRipper/Assets/GameObject/EnvironmentScreen.prefab,81b05ef992baee6458b67c055c7f6804
GameObject/EventConsoleItem.prefab,Reference,SourceData/AssetRipper/Assets/GameObject/EventConsoleItem.prefab,aee43a90d89f7a74b9b9bdf256f681e0
GameObject/EventConsoleScreen.prefab,Reference,SourceData/AssetRipper/Assets/GameObject/EventConsoleScreen.prefab,315776921b92e0e42bc2f18c44d6156e
GameObject/EventConsoleSessionItem.prefab,Reference,SourceData/AssetRipper/Assets/GameObject/EventConsoleSessionItem.prefab,eab4a5347b93eb54fa4a568f435f5df7
GameObject/EventInformationLine.prefab,Reference,SourceData/AssetRipper/Assets/GameObject/EventInformationLine.prefab,0b81c03427453cc48abb5e2d8e06dc1f
GameObject/EventInformationList.prefab,Reference,SourceData/AssetRipper/Assets/GameObject/EventInformationList.prefab,7f7e9ef16904c874d9eeeb331d79b838
GameObject/FakeMediation.prefab,Reference,SourceData/AssetRipper/Assets/GameObject/FakeMediation.prefab,1d348a57dc25bd849b978594beb79431
GameObject/Feature_Abstract Variant.prefab,Reference,SourceData/AssetRipper/Assets/GameObject/Feature_Abstract Variant.prefab,dc87c18b18bb8d74793c9248fc8bea1c
GameObject/Feature_Animal Variant.prefab,Reference,SourceData/AssetRipper/Assets/GameObject/Feature_Animal Variant.prefab,3f5ec7946bda03f45a706c13f3a0dd28
GameObject/Feature_CartoonsVariant.prefab,Reference,SourceData/AssetRipper/Assets/GameObject/Feature_CartoonsVariant.prefab,2b52d5ee5800d054a975c7c52d018520
GameObject/Feature_Casual Variant.prefab,Reference,SourceData/AssetRipper/Assets/GameObject/Feature_Casual Variant.prefab,e62d88e41ada793488f00fde1ca76052
GameObject/Feature_Family.prefab,Reference,SourceData/AssetRipper/Assets/GameObject/Feature_Family.prefab,21df2276f95fa63459b0dcdaa0664834
GameObject/Feature_Flower.prefab,Reference,SourceData/AssetRipper/Assets/GameObject/Feature_Flower.prefab,4e615a54d21a3af49a432077f7ecbeae
GameObject/Feature_HeroesCelebrities Variant.prefab,Reference,SourceData/AssetRipper/Assets/GameObject/Feature_HeroesCelebrities Variant.prefab,f4e4adfb7439f6744ac81ea1b2a621db
GameObject/Feature_Landscape Variant.prefab,Reference,SourceData/AssetRipper/Assets/GameObject/Feature_Landscape Variant.prefab,9e94f65c480c6d646b9bfc430c49e3db
GameObject/Feature_Magic.prefab,Reference,SourceData/AssetRipper/Assets/GameObject/Feature_Magic.prefab,fd9ec22587da5474fa00f2d851ed5eb5
GameObject/Feature_Musician.prefab,Reference,SourceData/AssetRipper/Assets/GameObject/Feature_Musician.prefab,68de042b620232843a9696436bbb5874
GameObject/Feature_PopArt.prefab,Reference,SourceData/AssetRipper/Assets/GameObject/Feature_PopArt.prefab,769f7d5fbd783f6469da5305fafa8b5f
GameObject/Feature_Princess.prefab,Reference,SourceData/AssetRipper/Assets/GameObject/Feature_Princess.prefab,5dfd5ddad6f89ae418ebd0f89c6b6a30
GameObject/Feature_Sports.prefab,Reference,SourceData/AssetRipper/Assets/GameObject/Feature_Sports.prefab,e137510f9fb11254eb10f401fced8433
GameObject/Feature_SummerVibes.prefab,Reference,SourceData/AssetRipper/Assets/GameObject/Feature_SummerVibes.prefab,2e03a35f0cb1e2243887bb356fca0471
GameObject/Feature_Travel.prefab,Reference,SourceData/AssetRipper/Assets/GameObject/Feature_Travel.prefab,733e3be823ff3054b96e5cc9f5f07f16
GameObject/Feature_Wildlife.prefab,Reference,SourceData/AssetRipper/Assets/GameObject/Feature_Wildlife.prefab,9b71d31e0c7b3124693c4b2e269ca47a
GameObject/Feature_WomanInArt.prefab,Reference,SourceData/AssetRipper/Assets/GameObject/Feature_WomanInArt.prefab,c0d89ba8a50b60748ae55bc5ea10f36c
GameObject/GeneralInfoScreen.prefab,Reference,SourceData/AssetRipper/Assets/GameObject/GeneralInfoScreen.prefab,6f2be71e60b717a4f8f013c342be052e
GameObject/GridSlot.prefab,Reference,SourceData/AssetRipper/Assets/GameObject/GridSlot.prefab,f1ec0138f5ad6454da5abc52bb0d7285
GameObject/Home.prefab,Reference,SourceData/AssetRipper/Assets/GameObject/Home.prefab,66c187bcf2904204680197e2a25971ce
GameObject/IAPDebugScreen.prefab,Reference,SourceData/AssetRipper/Assets/GameObject/IAPDebugScreen.prefab,4bc3bf91f05a825429954b2dff2790d7
GameObject/InfoBlock.prefab,Reference,SourceData/AssetRipper/Assets/GameObject/InfoBlock.prefab,ee26b3f7f3679334aac6710d56943cf5
GameObject/IssueListItem.prefab,Reference,SourceData/AssetRipper/Assets/GameObject/IssueListItem.prefab,6b5534e1451bea941813e2894d558009
GameObject/Item.prefab,Reference,SourceData/AssetRipper/Assets/GameObject/Item.prefab,da886aaf3e0ceef468c145cf927c5006
GameObject/Lane.prefab,Reference,SourceData/AssetRipper/Assets/GameObject/Lane.prefab,1c4805dfc624ce549b243c2ad9f23580
GameObject/LaneSlot.prefab,Reference,SourceData/AssetRipper/Assets/GameObject/LaneSlot.prefab,67419d756e3a0f64ea52aaf2498319ff
GameObject/LearnMoreScreen.prefab,Reference,SourceData/AssetRipper/Assets/GameObject/LearnMoreScreen.prefab,02fe72c09f2d6414182254a6790d7752
GameObject/LoadingScreen.prefab,Reference,SourceData/AssetRipper/Assets/GameObject/LoadingScreen.prefab,ad74f092385f07f43b70642aa628d354
GameObject/LogsDebugScreen.prefab,Reference,SourceData/AssetRipper/Assets/GameObject/LogsDebugScreen.prefab,b873beeb3b4e19a45b6a8e2145c5ed84
GameObject/MenuItemButton.prefab,Reference,SourceData/AssetRipper/Assets/GameObject/MenuItemButton.prefab,ce52955a263c67a4386012d1e5e8cde7
GameObject/Obstacle.prefab,Reference,SourceData/AssetRipper/Assets/GameObject/Obstacle.prefab,fb6500fc0b6414949a878e99b027ac75
GameObject/OptionsScreen.prefab,Reference,SourceData/AssetRipper/Assets/GameObject/OptionsScreen.prefab,8621d10d26e75274e867f7f664ee01f0
GameObject/PaintableGridSlot.prefab,Reference,SourceData/AssetRipper/Assets/GameObject/PaintableGridSlot.prefab,1b502227e9e43f04a895d3f545896ac6
GameObject/PaintablePart.prefab,Reference,SourceData/AssetRipper/Assets/GameObject/PaintablePart.prefab,62e9a0dbca455044f89188989d6d3d52
GameObject/PartnersScreen.prefab,Reference,SourceData/AssetRipper/Assets/GameObject/PartnersScreen.prefab,703ef8377ea83624bac85320b01e2567
GameObject/PerformanceDisplay.prefab,Reference,SourceData/AssetRipper/Assets/GameObject/PerformanceDisplay.prefab,027fe1d04e530fc4c8469440c4e321de
GameObject/Pipe.prefab,Reference,SourceData/AssetRipper/Assets/GameObject/Pipe.prefab,88ce3303ab7817348ab3b6e80fe9f234
GameObject/PolygonLight.prefab,Reference,SourceData/AssetRipper/Assets/GameObject/PolygonLight.prefab,e5c629cc0fba13a4387ed6ec64a32afe
GameObject/PopupScreen.prefab,Reference,SourceData/AssetRipper/Assets/GameObject/PopupScreen.prefab,3b2ad3ad09d8f0b429de0d2cc73b9a86
GameObject/popup_gallery_reward_gift.prefab,Reference,SourceData/AssetRipper/Assets/GameObject/popup_gallery_reward_gift.prefab,e2c1514aa83be374b8ac0f097600cff7
GameObject/popup_gallery_reward_single.prefab,Reference,SourceData/AssetRipper/Assets/GameObject/popup_gallery_reward_single.prefab,3537a7850659ae6449820ab6805ae0f3
GameObject/PrivacyCanvas.prefab,Reference,SourceData/AssetRipper/Assets/GameObject/PrivacyCanvas.prefab,92204aa0c03913d4c87fa20eb9934be5
GameObject/PrivacyDebugScreen.prefab,Reference,SourceData/AssetRipper/Assets/GameObject/PrivacyDebugScreen.prefab,4bfbae20c8d4fe44a9f2b4b642f3f227
GameObject/PrivacyPolicyElement.prefab,Reference,SourceData/AssetRipper/Assets/GameObject/PrivacyPolicyElement.prefab,be78185fe46c86041999b3a1c947b8f6
GameObject/PrivacyScreen.prefab,Reference,SourceData/AssetRipper/Assets/GameObject/PrivacyScreen.prefab,504bdca8a44e30b4886cf6180047a62f
GameObject/RadioButton.prefab,Reference,SourceData/AssetRipper/Assets/GameObject/RadioButton.prefab,c7735f5abeaf3594abc0cb63aa532e35
GameObject/RowLabel.prefab,Reference,SourceData/AssetRipper/Assets/GameObject/RowLabel.prefab,d00cc57e5156a5c4faccbc54c3abb8c8
GameObject/SdkListDebugScreen.prefab,Reference,SourceData/AssetRipper/Assets/GameObject/SdkListDebugScreen.prefab,458e6228ee53686488e78870a52ee28e
GameObject/SectionHeader.prefab,Reference,SourceData/AssetRipper/Assets/GameObject/SectionHeader.prefab,cc6b10ce14063604ea465e2dda64831c
GameObject/Separator.prefab,Reference,SourceData/AssetRipper/Assets/GameObject/Separator.prefab,7e4e8711cb4036f459197e4e37bb4742
GameObject/SettingsScreen.prefab,Reference,SourceData/AssetRipper/Assets/GameObject/SettingsScreen.prefab,2b2e571a3081d9d49ad6825cd58de147
GameObject/SpikyFireTrail.prefab,Reference,SourceData/AssetRipper/Assets/GameObject/SpikyFireTrail.prefab,6b294b9051d7df04689c857c1bd55bad
GameObject/StarEffectPrefab.prefab,Reference,SourceData/AssetRipper/Assets/GameObject/StarEffectPrefab.prefab,f0d197cdf6eda6c4589fb856d2b23841
GameObject/Tab.prefab,Reference,SourceData/AssetRipper/Assets/GameObject/Tab.prefab,ca4d6794baa0cec4db45456e9ff6b3b7
GameObject/TextPair.prefab,Reference,SourceData/AssetRipper/Assets/GameObject/TextPair.prefab,0c1bbe8bcc18f8a41a0d28cfe72bc494
GameObject/ToggleButton.prefab,Reference,SourceData/AssetRipper/Assets/GameObject/ToggleButton.prefab,8ef379b37fa49034aadd0c8975a85dd3
GameObject/UiCoin.prefab,Reference,SourceData/AssetRipper/Assets/GameObject/UiCoin.prefab,4cacb2ebb31e7204db7b4aac4592a230
GameObject/view_category.prefab,Reference,SourceData/AssetRipper/Assets/GameObject/view_category.prefab,57d36257aa3668c469e70de95a811e3b
GameObject/view_category_bundle.prefab,Reference,SourceData/AssetRipper/Assets/GameObject/view_category_bundle.prefab,f5175777f2aa22d408d6d2a195e3db8c
GameObject/view_category_grid.prefab,Reference,SourceData/AssetRipper/Assets/GameObject/view_category_grid.prefab,766a6a0039c0e094c9c9fbfe1c0be9a4
GameObject/view_category_grid_coin.prefab,Reference,SourceData/AssetRipper/Assets/GameObject/view_category_grid_coin.prefab,7a28c92c244a579469ac6e1ed2a3af22
GameObject/view_gallery_milestone.prefab,Reference,SourceData/AssetRipper/Assets/GameObject/view_gallery_milestone.prefab,f69fc5c5e144c534bb701e3810b49cbf
GameObject/view_item.prefab,Reference,SourceData/AssetRipper/Assets/GameObject/view_item.prefab,d61fb4ad369093a4ea90c68a13ea249a
GameObject/view_item_bundle.prefab,Reference,SourceData/AssetRipper/Assets/GameObject/view_item_bundle.prefab,2aa90de50f0e8ec40a31fb93296e5484
GameObject/view_item_bundle_noads.prefab,Reference,SourceData/AssetRipper/Assets/GameObject/view_item_bundle_noads.prefab,d75d9ba088b30054da135349aac43877
GameObject/view_item_bundle_simple.prefab,Reference,SourceData/AssetRipper/Assets/GameObject/view_item_bundle_simple.prefab,d5838262e7aec02469b3641202660705
GameObject/view_item_noads.prefab,Reference,SourceData/AssetRipper/Assets/GameObject/view_item_noads.prefab,6ecfbf78886245741b069e8dba64ad81
GameObject/VoodooAppRater.prefab,Reference,SourceData/AssetRipper/Assets/GameObject/VoodooAppRater.prefab,aedea399139564b4b85e614d5e804f85
GameObject/VoodooSettingsDebugScreen.prefab,Reference,SourceData/AssetRipper/Assets/GameObject/VoodooSettingsDebugScreen.prefab,bd38d2bab4063ca41a21dd134ff4b58e
GameObject/VoodooTuneDebugScreen.prefab,Reference,SourceData/AssetRipper/Assets/GameObject/VoodooTuneDebugScreen.prefab,2dfb79d4b61cc8b44848c8c467ec5793
GameObject/VoxelLight.prefab,Reference,SourceData/AssetRipper/Assets/GameObject/VoxelLight.prefab,5d990251b654a9541ae706c9d81c1c89
GameObject/_Feature_GENERIC.prefab,Reference,SourceData/AssetRipper/Assets/GameObject/_Feature_GENERIC.prefab,4acab8794ccf28c4ca614038afa1817d
Material/aura_slam_ADD.mat,Material,Assets/RecoveredOriginal/Material/Material/aura_slam_ADD.mat,a99d011729476714a85cd943f981606e
Material/Background.mat,Material,Assets/RecoveredOriginal/Material/Material/Background.mat,d5636ba409a002847bf7c3c5c9130828
Material/Black.mat,Material,Assets/RecoveredOriginal/Material/Material/Black.mat,159eb6bc9501df34f83b6ec22b3821ab
Material/Blue.mat,Material,Assets/RecoveredOriginal/Material/Material/Blue.mat,101de011c3195a84f80e64b845f33230
Material/Blue_0.mat,Material,Assets/RecoveredOriginal/Material/Material/Blue_0.mat,40e6e06da9e36cd4b9c6f7ae9555c122
Material/Brown.mat,Material,Assets/RecoveredOriginal/Material/Material/Brown.mat,10b56455542a99b458a7069da438f0ad
Material/BulletTrail.mat,Material,Assets/RecoveredOriginal/Material/Material/BulletTrail.mat,0a93d16ca6e78bc4f8b88b99500b36c7
Material/CFX3_SmokePuff ADDSOFT.mat,Material,Assets/RecoveredOriginal/Material/Material/CFX3_SmokePuff ADDSOFT.mat,1bf081c473e735442b068e65f454e26a
Material/CFX3_SmokePuff MULT.mat,Material,Assets/RecoveredOriginal/Material/Material/CFX3_SmokePuff MULT.mat,1a762e956965c41408145b9d582d1ca8
Material/cfxr blood splash dissolve ab.mat,Material,Assets/RecoveredOriginal/Material/Material/cfxr blood splash dissolve ab.mat,cea53eaac11bdbe42bc9d8637a85f862
Material/cfxr proc glow crisp ab.mat,Material,Assets/RecoveredOriginal/Material/Material/cfxr proc glow crisp ab.mat,267c6e4b469955a45b23f5dd886fd975
Material/CgIColor.mat,Material,Assets/RecoveredOriginal/Material/Material/CgIColor.mat,50ec43b77340adb40897169b495dedf2
Material/Character_Black.mat,Material,Assets/RecoveredOriginal/Material/Material/Character_Black.mat,3863af90fc5191145abadca2d2ec4c5c
Material/Character_Black_Outline.mat,Material,Assets/RecoveredOriginal/Material/Material/Character_Black_Outline.mat,82c28e6ece3d6c545ace0d3ca221a8d1
Material/Character_Blue.mat,Material,Assets/RecoveredOriginal/Material/Material/Character_Blue.mat,f5a140efdc0076d4387bbf981a5b3ae8
Material/Character_Blue_Outline.mat,Material,Assets/RecoveredOriginal/Material/Material/Character_Blue_Outline.mat,4770a508194df604f99f07b601506162
Material/Character_Brown.mat,Material,Assets/RecoveredOriginal/Material/Material/Character_Brown.mat,d0f284113f11f1c438b54f79c1151e06
Material/Character_Brown_Outline.mat,Material,Assets/RecoveredOriginal/Material/Material/Character_Brown_Outline.mat,1a1526bf1adab204aa8c2689d0b94cb2
Material/Character_Gray.mat,Material,Assets/RecoveredOriginal/Material/Material/Character_Gray.mat,0433eb69aa855c844aa2160e222404d8
Material/Character_Gray_Outline.mat,Material,Assets/RecoveredOriginal/Material/Material/Character_Gray_Outline.mat,0e11b35283e9db246a9e55a1687ec258
Material/Character_Green.mat,Material,Assets/RecoveredOriginal/Material/Material/Character_Green.mat,72683fbd312fd7d4b94818ae7fe378c4
Material/Character_Green_Outline.mat,Material,Assets/RecoveredOriginal/Material/Material/Character_Green_Outline.mat,b5243e925ce336e489bea61e6a9ef993
Material/Character_Orange.mat,Material,Assets/RecoveredOriginal/Material/Material/Character_Orange.mat,dbfeaf565964e2649b09de08765fd568
Material/Character_Orange_Outline.mat,Material,Assets/RecoveredOriginal/Material/Material/Character_Orange_Outline.mat,aab5147826b876e46835893beef83a28
Material/Character_Outline.mat,Material,Assets/RecoveredOriginal/Material/Material/Character_Outline.mat,4f6c0db2758f8244b88e737a26cb99cb
Material/Character_Pink.mat,Material,Assets/RecoveredOriginal/Material/Material/Character_Pink.mat,d3ab3fe735d3c234dbe2a6fae46c0d81
Material/Character_Pink_Outline.mat,Material,Assets/RecoveredOriginal/Material/Material/Character_Pink_Outline.mat,ddecdbb7629ec8049b26bc49d164c6aa
Material/Character_Purple.mat,Material,Assets/RecoveredOriginal/Material/Material/Character_Purple.mat,15177ece423c36d4fb152f2031598f07
Material/Character_Purple_Outline.mat,Material,Assets/RecoveredOriginal/Material/Material/Character_Purple_Outline.mat,10dadb834ffc00d498b414324572c33a
Material/Character_Red.mat,Material,Assets/RecoveredOriginal/Material/Material/Character_Red.mat,3620871005a3d3c4b8aa1ffa29601eb4
Material/Character_Red_Outline.mat,Material,Assets/RecoveredOriginal/Material/Material/Character_Red_Outline.mat,d0374884c74bdf9478b32268fe7c32f2
Material/Character_Unlocker.mat,Material,Assets/RecoveredOriginal/Material/Material/Character_Unlocker.mat,693a9df3819d8524c8a31ae64ca09bc2
Material/Character_Unlocker_Outline.mat,Material,Assets/RecoveredOriginal/Material/Material/Character_Unlocker_Outline.mat,c8c08c0f28b3a754a980d0ee253a4967
Material/Character_White.mat,Material,Assets/RecoveredOriginal/Material/Material/Character_White.mat,b8b1426e1eed0934dafa04e3930a2e77
Material/Character_White_Outline.mat,Material,Assets/RecoveredOriginal/Material/Material/Character_White_Outline.mat,b891faa0456df2b48ac77fe80cdd5caf
Material/Character_Yellow.mat,Material,Assets/RecoveredOriginal/Material/Material/Character_Yellow.mat,63d9920a4699700449924749d0e45c0f
Material/Character_Yellow_Outline.mat,Material,Assets/RecoveredOriginal/Material/Material/Character_Yellow_Outline.mat,ec10b340780fb304b9ee73b3352925f4
Material/circle_AB.mat,Material,Assets/RecoveredOriginal/Material/Material/circle_AB.mat,c29d5dfc5fe61534f94e3e79dc49a7ff
Material/cloud_2x2_default_AB.mat,Material,Assets/RecoveredOriginal/Material/Material/cloud_2x2_default_AB.mat,ef01304692a9e754ebd944d09f66f642
Material/cloud_2x2_soft_AB 1.mat,Material,Assets/RecoveredOriginal/Material/Material/cloud_2x2_soft_AB 1.mat,a0c8a14237394c44785da859fb493717
Material/cloud_2x2_soft_AB.mat,Material,Assets/RecoveredOriginal/Material/Material/cloud_2x2_soft_AB.mat,8f542fcb9d428ee4eaa350b8e3437b4e
Material/ColorPalette.mat,Material,Assets/RecoveredOriginal/Material/Material/ColorPalette.mat,abc892edfd473b34f8379dfce193e07d
Material/Colors.mat,Material,Assets/RecoveredOriginal/Material/Material/Colors.mat,00216ab6e95b1304f95151405c4298ac
Material/confetti_AB.mat,Material,Assets/RecoveredOriginal/Material/Material/confetti_AB.mat,930c069b72025ad4cad87d31e78c9212
Material/Custom_UI_Grayscale-2.mat,Material,Assets/RecoveredOriginal/Material/Material/Custom_UI_Grayscale-2.mat,8d6effca8baf0ea4185306b55498aa3b
Material/em_text_ah_zz.mat,Material,Assets/RecoveredOriginal/Material/Material/em_text_ah_zz.mat,1091eb559d6ceae44bb2c3619835809b
Material/evil_spirit3_ADD.mat,Material,Assets/RecoveredOriginal/Material/Material/evil_spirit3_ADD.mat,9dadad8b2a08ee14999643732a6da644
Material/Fade.mat,Material,Assets/RecoveredOriginal/Material/Material/Fade.mat,37400b3710d658346a95151d6ca193c8
Material/fire_soft_spiky_ADD.mat,Material,Assets/RecoveredOriginal/Material/Material/fire_soft_spiky_ADD.mat,f5faa44382ecdb74396d67c60992740b
Material/Frame 1.mat,Material,Assets/RecoveredOriginal/Material/Material/Frame 1.mat,4d3d870d726e61c4f8d474a483893bea
Material/Frame.mat,Material,Assets/RecoveredOriginal/Material/Material/Frame.mat,62f3837cd1465144da1c56de60aaf78d
Material/fx_circle_glow04.mat,Material,Assets/RecoveredOriginal/Material/Material/fx_circle_glow04.mat,1ada7238cd64ab342b22cdf40e9b7ca5
Material/fx_circle_line02.mat,Material,Assets/RecoveredOriginal/Material/Material/fx_circle_line02.mat,9c768f0c43ae12440a1675d0255d3c34
Material/fx_light01.mat,Material,Assets/RecoveredOriginal/Material/Material/fx_light01.mat,8176ebfc2e1a4c14dbaad15f8c8ec066
Material/fx_light02_line.mat,Material,Assets/RecoveredOriginal/Material/Material/fx_light02_line.mat,9ad018e584c3e6743b7397c7d3d00fe1
Material/glow1_ADD 1.mat,Material,Assets/RecoveredOriginal/Material/Material/glow1_ADD 1.mat,d488f85b6e8db744695d755b1fcd5967
Material/glow1_ADD.mat,Material,Assets/RecoveredOriginal/Material/Material/glow1_ADD.mat,6b9fd9f207bfaa74eac1b40d4adc2d84
Material/glow1_ADD_0.mat,Material,Assets/RecoveredOriginal/Material/Material/glow1_ADD_0.mat,6025127410265a24dbeabb1ef97a0133
Material/Gray.mat,Material,Assets/RecoveredOriginal/Material/Material/Gray.mat,e68da8a01e804864bbbc6d0206314f26
Material/Gray_0.mat,Material,Assets/RecoveredOriginal/Material/Material/Gray_0.mat,d6f9ebe3ae73d474ba9db10baab4c413
Material/Green.mat,Material,Assets/RecoveredOriginal/Material/Material/Green.mat,b2f16e4b47af00741a76f94e8bd9eb6a
Material/Green_0.mat,Material,Assets/RecoveredOriginal/Material/Material/Green_0.mat,b4374f6eee088d94d9c0e751a9458c2a
Material/Grid.mat,Material,Assets/RecoveredOriginal/Material/Material/Grid.mat,e24fa883c630c654ba538ddbd76acac2
Material/Ground 1.mat,Material,Assets/RecoveredOriginal/Material/Material/Ground 1.mat,46074ce16b5dd1b42b6e0ecceb2a3f91
Material/Ground 1_0.mat,Material,Assets/RecoveredOriginal/Material/Material/Ground 1_0.mat,08704ef6a5c71904392aeedc9b12e5fc
Material/IceCube.mat,Material,Assets/RecoveredOriginal/Material/Material/IceCube.mat,e180ccd207e561e448dc195b438fb6dc
Material/IceCube_0.mat,Material,Assets/RecoveredOriginal/Material/Material/IceCube_0.mat,2ce5cc418700cf3498c887ff2222b711
Material/KeyBoxV2.mat,Material,Assets/RecoveredOriginal/Material/Material/KeyBoxV2.mat,a6fb7d151f6aa5947b8b60cfa44d37d7
Material/lambert2.mat,Material,Assets/RecoveredOriginal/Material/Material/lambert2.mat,4c471b3b89bfa2a48b3b5db9149bd48b
Material/lambert3.mat,Material,Assets/RecoveredOriginal/Material/Material/lambert3.mat,82460ffd838372243901fd3c2ce15b6c
Material/lambert4.mat,Material,Assets/RecoveredOriginal/Material/Material/lambert4.mat,d59c72e2d80344f4783ef0c419770229
Material/lambert5.mat,Material,Assets/RecoveredOriginal/Material/Material/lambert5.mat,b382b1c45a6ed9d4db67762c752ce9ee
Material/LiberationSans SDF Material.mat,Material,Assets/RecoveredOriginal/Material/Material/LiberationSans SDF Material.mat,f44d0de128a2a3d4d9cb61c2578cd858
Material/LiberationSans SDF Material_0.mat,Material,Assets/RecoveredOriginal/Material/Material/LiberationSans SDF Material_0.mat,76e6d30ad2479c442941f687359606c2
Material/lightray2_ADD.mat,Material,Assets/RecoveredOriginal/Material/Material/lightray2_ADD.mat,7677ec45dc8a01340bdc95680cd6becf
Material/LilitaOne-Regular SDF Material.mat,Material,Assets/RecoveredOriginal/Material/Material/LilitaOne-Regular SDF Material.mat,92efa2045b3a1d7489a8031c3810e674
Material/LilitaOne-Regular SDF Material_0.mat,Material,Assets/RecoveredOriginal/Material/Material/LilitaOne-Regular SDF Material_0.mat,5a077ccb9bb38b74b8171699f1d4eb81
Material/LilitaOne-Regular SDF Material_1.mat,Material,Assets/RecoveredOriginal/Material/Material/LilitaOne-Regular SDF Material_1.mat,4204b86389fdea440b9f620db0de7c48
Material/LilitaOne-Regular SDF Material_2.mat,Material,Assets/RecoveredOriginal/Material/Material/LilitaOne-Regular SDF Material_2.mat,fd021d29008390f4bb8c47d07bd53530
Material/LilitaOne-Regular SDF Material_3.mat,Material,Assets/RecoveredOriginal/Material/Material/LilitaOne-Regular SDF Material_3.mat,839339e4684e7ac4797042067c0e3418
Material/LilitaOne-Regular SDF Material_4.mat,Material,Assets/RecoveredOriginal/Material/Material/LilitaOne-Regular SDF Material_4.mat,ba3add04a22914148bc66895ceabf423
Material/LilitaOne-Regular SDF Material_5.mat,Material,Assets/RecoveredOriginal/Material/Material/LilitaOne-Regular SDF Material_5.mat,338f9c7b6a75f8544a94f481af7451e4
Material/LilitaOne-Regular SDF Material_6.mat,Material,Assets/RecoveredOriginal/Material/Material/LilitaOne-Regular SDF Material_6.mat,b296cfa26a4dc124693ac4198eeb90c0
Material/LilitaOne-Regular SDF Material_7.mat,Material,Assets/RecoveredOriginal/Material/Material/LilitaOne-Regular SDF Material_7.mat,3c34f0386512b244a91291ab39e21d1d
Material/LilitaOne-Regular SDF Material_8.mat,Material,Assets/RecoveredOriginal/Material/Material/LilitaOne-Regular SDF Material_8.mat,fadaf7bdcf47e7d439352699984f59b3
Material/LilitaOne-Regular SDF Material_9.mat,Material,Assets/RecoveredOriginal/Material/Material/LilitaOne-Regular SDF Material_9.mat,493bc0bc7f68c0c4c87dac3f19792fe8
Material/Lit.mat,Material,Assets/RecoveredOriginal/Material/Material/Lit.mat,3d0ca243ff3d78749b363f5220aebea5
Material/Lock.mat,Material,Assets/RecoveredOriginal/Material/Material/Lock.mat,a6a005fcec89e46418ee734993ad8f15
Material/magic_line_ADD.mat,Material,Assets/RecoveredOriginal/Material/Material/magic_line_ADD.mat,3ded5f2232196544ba469d3145f62c3b
Material/Orange.mat,Material,Assets/RecoveredOriginal/Material/Material/Orange.mat,3bacb3be6c7e537498081294edcab451
Material/Pink.mat,Material,Assets/RecoveredOriginal/Material/Material/Pink.mat,4735590e633b0db498ad8d378c456e0d
Material/PolyGlow_ADD.mat,Material,Assets/RecoveredOriginal/Material/Material/PolyGlow_ADD.mat,731064c0bcee207448474f66a67bf9b3
Material/PolyLitSurface.mat,Material,Assets/RecoveredOriginal/Material/Material/PolyLitSurface.mat,4483c85e61b2c01479581739ca6e6bb4
Material/PolySolidGlow.mat,Material,Assets/RecoveredOriginal/Material/Material/PolySolidGlow.mat,6ae19ea927629a541abb0d3da826f453
Material/PolySpriteGlow_ADD.mat,Material,Assets/RecoveredOriginal/Material/Material/PolySpriteGlow_ADD.mat,8a4731b16b18e8b449786720f80d95ec
Material/Purple.mat,Material,Assets/RecoveredOriginal/Material/Material/Purple.mat,446fcecfda22ebc4eb00952b9fc4f1f8
Material/Radial_Gradient.mat,Material,Assets/RecoveredOriginal/Material/Material/Radial_Gradient.mat,98fca71771963bd4cbfe50588bbfd576
Material/Red.mat,Material,Assets/RecoveredOriginal/Material/Material/Red.mat,d6f122223a8a1194b9c92143bae03f3a
Material/ring_ADD.mat,Material,Assets/RecoveredOriginal/Material/Material/ring_ADD.mat,024b070f1719d964f9db1f20942bccaa
Material/ring_nofade_ADD.mat,Material,Assets/RecoveredOriginal/Material/Material/ring_nofade_ADD.mat,a1b576b43dd1a4440bcf7b7fce895b4f
Material/snowflake_AB.mat,Material,Assets/RecoveredOriginal/Material/Material/snowflake_AB.mat,4c30345de9e8c4e4183549fbc9af3697
Material/sparkle_ADD.mat,Material,Assets/RecoveredOriginal/Material/Material/sparkle_ADD.mat,f32c59c2e31dd5f419f5115d1cdfefa4
Material/sparkle_ADD_0.mat,Material,Assets/RecoveredOriginal/Material/Material/sparkle_ADD_0.mat,a5464779697d28240a3c8ba73c9843a3
Material/Splash 1.mat,Material,Assets/RecoveredOriginal/Material/Material/Splash 1.mat,448e298fa192c78429c706b85d66c954
Material/standardSurface1.mat,Material,Assets/RecoveredOriginal/Material/Material/standardSurface1.mat,149179bee485f81459553dc90cf5b363
Material/star_ADD.mat,Material,Assets/RecoveredOriginal/Material/Material/star_ADD.mat,f53dc95447cccce45a9326ac53d6c13f
Material/TextMeshPro_Sprite.mat,Material,Assets/RecoveredOriginal/Material/Material/TextMeshPro_Sprite.mat,a1e4ce709328aa34c9510858bd049abe
Material/TextMeshPro_Sprite_0.mat,Material,Assets/RecoveredOriginal/Material/Material/TextMeshPro_Sprite_0.mat,78ad37eb7bf55da4e9def9677051aa86
Material/Texture.mat,Material,Assets/RecoveredOriginal/Material/Material/Texture.mat,003216e4f12a420478b1a233dbeecdda
Material/triangle_soft_ADD.mat,Material,Assets/RecoveredOriginal/Material/Material/triangle_soft_ADD.mat,b97502bb09983ee4fa181a20af7886f4
Material/txt_omg.mat,Material,Assets/RecoveredOriginal/Material/Material/txt_omg.mat,26b1b30a2f313ec4792f19d365d7f4c4
Material/UI-Effect-Shiny.mat,Material,Assets/RecoveredOriginal/Material/Material/UI-Effect-Shiny.mat,4eccad2c990c1d449878c42f53935c3f
Material/UI_StencilClear.mat,Material,Assets/RecoveredOriginal/Material/Material/UI_StencilClear.mat,b41b072d917764340a33f30c038c87a0
Material/UI_StencilVisible.mat,Material,Assets/RecoveredOriginal/Material/Material/UI_StencilVisible.mat,940d77fe0a049dd4c864d41f6ec02947
Material/VoxelAdditiveGlow.mat,Material,Assets/RecoveredOriginal/Material/Material/VoxelAdditiveGlow.mat,a69a65fc191a93f49828e2643d7bf8c4
Material/VoxelEdgeGlowAdditive.mat,Material,Assets/RecoveredOriginal/Material/Material/VoxelEdgeGlowAdditive.mat,7997b0085049b3743bc1d277f20fee9d
Material/VoxelSmoke.mat,Material,Assets/RecoveredOriginal/Material/Material/VoxelSmoke.mat,dadae2beb865d114da2b662e8a12d196
Material/White.mat,Material,Assets/RecoveredOriginal/Material/Material/White.mat,b6cb4e5aec2276e4f9933c82cb69327b
Material/Yellow.mat,Material,Assets/RecoveredOriginal/Material/Material/Yellow.mat,0cffe46f19a0cda42999c40ff6bae79b
Mesh/box.asset,Mesh,Assets/RecoveredOriginal/Mesh/Mesh/box.asset,37acdc348bb784d4b9c025c0157179f5
Mesh/box_number.asset,Mesh,Assets/RecoveredOriginal/Mesh/Mesh/box_number.asset,ef8fa880bc274ed48a9b67fcf9858167
Mesh/box_pieces.001.asset,Mesh,Assets/RecoveredOriginal/Mesh/Mesh/box_pieces.001.asset,7f3e61082ecc49f41b4ff06b46ed2a29
Mesh/box_pieces.002.asset,Mesh,Assets/RecoveredOriginal/Mesh/Mesh/box_pieces.002.asset,eafb9693b2d473848a6e64ac098b7d5a
Mesh/box_pieces.003.asset,Mesh,Assets/RecoveredOriginal/Mesh/Mesh/box_pieces.003.asset,e3d6101ce05a2a84e90ee3dded54ee6a
Mesh/box_pieces.004.asset,Mesh,Assets/RecoveredOriginal/Mesh/Mesh/box_pieces.004.asset,d35070f0310052540a726a7cdd9670fe
Mesh/box_pieces.005.asset,Mesh,Assets/RecoveredOriginal/Mesh/Mesh/box_pieces.005.asset,156d538d635daa34484fe067ecc0c9c7
Mesh/box_pieces.006.asset,Mesh,Assets/RecoveredOriginal/Mesh/Mesh/box_pieces.006.asset,648c072d0307dd34bab1532095605c7a
Mesh/box_pieces.007.asset,Mesh,Assets/RecoveredOriginal/Mesh/Mesh/box_pieces.007.asset,4f9964bebe1f1d948a147fd3e0d15c4a
Mesh/box_pieces.008.asset,Mesh,Assets/RecoveredOriginal/Mesh/Mesh/box_pieces.008.asset,12a76a58e35bdbe4684380a8b010163d
Mesh/box_pieces.009.asset,Mesh,Assets/RecoveredOriginal/Mesh/Mesh/box_pieces.009.asset,c0c156b40bd05ba44a995edf5c3f9a98
Mesh/box_pieces.010.asset,Mesh,Assets/RecoveredOriginal/Mesh/Mesh/box_pieces.010.asset,b53435bbbbf9bdf4783c0fe7c29de501
Mesh/box_pieces.011.asset,Mesh,Assets/RecoveredOriginal/Mesh/Mesh/box_pieces.011.asset,290cf0d935c16644aa560c3171f9e123
Mesh/box_pieces.012.asset,Mesh,Assets/RecoveredOriginal/Mesh/Mesh/box_pieces.012.asset,c9060b0a8d6968e409733d86013226cd
Mesh/box_pieces.013.asset,Mesh,Assets/RecoveredOriginal/Mesh/Mesh/box_pieces.013.asset,b3cb721b9439a9f4fa251a1fb15037b7
Mesh/box_pieces.014.asset,Mesh,Assets/RecoveredOriginal/Mesh/Mesh/box_pieces.014.asset,1d5fb88806499b542a4e0b7c33605197
Mesh/box_pieces.015.asset,Mesh,Assets/RecoveredOriginal/Mesh/Mesh/box_pieces.015.asset,92efe2a81fec7f54f949766fb30e417d
Mesh/box_pieces.016.asset,Mesh,Assets/RecoveredOriginal/Mesh/Mesh/box_pieces.016.asset,00d1a151909a02540a5409e0b162411c
Mesh/box_pieces.017.asset,Mesh,Assets/RecoveredOriginal/Mesh/Mesh/box_pieces.017.asset,50488352567a79448ba7f16ccdde4e52
Mesh/box_pieces.018.asset,Mesh,Assets/RecoveredOriginal/Mesh/Mesh/box_pieces.018.asset,fd2bb619e737183479babc1ad06db45c
Mesh/box_pieces.019.asset,Mesh,Assets/RecoveredOriginal/Mesh/Mesh/box_pieces.019.asset,d4b5d36275131794e9b9d7cd5c45fd3d
Mesh/box_pieces.020.asset,Mesh,Assets/RecoveredOriginal/Mesh/Mesh/box_pieces.020.asset,f660073217f2b7f43a9473fd05533988
Mesh/box_pieces.021.asset,Mesh,Assets/RecoveredOriginal/Mesh/Mesh/box_pieces.021.asset,2775d49c4ac7f7f438a5a4e42d3aa914
Mesh/box_pieces.022.asset,Mesh,Assets/RecoveredOriginal/Mesh/Mesh/box_pieces.022.asset,9dbe99e97cc82b34e99b4b6b3f06bf26
Mesh/box_pieces.023.asset,Mesh,Assets/RecoveredOriginal/Mesh/Mesh/box_pieces.023.asset,ee2739ce310e582479b03221da58c6aa
Mesh/box_pieces.024.asset,Mesh,Assets/RecoveredOriginal/Mesh/Mesh/box_pieces.024.asset,0b5498af95e38394c953f428177acf9f
Mesh/box_pieces.025.asset,Mesh,Assets/RecoveredOriginal/Mesh/Mesh/box_pieces.025.asset,cb8275a5ddd47a0478499e03e4d264a0
Mesh/box_pieces.026.asset,Mesh,Assets/RecoveredOriginal/Mesh/Mesh/box_pieces.026.asset,0b36b17df18e33d4b83ed77a6fc1f2fa
Mesh/box_pieces.027.asset,Mesh,Assets/RecoveredOriginal/Mesh/Mesh/box_pieces.027.asset,a8ee84a9de317f84088fe26a9d4e6d52
Mesh/cfxr blood splash mesh.asset,Mesh,Assets/RecoveredOriginal/Mesh/Mesh/cfxr blood splash mesh.asset,18dfb6d7026880c468b847a406604df8
Mesh/character.asset,Existing Mesh,Assets/Resources/Original/character.asset,1b558f94409df8349a8c4daa9ff58540
Mesh/character_0.asset,Mesh,Assets/RecoveredOriginal/Mesh/Mesh/character_0.asset,3ca0e8922b25c354d8054f9c28f2c555
Mesh/character_grid.asset,Mesh,Assets/RecoveredOriginal/Mesh/Mesh/character_grid.asset,6eab60540b86eaf418df2899ebdfc02b
Mesh/Cube.asset,Mesh,Assets/RecoveredOriginal/Mesh/Mesh/Cube.asset,287319c4a48756749ac68cc175e3c576
Mesh/Cube1.asset,Mesh,Assets/RecoveredOriginal/Mesh/Mesh/Cube1.asset,57244765d38f4c644adba9338b515312
Mesh/Cube2.asset,Mesh,Assets/RecoveredOriginal/Mesh/Mesh/Cube2.asset,5a6f928dac38ec2408ec7049ce497274
Mesh/Cube3.asset,Mesh,Assets/RecoveredOriginal/Mesh/Mesh/Cube3.asset,7d02a12fb7f96054f9a0fd90c19fd02c
Mesh/Cube4.asset,Mesh,Assets/RecoveredOriginal/Mesh/Mesh/Cube4.asset,94175a9c02305d2428cb610accf2b751
Mesh/Cube_0.asset,Mesh,Assets/RecoveredOriginal/Mesh/Mesh/Cube_0.asset,b9a5f3e76ba64024f9764a15042f92e3
Mesh/Cylinder001.asset,Mesh,Assets/RecoveredOriginal/Mesh/Mesh/Cylinder001.asset,5a84882b5052c0042b3a2714f964dccb
Mesh/Frame.asset,Mesh,Assets/RecoveredOriginal/Mesh/Mesh/Frame.asset,bce3fc16230b0e84fa5608ce09609076
Mesh/Grid.asset,Mesh,Assets/RecoveredOriginal/Mesh/Mesh/Grid.asset,e92d048c9b737d14aa16bf11f32982ec
Mesh/Ice_Cube.asset,Mesh,Assets/RecoveredOriginal/Mesh/Mesh/Ice_Cube.asset,58697b827f55c564995304d6c76a3861
Mesh/Key.asset,Mesh,Assets/RecoveredOriginal/Mesh/Mesh/Key.asset,aa2a563d8d5a40e419162046db7be96a
Mesh/KeymanV2.asset,Mesh,Assets/RecoveredOriginal/Mesh/Mesh/KeymanV2.asset,2973ce5c69a3e284fa21acdfaddf43ca
Mesh/Lock.asset,Mesh,Assets/RecoveredOriginal/Mesh/Mesh/Lock.asset,4c8b917dbcba60041b06490d5a81c497
Mesh/MergeLeft.asset,Mesh,Assets/RecoveredOriginal/Mesh/Mesh/MergeLeft.asset,b5861a1ce1633eb4da78e5fb6a541767
Mesh/NurbsPath.asset,Mesh,Assets/RecoveredOriginal/Mesh/Mesh/NurbsPath.asset,b8feeee855880264f98866ecf50426f3
Mesh/pCube3.asset,Mesh,Assets/RecoveredOriginal/Mesh/Mesh/pCube3.asset,3f0c9de96f2756b41bdcfc855e9046be
Mesh/Plate.asset,Mesh,Assets/RecoveredOriginal/Mesh/Mesh/Plate.asset,46e1f99d72e088d42a2bad014cd70ddf
Mesh/PolyDiamond.asset,Mesh,Assets/RecoveredOriginal/Mesh/Mesh/PolyDiamond.asset,a53e64626ac0e7441a0ce2d74e5b4607
Mesh/PolySphereMega.asset,Mesh,Assets/RecoveredOriginal/Mesh/Mesh/PolySphereMega.asset,07737b5f1718d78478e7f6035cc7dc49
Mesh/PolySphereSmall.asset,Mesh,Assets/RecoveredOriginal/Mesh/Mesh/PolySphereSmall.asset,0670c72f5b384834796948a51d35af8e
Mesh/RoundedCube.asset,Mesh,Assets/RecoveredOriginal/Mesh/Mesh/RoundedCube.asset,dc11e475849fe1c47a27e687116a2193
Mesh/Side.asset,Mesh,Assets/RecoveredOriginal/Mesh/Mesh/Side.asset,294259282e2adc14fa7d0a3ff8751862
MonoBehaviour/ColorDataSO.asset,Reference,SourceData/AssetRipper/Assets/MonoBehaviour/ColorDataSO.asset,a6788c34ecb87f14e8dd510884b0dd45
MonoBehaviour/DailyQuestSpriteDatabase.asset,Reference,SourceData/AssetRipper/Assets/MonoBehaviour/DailyQuestSpriteDatabase.asset,479a2f34e6c7d1047a8f10ae66548f1b
MonoBehaviour/DebuggerCanvas.asset,Reference,SourceData/AssetRipper/Assets/MonoBehaviour/DebuggerCanvas.asset,5bb495629917e364aa5d0d7bddf4ef07
MonoBehaviour/Default.asset,Reference,SourceData/AssetRipper/Assets/MonoBehaviour/Default.asset,6fe7e6249508ec7488664110628ac4ee
MonoBehaviour/DefaultConsoleAltRow.asset,Reference,SourceData/AssetRipper/Assets/MonoBehaviour/DefaultConsoleAltRow.asset,f4dd33f47a5aed94f95beddbef57b19d
MonoBehaviour/DefaultConsoleSelectedRow.asset,Reference,SourceData/AssetRipper/Assets/MonoBehaviour/DefaultConsoleSelectedRow.asset,29c473dccacbd8b4ca72c6cf713311e8
MonoBehaviour/DefaultLandscapePadding.asset,Reference,SourceData/AssetRipper/Assets/MonoBehaviour/DefaultLandscapePadding.asset,5596e0d833cda0a49a8139af43d054b2
MonoBehaviour/DefaultTabActive.asset,Reference,SourceData/AssetRipper/Assets/MonoBehaviour/DefaultTabActive.asset,70ad63d0b7ceb9e4b8dff4aeeb44fd29
MonoBehaviour/EasyHardLevelConfig.asset,Reference,SourceData/AssetRipper/Assets/MonoBehaviour/EasyHardLevelConfig.asset,95b1b53517c252549a7ee82bf9c0901d
MonoBehaviour/FeatureConfig.asset,Reference,SourceData/AssetRipper/Assets/MonoBehaviour/FeatureConfig.asset,a930e810a99f8bf43a451a73a2ec990c
MonoBehaviour/FeatureConfig_Test.asset,Reference,SourceData/AssetRipper/Assets/MonoBehaviour/FeatureConfig_Test.asset,8e0d56a81b41ad144b874c1d81d80b9f
MonoBehaviour/icon-coin.asset,Reference,SourceData/AssetRipper/Assets/MonoBehaviour/icon-coin.asset,2348b2bf9be385f439652a17022d0bbb
MonoBehaviour/LevelData.asset,Reference,SourceData/AssetRipper/Assets/MonoBehaviour/LevelData.asset,ad5c685be3761d6498db123ce31eb000
MonoBehaviour/LiberationSans SDF - VS - Fallback.asset,Reference,SourceData/AssetRipper/Assets/MonoBehaviour/LiberationSans SDF - VS - Fallback.asset,f43e67e990a17a94288fee83faf5d3ae
MonoBehaviour/LiberationSans SDF - VS.asset,Reference,SourceData/AssetRipper/Assets/MonoBehaviour/LiberationSans SDF - VS.asset,ac353bb7090c995449133d0b5b3b350d
MonoBehaviour/LilitaOne-Regular SDF_WithOutline 1.asset,Reference,SourceData/AssetRipper/Assets/MonoBehaviour/LilitaOne-Regular SDF_WithOutline 1.asset,8f98acbc7225f63469681b08efb9085a
MonoBehaviour/LilitaOne-Regular SDF_WithOutline 2.asset,Reference,SourceData/AssetRipper/Assets/MonoBehaviour/LilitaOne-Regular SDF_WithOutline 2.asset,331815805ac698b4d87b13b33cd4eb83
MonoBehaviour/LilitaOne-Regular SDF_WithOutline 3.asset,Reference,SourceData/AssetRipper/Assets/MonoBehaviour/LilitaOne-Regular SDF_WithOutline 3.asset,bb88abae89fc28d459e60f41a57abcf5
MonoBehaviour/LilitaOne-Regular SDF_WithOutline 4.asset,Reference,SourceData/AssetRipper/Assets/MonoBehaviour/LilitaOne-Regular SDF_WithOutline 4.asset,a76c79405a5b5894287562955af0d623
MonoBehaviour/LilitaOne-Regular SDF_WithOutline 5.asset,Reference,SourceData/AssetRipper/Assets/MonoBehaviour/LilitaOne-Regular SDF_WithOutline 5.asset,ec0fb4339b598f7419b96f6887246c09
MonoBehaviour/LilitaOne-Regular SDF_WithOutline 6.asset,Reference,SourceData/AssetRipper/Assets/MonoBehaviour/LilitaOne-Regular SDF_WithOutline 6.asset,3df27067d3f08eb45a69f5dc22e162a7
MonoBehaviour/LilitaOne-Regular SDF_WithOutline 8.asset,Reference,SourceData/AssetRipper/Assets/MonoBehaviour/LilitaOne-Regular SDF_WithOutline 8.asset,e628eaae9bba6274c8eaea67f8ae823f
MonoBehaviour/LilitaOne-Regular SDF_WithOutline.asset,Reference,SourceData/AssetRipper/Assets/MonoBehaviour/LilitaOne-Regular SDF_WithOutline.asset,12813330c801459448d854025c68f35c
MonoBehaviour/LilitaOne-Regular SDF_WithoutOutline 2.asset,Reference,SourceData/AssetRipper/Assets/MonoBehaviour/LilitaOne-Regular SDF_WithoutOutline 2.asset,ecfbabca899835e49b509387eb45deed
MonoBehaviour/LilitaOne-Regular SDF_WithoutOutline.asset,Reference,SourceData/AssetRipper/Assets/MonoBehaviour/LilitaOne-Regular SDF_WithoutOutline.asset,7cc9525d948572d4685db40df0f06bf0
MonoBehaviour/LilitaTuTorial.asset,Reference,SourceData/AssetRipper/Assets/MonoBehaviour/LilitaTuTorial.asset,b3fe79133448b7a43bb9427689939e52
MonoBehaviour/New Universal Render Pipeline Asset.asset,Reference,SourceData/AssetRipper/Assets/MonoBehaviour/New Universal Render Pipeline Asset.asset,720eebd36d1d0c647af924272a1afc33
MonoBehaviour/New Universal Render Pipeline Asset_Renderer.asset,Reference,SourceData/AssetRipper/Assets/MonoBehaviour/New Universal Render Pipeline Asset_Renderer.asset,92776321959276a448a4dae6e2356ac8
MonoBehaviour/NewBoosterConfig.asset,Reference,SourceData/AssetRipper/Assets/MonoBehaviour/NewBoosterConfig.asset,90e1201ccf2835e4f927ec0865f18356
MonoBehaviour/NewFeatureConfig.asset,Reference,SourceData/AssetRipper/Assets/MonoBehaviour/NewFeatureConfig.asset,847b6e62181427d48a4d63f9e1749011
MonoBehaviour/NewFeatureConfigTEST.asset,Reference,SourceData/AssetRipper/Assets/MonoBehaviour/NewFeatureConfigTEST.asset,ade75fd0eccdaa94c88bbb9589f86622
MonoBehaviour/PostProcessData.asset,Reference,SourceData/AssetRipper/Assets/MonoBehaviour/PostProcessData.asset,3fd093ed4b5754a4281ccd503f15d898
MonoBehaviour/RenderObjects.asset,Reference,SourceData/AssetRipper/Assets/MonoBehaviour/RenderObjects.asset,b1c17f8be702c5c45a514a6895a6943d
MonoBehaviour/SandQuestBotIconDatabase.asset,Reference,SourceData/AssetRipper/Assets/MonoBehaviour/SandQuestBotIconDatabase.asset,508369355c2f3944dae217e7d62bbaec
MonoBehaviour/UIEffectProjectSettings.asset,Reference,SourceData/AssetRipper/Assets/MonoBehaviour/UIEffectProjectSettings.asset,352d9b81b06b83d47b2d3a3700d1f6a5
MonoBehaviour/UniversalRenderPipelineGlobalSettings.asset,Reference,SourceData/AssetRipper/Assets/MonoBehaviour/UniversalRenderPipelineGlobalSettings.asset,418f047da77ead040b793e8c060d8b43
MonoBehaviour/XRSystemData.asset,Reference,SourceData/AssetRipper/Assets/MonoBehaviour/XRSystemData.asset,b23479d8db412e642bbbea7bf7ee6cff
Plugins/AdjustSdk.Scripts.dll,Reference,SourceData/AssetRipper/Assets/Plugins/AdjustSdk.Scripts.dll,578bd832cbd51c4d68f53a9c526bdc71
Plugins/AllIn1SpriteShaderAssembly.dll,Reference,SourceData/AssetRipper/Assets/Plugins/AllIn1SpriteShaderAssembly.dll,2183220b115a31f952f0e070568d769a
Plugins/Amazon.Scripts.dll,Reference,SourceData/AssetRipper/Assets/Plugins/Amazon.Scripts.dll,eb2e771c007451940e49193eae33536f
Plugins/AudioMobAndroid.dll,Reference,SourceData/AssetRipper/Assets/Plugins/AudioMobAndroid.dll,05af08f628f1a5ac1d964635c3ecdf59
Plugins/AudioMobGame.dll,Reference,SourceData/AssetRipper/Assets/Plugins/AudioMobGame.dll,4d4a8f48731294963bdbfa9c85d8224e
Plugins/Blackboard.dll,Reference,SourceData/AssetRipper/Assets/Plugins/Blackboard.dll,d21b4f2e4174810d3d33ec4d482d3f8a
Plugins/CandyCoded.HapticFeedback.Android.dll,Reference,SourceData/AssetRipper/Assets/Plugins/CandyCoded.HapticFeedback.Android.dll,019b6f6cce4145c7b41bc7fda12a45d4
Plugins/CandyCoded.HapticFeedback.dll,Reference,SourceData/AssetRipper/Assets/Plugins/CandyCoded.HapticFeedback.dll,53b03bf65fbae8dafcf9a26f312ad4b9
Plugins/CFXRDemo.dll,Reference,SourceData/AssetRipper/Assets/Plugins/CFXRDemo.dll,1c787b62c200ceff664bb71ff0c9c603
Plugins/CFXRRuntime.dll,Reference,SourceData/AssetRipper/Assets/Plugins/CFXRRuntime.dll,1016f685475b116f310b3e199655cc40
Plugins/Cinemachine.dll,Reference,SourceData/AssetRipper/Assets/Plugins/Cinemachine.dll,248a19188c2dffaa949fefc5fd6f973a
Plugins/Coffee.UIEffect.dll,Reference,SourceData/AssetRipper/Assets/Plugins/Coffee.UIEffect.dll,98a82bd4b0fb4b2c6a8ccc8b6a1ecbda
Plugins/Coffee.UIEffect.R.dll,Reference,SourceData/AssetRipper/Assets/Plugins/Coffee.UIEffect.R.dll,d8fcf5c700bbf9fdf681442c31087b15
Plugins/CW.Common.dll,Reference,SourceData/AssetRipper/Assets/Plugins/CW.Common.dll,677066c7aba10aa8ffedc2045d6bfa5e
Plugins/DOTween.dll,Reference,SourceData/AssetRipper/Assets/Plugins/DOTween.dll,9684ab7ac98f2cc8be57bb5146ddf8ea
Plugins/DOTween.Modules.dll,Reference,SourceData/AssetRipper/Assets/Plugins/DOTween.Modules.dll,97e035c2db9ce68e888ebabc7c99b8bb
Plugins/DOTweenPro.dll,Reference,SourceData/AssetRipper/Assets/Plugins/DOTweenPro.dll,3e817a90707b50fdbf95c2eaaff9a34c
Plugins/DOTweenPro.Scripts.dll,Reference,SourceData/AssetRipper/Assets/Plugins/DOTweenPro.Scripts.dll,3c844f1003fe7bd7f29654741863f92b
Plugins/Firebase.Analytics.dll,Reference,SourceData/AssetRipper/Assets/Plugins/Firebase.Analytics.dll,d1c18762fc9f6924c3953b162beafabf
Plugins/Firebase.App.dll,Reference,SourceData/AssetRipper/Assets/Plugins/Firebase.App.dll,9b84297b4ce01b663d636c3a8d3726f9
Plugins/Firebase.Crashlytics.dll,Reference,SourceData/AssetRipper/Assets/Plugins/Firebase.Crashlytics.dll,f4658e5afc46798b27414d3d2409cf8e
Plugins/Firebase.Messaging.dll,Reference,SourceData/AssetRipper/Assets/Plugins/Firebase.Messaging.dll,7d2843815a6b9723a4e5ec77d4628ff3
Plugins/Firebase.Platform.dll,Reference,SourceData/AssetRipper/Assets/Plugins/Firebase.Platform.dll,86590bb8044180b53e7eebb4cff36fbd
Plugins/Firebase.TaskExtension.dll,Reference,SourceData/AssetRipper/Assets/Plugins/Firebase.TaskExtension.dll,db227769b2585e201c7a738f30d5fa9b
Plugins/GameAnalyticsBridge.dll,Reference,SourceData/AssetRipper/Assets/Plugins/GameAnalyticsBridge.dll,ded472c3cd458767dcb83c2faa517333
Plugins/GameAnalyticsSDK.dll,Reference,SourceData/AssetRipper/Assets/Plugins/GameAnalyticsSDK.dll,32a057c9396a532c21dc5acda7f61ce2
Plugins/IAPAnalytics.dll,Reference,SourceData/AssetRipper/Assets/Plugins/IAPAnalytics.dll,3d5f304131c290dca177d4d364fe726f
Plugins/IAPCrashReporter.dll,Reference,SourceData/AssetRipper/Assets/Plugins/IAPCrashReporter.dll,bc055a8a06c043514b3637fba4bcd135
Plugins/KinoBloom.Runtime.dll,Reference,SourceData/AssetRipper/Assets/Plugins/KinoBloom.Runtime.dll,b486a76a147e7d6b4f866c50a102d8ae
Plugins/LeanCommon.dll,Reference,SourceData/AssetRipper/Assets/Plugins/LeanCommon.dll,a8b3f0f892d61af14175ba898bb34869
Plugins/LeanPool.dll,Reference,SourceData/AssetRipper/Assets/Plugins/LeanPool.dll,eb2226a30b08ebdf83999ea96c805155
Plugins/MaxSdk.Scripts.dll,Reference,SourceData/AssetRipper/Assets/Plugins/MaxSdk.Scripts.dll,174ca8eeab47ef03fa6ac73703207453
Plugins/NaughtyAttributes.Core.dll,Reference,SourceData/AssetRipper/Assets/Plugins/NaughtyAttributes.Core.dll,45f0e5a66e4ad5e854444e3a28b7af9d
Plugins/NaughtyAttributes.Test.dll,Reference,SourceData/AssetRipper/Assets/Plugins/NaughtyAttributes.Test.dll,4730790dfa71b7559594cae9d171563d
Plugins/Newtonsoft.Json.dll,Reference,SourceData/AssetRipper/Assets/Plugins/Newtonsoft.Json.dll,e63744a55a356f07c2753641296e1f92
Plugins/Purchasing.Common.dll,Reference,SourceData/AssetRipper/Assets/Plugins/Purchasing.Common.dll,871224007a7d32a6a33a6bb26cfa95be
Plugins/StompyRobot.SRDebugger.dll,Reference,SourceData/AssetRipper/Assets/Plugins/StompyRobot.SRDebugger.dll,02be243e0ba7d7d3ffab020eca78469d
Plugins/StompyRobot.SRF.dll,Reference,SourceData/AssetRipper/Assets/Plugins/StompyRobot.SRF.dll,5ad997fd1c90b50280b4ae4980c27e5f
Plugins/System.Runtime.CompilerServices.Unsafe.dll,Reference,SourceData/AssetRipper/Assets/Plugins/System.Runtime.CompilerServices.Unsafe.dll,8f5abbffcf2903ce2a87297afbb7b1fc
Plugins/ToonyColorsPro.Runtime.dll,Reference,SourceData/AssetRipper/Assets/Plugins/ToonyColorsPro.Runtime.dll,204b408ce347c759f8bf599eb1711490
Plugins/ToonyColorsPro2.Demo.dll,Reference,SourceData/AssetRipper/Assets/Plugins/ToonyColorsPro2.Demo.dll,91ce739d23f599545da021f6f1f0f4d5
Plugins/Unity.Addressables.dll,Reference,SourceData/AssetRipper/Assets/Plugins/Unity.Addressables.dll,2f0ac8a74317369c34d2cf8cd7a87ad3
Plugins/Unity.Burst.dll,Reference,SourceData/AssetRipper/Assets/Plugins/Unity.Burst.dll,f9e6ab31de7e28f8ee6d8bccbf68c30b
Plugins/Unity.Mathematics.dll,Reference,SourceData/AssetRipper/Assets/Plugins/Unity.Mathematics.dll,602fd9348eb91a11ff8b03dba11afd47
Plugins/Unity.RenderPipeline.Universal.ShaderLibrary.dll,Reference,SourceData/AssetRipper/Assets/Plugins/Unity.RenderPipeline.Universal.ShaderLibrary.dll,63b56368cfda4a6094baf9123f30bd22
Plugins/Unity.RenderPipelines.Core.Runtime.dll,Reference,SourceData/AssetRipper/Assets/Plugins/Unity.RenderPipelines.Core.Runtime.dll,57c9a3e5193e26c4b968cc86e528416d
Plugins/Unity.RenderPipelines.Universal.Runtime.dll,Reference,SourceData/AssetRipper/Assets/Plugins/Unity.RenderPipelines.Universal.Runtime.dll,c88ab7b37c4f350242674d2efd621c19
Plugins/Unity.ResourceManager.dll,Reference,SourceData/AssetRipper/Assets/Plugins/Unity.ResourceManager.dll,8c4cbb421ce28a8fffaeb3d5ca7d6e29
Plugins/Unity.Services.Core.Configuration.dll,Reference,SourceData/AssetRipper/Assets/Plugins/Unity.Services.Core.Configuration.dll,0fda931b190031279bdc1afb693740b8
Plugins/Unity.Services.Core.Device.dll,Reference,SourceData/AssetRipper/Assets/Plugins/Unity.Services.Core.Device.dll,ad0e8a24f8035c808192774fa3132b33
Plugins/Unity.Services.Core.dll,Reference,SourceData/AssetRipper/Assets/Plugins/Unity.Services.Core.dll,99177e2aae110c930088a702b90f889d
Plugins/Unity.Services.Core.Environments.dll,Reference,SourceData/AssetRipper/Assets/Plugins/Unity.Services.Core.Environments.dll,58c3d451edd0704f75011c4343c7be3a
Plugins/Unity.Services.Core.Environments.Internal.dll,Reference,SourceData/AssetRipper/Assets/Plugins/Unity.Services.Core.Environments.Internal.dll,ebcf87f0f33ec9179096aedfc187fdee
Plugins/Unity.Services.Core.Internal.dll,Reference,SourceData/AssetRipper/Assets/Plugins/Unity.Services.Core.Internal.dll,108a5e57b6a683d50c8a5d516ec60e24
Plugins/Unity.Services.Core.Registration.dll,Reference,SourceData/AssetRipper/Assets/Plugins/Unity.Services.Core.Registration.dll,0ba77da5ee06ad251e692077a7dbb29d
Plugins/Unity.Services.Core.Scheduler.dll,Reference,SourceData/AssetRipper/Assets/Plugins/Unity.Services.Core.Scheduler.dll,12a360dc79f5722fdd9b32fb1dc01b52
Plugins/Unity.Services.Core.Telemetry.dll,Reference,SourceData/AssetRipper/Assets/Plugins/Unity.Services.Core.Telemetry.dll,f5fa08243f237fc4441829177bf9cfee
Plugins/Unity.Services.Core.Threading.dll,Reference,SourceData/AssetRipper/Assets/Plugins/Unity.Services.Core.Threading.dll,54477369125ded002d28f9aa32982ca7
Plugins/Unity.TextMeshPro.dll,Reference,SourceData/AssetRipper/Assets/Plugins/Unity.TextMeshPro.dll,67dfb1fdfb2b407222eda8e23ac8b724
Plugins/Unity.Timeline.dll,Reference,SourceData/AssetRipper/Assets/Plugins/Unity.Timeline.dll,1f79187d04fa6fdd168e19d4bafe7dfa
Plugins/Unity.VisualScripting.Core.dll,Reference,SourceData/AssetRipper/Assets/Plugins/Unity.VisualScripting.Core.dll,647b9a97cc0dcdc04e735344a7d7d8b3
Plugins/UnityEngine.Purchasing.AppleCore.dll,Reference,SourceData/AssetRipper/Assets/Plugins/UnityEngine.Purchasing.AppleCore.dll,e5464cf1dc0f111f41c35af116dc00d0
Plugins/UnityEngine.Purchasing.AppleMacosStub.dll,Reference,SourceData/AssetRipper/Assets/Plugins/UnityEngine.Purchasing.AppleMacosStub.dll,956df0b22c177009a3265ebdf97ac0dd
Plugins/UnityEngine.Purchasing.AppleStub.dll,Reference,SourceData/AssetRipper/Assets/Plugins/UnityEngine.Purchasing.AppleStub.dll,a3957fc215b5eea79db7699d4eb884a3
Plugins/UnityEngine.Purchasing.dll,Reference,SourceData/AssetRipper/Assets/Plugins/UnityEngine.Purchasing.dll,e54833203dacacdf0bab5f453171a1cb
Plugins/UnityEngine.Purchasing.Security.dll,Reference,SourceData/AssetRipper/Assets/Plugins/UnityEngine.Purchasing.Security.dll,40731835ebe50d8f973c9b7f4863d08d
Plugins/UnityEngine.Purchasing.SecurityCore.dll,Reference,SourceData/AssetRipper/Assets/Plugins/UnityEngine.Purchasing.SecurityCore.dll,dc57921cb5e419e32dbdd6bf7434b4f9
Plugins/UnityEngine.Purchasing.Stores.dll,Reference,SourceData/AssetRipper/Assets/Plugins/UnityEngine.Purchasing.Stores.dll,f9d1fc021397c22519fc637f0c1f69b9
Plugins/UnityEngine.Purchasing.WinRTCore.dll,Reference,SourceData/AssetRipper/Assets/Plugins/UnityEngine.Purchasing.WinRTCore.dll,6d49e83426f30901eead94568d507e41
Plugins/UnityEngine.Purchasing.WinRTStub.dll,Reference,SourceData/AssetRipper/Assets/Plugins/UnityEngine.Purchasing.WinRTStub.dll,ab151bda8ba95d8d07f664e8e7f61617
Plugins/UnityEngine.UI.dll,Reference,SourceData/AssetRipper/Assets/Plugins/UnityEngine.UI.dll,d3e719b59ab71ba3f6b398058c866280
Plugins/Voodoo.IAP.dll,Reference,SourceData/AssetRipper/Assets/Plugins/Voodoo.IAP.dll,5533087e61cd035854f4828e2e6112dd
Plugins/Voodoo.IAP.Samples.dll,Reference,SourceData/AssetRipper/Assets/Plugins/Voodoo.IAP.Samples.dll,d47889351387fdfaec9cb99346f97bca
Plugins/Voodoo.Sdk.Core.dll,Reference,SourceData/AssetRipper/Assets/Plugins/Voodoo.Sdk.Core.dll,76fd2798c058478655e514a9650db8ea
Plugins/VoodooTuneSDK.dll,Reference,SourceData/AssetRipper/Assets/Plugins/VoodooTuneSDK.dll,ba204bc662aba98b843c3ead30cc8695
Plugins/__Generated.dll,Reference,SourceData/AssetRipper/Assets/Plugins/__Generated.dll,cc7e543252cb63203527c9e973a2c818
RenderTexture/character_walk.renderTexture,Reference,SourceData/AssetRipper/Assets/RenderTexture/character_walk.renderTexture,519fb7b8f19a35243a1bbea344bdcb77
Resources/AdjustSettings.asset,Reference,SourceData/AssetRipper/Assets/Resources/AdjustSettings.asset,22021e6561e053f4988d8bd0ef01e934
Resources/allin1spriteshader.shader,Reference,SourceData/AssetRipper/Assets/Resources/allin1spriteshader.shader,7b80a83000a13df4f96e5a6f12669b3f
Resources/allin1spriteshaderscaledtime.shader,Reference,SourceData/AssetRipper/Assets/Resources/allin1spriteshaderscaledtime.shader,7a6848e136fad774ba0599b7c9b15c84
Resources/allin1spriteshaderuimask.shader,Reference,SourceData/AssetRipper/Assets/Resources/allin1spriteshaderuimask.shader,0cecac6d97cebef4389439a553931504
Resources/am-resources.txt,Reference,SourceData/AssetRipper/Assets/Resources/am-resources.txt,cffad83494bb9fb43ae368b7fa06b50a
Resources/AppHarbrSettings.asset,Reference,SourceData/AssetRipper/Assets/Resources/AppHarbrSettings.asset,be6f176e21f302d45bb9b501e6af606e
Resources/AppLovinSettings.asset,Reference,SourceData/AssetRipper/Assets/Resources/AppLovinSettings.asset,831c4fc022a72174189324205e2bab91
Resources/AudioMobPrefab.prefab,Reference,SourceData/AssetRipper/Assets/Resources/AudioMobPrefab.prefab,dcdcceb5765509345a5e3a73dedd1f71
Resources/BackupAdsSettings.asset,Reference,SourceData/AssetRipper/Assets/Resources/BackupAdsSettings.asset,b9ec4bb7d8dd583409a77b1a4520ee37
Resources/BillingMode.json,Data,Assets/RecoveredOriginal/Data/SourceResources/BillingMode.json,e81a591ad7e29614d9e3ee6032b3dc5f
Resources/DebugUICanvas.prefab,Reference,SourceData/AssetRipper/Assets/Resources/DebugUICanvas.prefab,2cfa949f3eff9d64c926b9988d521a22
Resources/DebugUIPersistentCanvas.prefab,Reference,SourceData/AssetRipper/Assets/Resources/DebugUIPersistentCanvas.prefab,e1a4b969ba4eb244f8dfedafb59054ec
Resources/Default_LevelOrderConfig.json,Data,Assets/RecoveredOriginal/Data/SourceResources/Default_LevelOrderConfig.json,06701538d47d67b48a38abfc014edbdc
Resources/Default_LevelOrderConfig_TEST_AB.json,Data,Assets/RecoveredOriginal/Data/SourceResources/Default_LevelOrderConfig_TEST_AB.json,431b3d988c45a9b408f7bc13e8ab6052
Resources/Default_RemoteDailyQuestConfig.json,Data,Assets/RecoveredOriginal/Data/SourceResources/Default_RemoteDailyQuestConfig.json,685850aa440d34849bb677790370f431
Resources/Default_RemoteLevelPool.asset,Reference,SourceData/AssetRipper/Assets/Resources/Default_RemoteLevelPool.asset,f26292871224d6e4aaccaa5f8651fb73
Resources/DOTweenSettings.asset,Reference,SourceData/AssetRipper/Assets/Resources/DOTweenSettings.asset,20f4aba95d0585b419dc75d12e072a1d
Resources/FT_Version.asset,Reference,SourceData/AssetRipper/Assets/Resources/FT_Version.asset,2e734c070a33c42459e76e450195e734
Resources/LineBreaking Following Characters.txt,Reference,SourceData/AssetRipper/Assets/Resources/LineBreaking Following Characters.txt,2f28a2a3591733c4f968a6234137dd83
Resources/LineBreaking Leading Characters.txt,Reference,SourceData/AssetRipper/Assets/Resources/LineBreaking Leading Characters.txt,ade1fa0ca7d98824f8f2754d84f94d6e
Resources/LocalizationLanguages.asset,Reference,SourceData/AssetRipper/Assets/Resources/LocalizationLanguages.asset,b5ebef4fcc754a34ca27ffd8e708ce4f
Resources/PerformanceTestRunInfo.json,Data,Assets/RecoveredOriginal/Data/SourceResources/PerformanceTestRunInfo.json,36f04f403796d804bbad0fc11c56a31c
Resources/PerformanceTestRunSettings.json,Data,Assets/RecoveredOriginal/Data/SourceResources/PerformanceTestRunSettings.json,ffecc77f8609ebe4fb35853d65946e3d
Resources/RC_Shop.asset,Reference,SourceData/AssetRipper/Assets/Resources/RC_Shop.asset,397a8750e897f03458fafef1d63d1ad7
Resources/TMP Settings.asset,Reference,SourceData/AssetRipper/Assets/Resources/TMP Settings.asset,78a70448bb2ff9e42ae6b11323dc16c5
Resources/VoodooDebuggerWidgetBank.asset,Reference,SourceData/AssetRipper/Assets/Resources/VoodooDebuggerWidgetBank.asset,e58c985616ed1cd4eacb68e6d6ab0a11
Resources/VoodooSauceSDKs.asset,Reference,SourceData/AssetRipper/Assets/Resources/VoodooSauceSDKs.asset,b2e53f86a3cafa842bb218de60069a31
Resources/VoodooScreenUtilsConfig.asset,Reference,SourceData/AssetRipper/Assets/Resources/VoodooScreenUtilsConfig.asset,1f4c3dc10cbbad640aff8cc36262a5d6
Resources/VoodooSettings.asset,Reference,SourceData/AssetRipper/Assets/Resources/VoodooSettings.asset,37826c36beece9a4db12776408bf3bd0
Resources/VoodooVersion.asset,Reference,SourceData/AssetRipper/Assets/Resources/VoodooVersion.asset,d54a6275f472f1b41850a1f9cc8b7aa6
Scenes/SampleScene.unity,Reference,SourceData/AssetRipper/Assets/Scenes/SampleScene.unity,9fc0d4010bbf28b4594072e72b8655ab
Shader/Cartoon FX_Legacy_Particle Multiply Colored.shader,Reference,SourceData/AssetRipper/Assets/Shader/Cartoon FX_Legacy_Particle Multiply Colored.shader,13725e817971c5847abbd819159ee6f6
Shader/Cartoon FX_Remaster_Particle Procedural Glow.shader,Reference,SourceData/AssetRipper/Assets/Shader/Cartoon FX_Remaster_Particle Procedural Glow.shader,aae413781b4a026439772d7c329500a4
Shader/Cartoon FX_Remaster_Particle Ubershader.shader,Reference,SourceData/AssetRipper/Assets/Shader/Cartoon FX_Remaster_Particle Ubershader.shader,59a605f7bc55b9642910ea9170a0506d
Shader/Custom_UI_Grayscale-2.shader,Reference,SourceData/AssetRipper/Assets/Shader/Custom_UI_Grayscale-2.shader,e3b7d6f17fdbed045b59d3b8380f50a9
Shader/Guru_Radial_Gradient.shader,Reference,SourceData/AssetRipper/Assets/Shader/Guru_Radial_Gradient.shader,826261372a0a0b147b2383e6df1384ff
Shader/Hidden_Core_FallbackError.shader,Reference,SourceData/AssetRipper/Assets/Shader/Hidden_Core_FallbackError.shader,ca545aa420233944ba48a73aec304378
Shader/Hidden_Shader Graph_FallbackError.shader,Reference,SourceData/AssetRipper/Assets/Shader/Hidden_Shader Graph_FallbackError.shader,9bd29b6fc163820489cff3e8235db2f1
Shader/Hidden_TerrainEngine_Details_UniversalPipeline_BillboardWavingDoublePass.shader,Reference,SourceData/AssetRipper/Assets/Shader/Hidden_TerrainEngine_Details_UniversalPipeline_BillboardWavingDoublePass.shader,325669860ca16bb4fae726f37d35dbc8
Shader/Hidden_TerrainEngine_Details_UniversalPipeline_Vertexlit.shader,Reference,SourceData/AssetRipper/Assets/Shader/Hidden_TerrainEngine_Details_UniversalPipeline_Vertexlit.shader,b6c64e2adf8f0ef46ab7fc0e4d9543a9
Shader/Hidden_TerrainEngine_Details_UniversalPipeline_WavingDoublePass.shader,Reference,SourceData/AssetRipper/Assets/Shader/Hidden_TerrainEngine_Details_UniversalPipeline_WavingDoublePass.shader,586cfffa252618144a2814c4a81a80b9
Shader/Hidden_UI_Default (UIEffect).shader,Reference,SourceData/AssetRipper/Assets/Shader/Hidden_UI_Default (UIEffect).shader,92f9e6ea2dd1f0841bf93d71d8435ee5
Shader/Hidden_Universal Render Pipeline_Blit.shader,Reference,SourceData/AssetRipper/Assets/Shader/Hidden_Universal Render Pipeline_Blit.shader,1d48148fd86f26842a603924c7d84ba8
Shader/Hidden_Universal Render Pipeline_Bloom.shader,Reference,SourceData/AssetRipper/Assets/Shader/Hidden_Universal Render Pipeline_Bloom.shader,7398a320df095174fb535004429f90de
Shader/Hidden_Universal Render Pipeline_BokehDepthOfField.shader,Reference,SourceData/AssetRipper/Assets/Shader/Hidden_Universal Render Pipeline_BokehDepthOfField.shader,70ecb24e418581442bb92f422fc7806a
Shader/Hidden_Universal Render Pipeline_CameraMotionBlur.shader,Reference,SourceData/AssetRipper/Assets/Shader/Hidden_Universal Render Pipeline_CameraMotionBlur.shader,1d3b477dfe33c124d93bb62076abe07b
Shader/Hidden_Universal Render Pipeline_CameraMotionVectors.shader,Reference,SourceData/AssetRipper/Assets/Shader/Hidden_Universal Render Pipeline_CameraMotionVectors.shader,6163e831935c3d54eac10b08b3a5c177
Shader/Hidden_Universal Render Pipeline_CopyDepth.shader,Reference,SourceData/AssetRipper/Assets/Shader/Hidden_Universal Render Pipeline_CopyDepth.shader,0699da628f8290f4ca62b84c8dc443b8
Shader/Hidden_Universal Render Pipeline_Debug_DebugReplacement.shader,Reference,SourceData/AssetRipper/Assets/Shader/Hidden_Universal Render Pipeline_Debug_DebugReplacement.shader,fb61399a7b71b974d8549d09eabed32c
Shader/Hidden_Universal Render Pipeline_Edge Adaptive Spatial Upsampling.shader,Reference,SourceData/AssetRipper/Assets/Shader/Hidden_Universal Render Pipeline_Edge Adaptive Spatial Upsampling.shader,c78b470b6269754469bef9bb635b9e5f
Shader/Hidden_Universal Render Pipeline_FallbackError.shader,Reference,SourceData/AssetRipper/Assets/Shader/Hidden_Universal Render Pipeline_FallbackError.shader,ebe91c9ea2edb314a9151a5b6d68ed32
Shader/Hidden_Universal Render Pipeline_FallbackLoading.shader,Reference,SourceData/AssetRipper/Assets/Shader/Hidden_Universal Render Pipeline_FallbackLoading.shader,b2ccdbc0cc3309f4cbd8ec1703ad361f
Shader/Hidden_Universal Render Pipeline_FinalPost.shader,Reference,SourceData/AssetRipper/Assets/Shader/Hidden_Universal Render Pipeline_FinalPost.shader,0d5d5668bb59fc94d832201c24b41139
Shader/Hidden_Universal Render Pipeline_GaussianDepthOfField.shader,Reference,SourceData/AssetRipper/Assets/Shader/Hidden_Universal Render Pipeline_GaussianDepthOfField.shader,8da0e4bc68b429944893684e09154e88
Shader/Hidden_Universal Render Pipeline_LensFlareDataDriven.shader,Reference,SourceData/AssetRipper/Assets/Shader/Hidden_Universal Render Pipeline_LensFlareDataDriven.shader,c624bac2d3a9a2f4fa25b1adf9bdd031
Shader/Hidden_Universal Render Pipeline_LutBuilderHdr.shader,Reference,SourceData/AssetRipper/Assets/Shader/Hidden_Universal Render Pipeline_LutBuilderHdr.shader,09ed6f9c853684044b1b072776d27467
Shader/Hidden_Universal Render Pipeline_LutBuilderLdr.shader,Reference,SourceData/AssetRipper/Assets/Shader/Hidden_Universal Render Pipeline_LutBuilderLdr.shader,1d59a85b9e0667c4e90e3418c573d8d0
Shader/Hidden_Universal Render Pipeline_MaterialError.shader,Reference,SourceData/AssetRipper/Assets/Shader/Hidden_Universal Render Pipeline_MaterialError.shader,9f07b97eca7379c4d996253727177527
Shader/Hidden_Universal Render Pipeline_ObjectMotionVectors.shader,Reference,SourceData/AssetRipper/Assets/Shader/Hidden_Universal Render Pipeline_ObjectMotionVectors.shader,70653b8a59230b642b5a5904c202bbd5
Shader/Hidden_Universal Render Pipeline_PaniniProjection.shader,Reference,SourceData/AssetRipper/Assets/Shader/Hidden_Universal Render Pipeline_PaniniProjection.shader,0c9f2478c723358429c15c70008f3b0e
Shader/Hidden_Universal Render Pipeline_Sampling.shader,Reference,SourceData/AssetRipper/Assets/Shader/Hidden_Universal Render Pipeline_Sampling.shader,66e0ec9ad9578ea4c8698317fa9d4653
Shader/Hidden_Universal Render Pipeline_Scaling Setup.shader,Reference,SourceData/AssetRipper/Assets/Shader/Hidden_Universal Render Pipeline_Scaling Setup.shader,65034182bda9b5e4ba0c20263d61164e
Shader/Hidden_Universal Render Pipeline_StencilDeferred.shader,Reference,SourceData/AssetRipper/Assets/Shader/Hidden_Universal Render Pipeline_StencilDeferred.shader,09e28d2073657b64e9c67e83513d08d6
Shader/Hidden_Universal Render Pipeline_Stop NaN.shader,Reference,SourceData/AssetRipper/Assets/Shader/Hidden_Universal Render Pipeline_Stop NaN.shader,647c945720fc6ed4ba41dc1b54ce2fdc
Shader/Hidden_Universal Render Pipeline_SubpixelMorphologicalAntialiasing.shader,Reference,SourceData/AssetRipper/Assets/Shader/Hidden_Universal Render Pipeline_SubpixelMorphologicalAntialiasing.shader,ecd97c6fc6fb8764da7ab2885263a8ac
Shader/Hidden_Universal Render Pipeline_TemporalAA.shader,Reference,SourceData/AssetRipper/Assets/Shader/Hidden_Universal Render Pipeline_TemporalAA.shader,0cae8a76d58b5ec43bfd6fcf5ac6b9b2
Shader/Hidden_Universal Render Pipeline_UberPost.shader,Reference,SourceData/AssetRipper/Assets/Shader/Hidden_Universal Render Pipeline_UberPost.shader,57f6838f936e63d4cae86b020e19d65d
Shader/Hidden_Universal Render Pipeline_XR_XRMirrorView.shader,Reference,SourceData/AssetRipper/Assets/Shader/Hidden_Universal Render Pipeline_XR_XRMirrorView.shader,bf753e79bcc2ec747aec132da6f03f7a
Shader/Hidden_Universal Render Pipeline_XR_XROcclusionMesh.shader,Reference,SourceData/AssetRipper/Assets/Shader/Hidden_Universal Render Pipeline_XR_XROcclusionMesh.shader,9e181fd5ec453414a805c1d2a4086fa2
Shader/Hidden_Universal_BlitHDROverlay.shader,Reference,SourceData/AssetRipper/Assets/Shader/Hidden_Universal_BlitHDROverlay.shader,00f700c01573307409dd5d8b031ac06a
Shader/Hidden_Universal_CoreBlit.shader,Reference,SourceData/AssetRipper/Assets/Shader/Hidden_Universal_CoreBlit.shader,bc23cd9ef926cbd4aa2ad95464e560c8
Shader/Hidden_Universal_CoreBlitColorAndDepth.shader,Reference,SourceData/AssetRipper/Assets/Shader/Hidden_Universal_CoreBlitColorAndDepth.shader,5cdd72d33381c414ab07945c48542cb9
Shader/Hidden_Universal_HDRDebugView.shader,Reference,SourceData/AssetRipper/Assets/Shader/Hidden_Universal_HDRDebugView.shader,e6c6f621449dc504f96e5526e7b18b92
Shader/Shader Graphs_URP Dissolve_Dissolve_Direction_Metallic_DoubleSide.shader,Reference,SourceData/AssetRipper/Assets/Shader/Shader Graphs_URP Dissolve_Dissolve_Direction_Metallic_DoubleSide.shader,92997840ce624b94f8ae29f59d003c15
Shader/TextMeshPro_Distance Field.shader,Reference,SourceData/AssetRipper/Assets/Shader/TextMeshPro_Distance Field.shader,abd831b8ccea85c4dac8c86a53ceecc2
Shader/TextMeshPro_Mobile_Distance Field.shader,Reference,SourceData/AssetRipper/Assets/Shader/TextMeshPro_Mobile_Distance Field.shader,981c214a1cdfd334897ad5c163a8106e
Shader/TextMeshPro_Sprite.shader,Reference,SourceData/AssetRipper/Assets/Shader/TextMeshPro_Sprite.shader,e34cd646500533c4abcf4d3ec0adcafd
Shader/Toony Colors Pro 2_Hybrid Shader 2 (Outline).shader,Reference,SourceData/AssetRipper/Assets/Shader/Toony Colors Pro 2_Hybrid Shader 2 (Outline).shader,2eb9dce6fddea7f46bfe68da386d387f
Shader/Toony Colors Pro 2_Hybrid Shader 2.shader,Reference,SourceData/AssetRipper/Assets/Shader/Toony Colors Pro 2_Hybrid Shader 2.shader,daf7a1e55c4fc8f49b96edd10a859bcc
Shader/UI_Additive.shader,Reference,SourceData/AssetRipper/Assets/Shader/UI_Additive.shader,3940c12ee47558146a429e520c54bc2a
Shader/UI_Hidden_UI-Effect-Shiny.shader,Reference,SourceData/AssetRipper/Assets/Shader/UI_Hidden_UI-Effect-Shiny.shader,f18eb8f9806cdd24a92814a5c85d6895
Shader/UI_StencilClear.shader,Reference,SourceData/AssetRipper/Assets/Shader/UI_StencilClear.shader,60aec5156bda0e54fa3f49dae4308ccc
Shader/UI_StencilVisible.shader,Reference,SourceData/AssetRipper/Assets/Shader/UI_StencilVisible.shader,751579c07cc173948be624e11f1b6d22
Shader/Universal Render Pipeline_Lit.shader,Reference,SourceData/AssetRipper/Assets/Shader/Universal Render Pipeline_Lit.shader,c530ce8b1cebac64d808bc80ddb4303d
Shader/Universal Render Pipeline_Particles_Unlit.shader,Reference,SourceData/AssetRipper/Assets/Shader/Universal Render Pipeline_Particles_Unlit.shader,f62821eb89d01fa4ea8345510681268d
Shader/Universal Render Pipeline_Unlit.shader,Reference,SourceData/AssetRipper/Assets/Shader/Universal Render Pipeline_Unlit.shader,811e587a3bbfd33488c84c408cf09c58
ShaderVariantCollection/UIEffectShaderVariants.shadervariants,Reference,SourceData/AssetRipper/Assets/ShaderVariantCollection/UIEffectShaderVariants.shadervariants,825136b06efcae94da70d27214f7e3de
Sprite/0005.asset,Sprite,Assets/RecoveredOriginal/Sprite/Sprite/0005.asset,37b77a782881df44ababa2514833437e
Sprite/0006.asset,Sprite,Assets/RecoveredOriginal/Sprite/Sprite/0006.asset,bc506235224d5d54881f226898658ba7
Sprite/0007.asset,Sprite,Assets/RecoveredOriginal/Sprite/Sprite/0007.asset,81b325de0d3078946ac47a35eb73076d
Sprite/0008.asset,Sprite,Assets/RecoveredOriginal/Sprite/Sprite/0008.asset,ff0128fe81fc597438e3830043d7ed2f
Sprite/0009.asset,Sprite,Assets/RecoveredOriginal/Sprite/Sprite/0009.asset,79072f9a87483da48aefede8d629b678
Sprite/0010.asset,Sprite,Assets/RecoveredOriginal/Sprite/Sprite/0010.asset,248d55e78e1651a4ab0b56e3e1870729
Sprite/0011.asset,Sprite,Assets/RecoveredOriginal/Sprite/Sprite/0011.asset,fdb41b2702fa13e43bfe9b73f38bd640
Sprite/0012.asset,Sprite,Assets/RecoveredOriginal/Sprite/Sprite/0012.asset,962e940811678b643adf8063fef7d6f5
Sprite/0013.asset,Sprite,Assets/RecoveredOriginal/Sprite/Sprite/0013.asset,cae9a0b1e1a93474e979985d6e792504
Sprite/0014.asset,Sprite,Assets/RecoveredOriginal/Sprite/Sprite/0014.asset,bac6b93cad986b24dbbe1e513290f97d
Sprite/0015.asset,Sprite,Assets/RecoveredOriginal/Sprite/Sprite/0015.asset,f64a1aa0819ef274da160e8828bc01ba
Sprite/0016.asset,Sprite,Assets/RecoveredOriginal/Sprite/Sprite/0016.asset,fff4e4e3c9ef72f4b816daf281c52693
Sprite/0017.asset,Sprite,Assets/RecoveredOriginal/Sprite/Sprite/0017.asset,57d99450503995a4cb6db619026a2e50
Sprite/0018.asset,Sprite,Assets/RecoveredOriginal/Sprite/Sprite/0018.asset,93444e4856700b1459c75ade8f0d0909
Sprite/0019.asset,Sprite,Assets/RecoveredOriginal/Sprite/Sprite/0019.asset,b13fe2579db078c4ea72b373c1b82112
Sprite/0020.asset,Sprite,Assets/RecoveredOriginal/Sprite/Sprite/0020.asset,4629ec65dbb04ef4fa26f786a3737e56
Sprite/0021.asset,Sprite,Assets/RecoveredOriginal/Sprite/Sprite/0021.asset,ccd031a096759a244ab47656421843f7
Sprite/0022.asset,Sprite,Assets/RecoveredOriginal/Sprite/Sprite/0022.asset,034d8b53015d81341a2f6bb187ff5851
Sprite/0023.asset,Sprite,Assets/RecoveredOriginal/Sprite/Sprite/0023.asset,6cd52753d33fb1a4b9b82512af5b61ab
Sprite/0024.asset,Sprite,Assets/RecoveredOriginal/Sprite/Sprite/0024.asset,ae461b0d646a62445822efc55373d20d
Sprite/0025.asset,Sprite,Assets/RecoveredOriginal/Sprite/Sprite/0025.asset,d3e83c8c99c252041b726676f45322c5
Sprite/0026.asset,Sprite,Assets/RecoveredOriginal/Sprite/Sprite/0026.asset,c5ef5c19c46348940accb7d75b00f5f8
Sprite/0027.asset,Sprite,Assets/RecoveredOriginal/Sprite/Sprite/0027.asset,cad6dcbe971cfaf40bf70a93cd12c60b
Sprite/0028.asset,Sprite,Assets/RecoveredOriginal/Sprite/Sprite/0028.asset,f752a2f4089678e448a7ba04ff77b81e
Sprite/0029.asset,Sprite,Assets/RecoveredOriginal/Sprite/Sprite/0029.asset,0c2f62391d865f842866b3ef8b2be53a
Sprite/0030.asset,Sprite,Assets/RecoveredOriginal/Sprite/Sprite/0030.asset,6e24fa3ec4bc9b647b0114c851d8cda6
Sprite/0031.asset,Sprite,Assets/RecoveredOriginal/Sprite/Sprite/0031.asset,81d3c27617c1c1749bddd0859f5870ee
Sprite/0032.asset,Sprite,Assets/RecoveredOriginal/Sprite/Sprite/0032.asset,12342a485c76b374c9ecec3837f0bf01
Sprite/0033.asset,Sprite,Assets/RecoveredOriginal/Sprite/Sprite/0033.asset,036bf478f08990040a18278ecbde6608
Sprite/0034.asset,Sprite,Assets/RecoveredOriginal/Sprite/Sprite/0034.asset,3b250615426b5ca46a4b81452b1534a1
Sprite/0035.asset,Sprite,Assets/RecoveredOriginal/Sprite/Sprite/0035.asset,cbe43dfec7cdaf2409be0afce23ffff5
Sprite/0036.asset,Sprite,Assets/RecoveredOriginal/Sprite/Sprite/0036.asset,f273de3e20d53a247a9e7f9356f89724
Sprite/0037.asset,Sprite,Assets/RecoveredOriginal/Sprite/Sprite/0037.asset,14721852a1269704189d9e76f0bdd547
Sprite/0038.asset,Sprite,Assets/RecoveredOriginal/Sprite/Sprite/0038.asset,8a6e267a044634d42a75ca7ea02c8998
Sprite/0039.asset,Sprite,Assets/RecoveredOriginal/Sprite/Sprite/0039.asset,c164f82fa08ce0f40b29cca3a2a9c702
Sprite/0040.asset,Sprite,Assets/RecoveredOriginal/Sprite/Sprite/0040.asset,7f47b0beb2e79b240ada01af265cb830
Sprite/0041.asset,Sprite,Assets/RecoveredOriginal/Sprite/Sprite/0041.asset,004462da4032f344daadec8abad42079
Sprite/0042.asset,Sprite,Assets/RecoveredOriginal/Sprite/Sprite/0042.asset,aaa11fd88a5b88a49a37b104f5f1b8b2
Sprite/0043.asset,Sprite,Assets/RecoveredOriginal/Sprite/Sprite/0043.asset,82016c95be0347846a994e6e707ba2b4
Sprite/0044.asset,Sprite,Assets/RecoveredOriginal/Sprite/Sprite/0044.asset,2e17211914a4d504b8f7fdae946d06f6
Sprite/0045.asset,Sprite,Assets/RecoveredOriginal/Sprite/Sprite/0045.asset,14b6e2ed6213f2841a944d19a7613941
Sprite/0046.asset,Sprite,Assets/RecoveredOriginal/Sprite/Sprite/0046.asset,db43b499f8d990145b1bba1f4b9fa347
Sprite/0047.asset,Sprite,Assets/RecoveredOriginal/Sprite/Sprite/0047.asset,ae6846ff43191bc42a51d862735f3eba
Sprite/0048.asset,Sprite,Assets/RecoveredOriginal/Sprite/Sprite/0048.asset,90757b73f2f624c42885fbf3b033c5c6
Sprite/1.asset,Sprite,Assets/RecoveredOriginal/Sprite/Sprite/1.asset,df5f26f13a64de64e937760d1b47db85
Sprite/10.asset,Sprite,Assets/RecoveredOriginal/Sprite/Sprite/10.asset,e1e3e6f52e1cf7a4196d790f81719d13
Sprite/11.asset,Sprite,Assets/RecoveredOriginal/Sprite/Sprite/11.asset,5ecb28a3dbeb6e34fb3c64362e768684
Sprite/112x84_Accessories_1.asset,Sprite,Assets/RecoveredOriginal/Sprite/Sprite/112x84_Accessories_1.asset,ef8db2a7ea5cc224494540ce31306f9b
Sprite/112x84_AnimalPortrait_1.asset,Sprite,Assets/RecoveredOriginal/Sprite/Sprite/112x84_AnimalPortrait_1.asset,c7e5d90ce9bcfd548829a95da74608d3
Sprite/112x84_Cartoon_4.asset,Sprite,Assets/RecoveredOriginal/Sprite/Sprite/112x84_Cartoon_4.asset,9835665a490815d4ba5876d05efb1b87
Sprite/112x84_Cartoon_5.asset,Sprite,Assets/RecoveredOriginal/Sprite/Sprite/112x84_Cartoon_5.asset,f4590d9e666054a468f548ec9da5659b
Sprite/112x84_Celebs_5.asset,Sprite,Assets/RecoveredOriginal/Sprite/Sprite/112x84_Celebs_5.asset,5a37a579d10532e4da57bf28bf848670
Sprite/112x84_Celebs_7.asset,Sprite,Assets/RecoveredOriginal/Sprite/Sprite/112x84_Celebs_7.asset,20d7d6a02d0572b4db05dfb72f9cf38c
Sprite/112x84_Dance_1.asset,Sprite,Assets/RecoveredOriginal/Sprite/Sprite/112x84_Dance_1.asset,dde5b7a553c3c134bba817af27a90e3e
Sprite/112x84_EventFigures_1.asset,Sprite,Assets/RecoveredOriginal/Sprite/Sprite/112x84_EventFigures_1.asset,22749ccc1261b29458d541b22fabcfc1
Sprite/112x84_Family_11.asset,Sprite,Assets/RecoveredOriginal/Sprite/Sprite/112x84_Family_11.asset,1ebfed79358e3904294b628603f46380
Sprite/112x84_Family_5.asset,Sprite,Assets/RecoveredOriginal/Sprite/Sprite/112x84_Family_5.asset,d3e475731937ba4458ba0a550aed3d1c
Sprite/112x84_Flower_10.asset,Sprite,Assets/RecoveredOriginal/Sprite/Sprite/112x84_Flower_10.asset,7ada0d02f049bc74a86a3010e900d55f
Sprite/112x84_FoodAndDrinks_1.asset,Sprite,Assets/RecoveredOriginal/Sprite/Sprite/112x84_FoodAndDrinks_1.asset,172848f6508f29940bc0d323adc0c45d
Sprite/112x84_Halloween_1.asset,Sprite,Assets/RecoveredOriginal/Sprite/Sprite/112x84_Halloween_1.asset,22b1bc5a71fab9f4da45e7f0167aa08f
Sprite/112x84_Level18_H.asset,Sprite,Assets/RecoveredOriginal/Sprite/Sprite/112x84_Level18_H.asset,29c4b7a17bf67b246b5d0ac71404c683
Sprite/112x84_Level31_Heros.asset,Sprite,Assets/RecoveredOriginal/Sprite/Sprite/112x84_Level31_Heros.asset,80592a2d8aff9fe47ad4e030c666fccb
Sprite/112x84_ModernPosters_1.asset,Sprite,Assets/RecoveredOriginal/Sprite/Sprite/112x84_ModernPosters_1.asset,afc360dced4f6584aa0b01f287f3124d
Sprite/112x84_musicians_10.asset,Sprite,Assets/RecoveredOriginal/Sprite/Sprite/112x84_musicians_10.asset,9c9ea85d9801fc1409bbccbd9f49079f
Sprite/112x84_musicians_14.asset,Sprite,Assets/RecoveredOriginal/Sprite/Sprite/112x84_musicians_14.asset,6f39b3c075fcf8c40add5b2fec3c67d3
Sprite/112x84_musicians_9.asset,Sprite,Assets/RecoveredOriginal/Sprite/Sprite/112x84_musicians_9.asset,6b102b3ab2a5fde488c3c25f596f3080
Sprite/112x84_NewLevel_Princess_10.asset,Sprite,Assets/RecoveredOriginal/Sprite/Sprite/112x84_NewLevel_Princess_10.asset,992166810ca7ce64593707cb98e20e84
Sprite/112x84_NewLevel_Princess_14.asset,Sprite,Assets/RecoveredOriginal/Sprite/Sprite/112x84_NewLevel_Princess_14.asset,7bc147a0575bda445a591ea6b51e45eb
Sprite/112x84_NewLevel_Princess_8.asset,Sprite,Assets/RecoveredOriginal/Sprite/Sprite/112x84_NewLevel_Princess_8.asset,ac2802f2897aeef4caadfa04aa49bce4
Sprite/112x84_New_Magic_14.asset,Sprite,Assets/RecoveredOriginal/Sprite/Sprite/112x84_New_Magic_14.asset,bf217171b34d6974dad704ad88b0c46a
Sprite/112x84_New_Magic_3.asset,Sprite,Assets/RecoveredOriginal/Sprite/Sprite/112x84_New_Magic_3.asset,3f7530d376226c343aea769641af0863
Sprite/112x84_New_Magic_6.asset,Sprite,Assets/RecoveredOriginal/Sprite/Sprite/112x84_New_Magic_6.asset,d3289637847ea954dab238d505fcff4f
Sprite/112x84_New_Magic_9.asset,Sprite,Assets/RecoveredOriginal/Sprite/Sprite/112x84_New_Magic_9.asset,bd825a1c42b9c4442b7622ab2908280d
Sprite/112x84_New_PopArt_14.asset,Sprite,Assets/RecoveredOriginal/Sprite/Sprite/112x84_New_PopArt_14.asset,54a89dc22caef9c43ae1da77c0536e31
Sprite/112x84_New_PopArt_3.asset,Sprite,Assets/RecoveredOriginal/Sprite/Sprite/112x84_New_PopArt_3.asset,fc252a022ddca9549a85608e37ae412c
Sprite/112x84_New_PopArt_6.asset,Sprite,Assets/RecoveredOriginal/Sprite/Sprite/112x84_New_PopArt_6.asset,2fefe271a949b644588fb7dde988d854
Sprite/112x84_New_Sport_12.asset,Sprite,Assets/RecoveredOriginal/Sprite/Sprite/112x84_New_Sport_12.asset,41987f711fe8e5248864dccfd9985088
Sprite/112x84_New_Sport_13.asset,Sprite,Assets/RecoveredOriginal/Sprite/Sprite/112x84_New_Sport_13.asset,15929326f9a48094f8842e2850d6c317
Sprite/112x84_New_Sport_2.asset,Sprite,Assets/RecoveredOriginal/Sprite/Sprite/112x84_New_Sport_2.asset,9a4f38dd9d7c49d44a2e94bc29ec54cb
Sprite/112x84_New_Sport_9.asset,Sprite,Assets/RecoveredOriginal/Sprite/Sprite/112x84_New_Sport_9.asset,1c00b2340decd2147bb83988a8c98716
Sprite/112x84_New_WomenInArt_6.asset,Sprite,Assets/RecoveredOriginal/Sprite/Sprite/112x84_New_WomenInArt_6.asset,9ea9872916c887241a326880cd91e3a8
Sprite/112x84_New_WomenInArt_8.asset,Sprite,Assets/RecoveredOriginal/Sprite/Sprite/112x84_New_WomenInArt_8.asset,e32377f4f8571cc40a3dbb9af81502a3
Sprite/112x84_Travel_10.asset,Sprite,Assets/RecoveredOriginal/Sprite/Sprite/112x84_Travel_10.asset,ab612aba4513d834cb680e00c40de07f
Sprite/112x84_Travel_11.asset,Sprite,Assets/RecoveredOriginal/Sprite/Sprite/112x84_Travel_11.asset,00022ffc788d44f45b261df734836cd2
Sprite/112x84_Travel_5.asset,Sprite,Assets/RecoveredOriginal/Sprite/Sprite/112x84_Travel_5.asset,160cf6ae588f38f43a76b2d99657110b
Sprite/112x84_wildlife_1.asset,Sprite,Assets/RecoveredOriginal/Sprite/Sprite/112x84_wildlife_1.asset,60330d317c525fb41803baf7c61557c6
Sprite/112x84_wildlife_3.asset,Sprite,Assets/RecoveredOriginal/Sprite/Sprite/112x84_wildlife_3.asset,118499f9cf924844ca84ef5a072ee8d7
Sprite/112x84_wildlife_4.asset,Sprite,Assets/RecoveredOriginal/Sprite/Sprite/112x84_wildlife_4.asset,5bb6f0012cbd13d448546e51406f4131
Sprite/12.asset,Sprite,Assets/RecoveredOriginal/Sprite/Sprite/12.asset,b061027307132944a916bbe61030e474
Sprite/13.asset,Sprite,Assets/RecoveredOriginal/Sprite/Sprite/13.asset,6904a287ddc399b42aaf20110f286b0e
Sprite/14.asset,Sprite,Assets/RecoveredOriginal/Sprite/Sprite/14.asset,8836ae404861af743832079c2653d8a0
Sprite/15.asset,Sprite,Assets/RecoveredOriginal/Sprite/Sprite/15.asset,da71d233c235dc24b9308059e0435e87
Sprite/16.asset,Sprite,Assets/RecoveredOriginal/Sprite/Sprite/16.asset,c0648a28e732ec5458eac34ca51e3ca2
Sprite/17.asset,Sprite,Assets/RecoveredOriginal/Sprite/Sprite/17.asset,1bb2f1dc25516f849920d5b0d9765620
Sprite/18.asset,Sprite,Assets/RecoveredOriginal/Sprite/Sprite/18.asset,9473d8e92486748408415c642d29eaf0
Sprite/19.asset,Sprite,Assets/RecoveredOriginal/Sprite/Sprite/19.asset,0fd33250b81e3a5418dab9f90368b22a
Sprite/2 CartoonColor.asset,Sprite,Assets/RecoveredOriginal/Sprite/Sprite/2 CartoonColor.asset,812d575ca85aecf44a4751dedef56742
Sprite/2.asset,Sprite,Assets/RecoveredOriginal/Sprite/Sprite/2.asset,779e9019f701a7e4dab176f88d4b9c39
Sprite/20.asset,Sprite,Assets/RecoveredOriginal/Sprite/Sprite/20.asset,6b7aed3ed44ce754da60ae2af8f159ce
Sprite/21.asset,Sprite,Assets/RecoveredOriginal/Sprite/Sprite/21.asset,bc1867ffb35c1a649b02f4dbed7d04ea
Sprite/22.asset,Sprite,Assets/RecoveredOriginal/Sprite/Sprite/22.asset,30f1bb1321289f74cae4725ab858f2bf
Sprite/23.asset,Sprite,Assets/RecoveredOriginal/Sprite/Sprite/23.asset,7e519dd9b3c6cc948a549604b989b1cd
Sprite/24.asset,Sprite,Assets/RecoveredOriginal/Sprite/Sprite/24.asset,caaf520e1eb2cca42a1fb4034a07f0e8
Sprite/3.asset,Sprite,Assets/RecoveredOriginal/Sprite/Sprite/3.asset,30567222910f9834ead62738664e53fd
Sprite/4.asset,Sprite,Assets/RecoveredOriginal/Sprite/Sprite/4.asset,e8574a8f83926374a82d3c36b44885aa
Sprite/5.asset,Sprite,Assets/RecoveredOriginal/Sprite/Sprite/5.asset,788416ded1472a349bc8789904b0914d
Sprite/6.asset,Sprite,Assets/RecoveredOriginal/Sprite/Sprite/6.asset,03ee4ab6639cdd4419c69a15a377bcef
Sprite/7.asset,Sprite,Assets/RecoveredOriginal/Sprite/Sprite/7.asset,fd8e48a30bd023048b66fe7b833e78bf
Sprite/8.asset,Sprite,Assets/RecoveredOriginal/Sprite/Sprite/8.asset,9bb0fc6b8128cf84da946a3959f8c2e0
Sprite/9.asset,Sprite,Assets/RecoveredOriginal/Sprite/Sprite/9.asset,3ef23d1baa72bf040b05eb331ef2349e
Sprite/addspacepreview_1.asset,Sprite,Assets/RecoveredOriginal/Sprite/Sprite/addspacepreview_1.asset,d98ca2a311c764f40ad330d604b80616
Sprite/adjust-icon.asset,Sprite,Assets/RecoveredOriginal/Sprite/Sprite/adjust-icon.asset,bebb60857f96cbf419a4094fee99c4d0
Sprite/ADWORDS_640x100_EN.asset,Sprite,Assets/RecoveredOriginal/Sprite/Sprite/ADWORDS_640x100_EN.asset,ac3043f50997a8c44abb68a835ee83d9
Sprite/Alert.asset,Sprite,Assets/RecoveredOriginal/Sprite/Sprite/Alert.asset,7ec7e405c4f98d1418dc467f05e49cbc
Sprite/am-skip.asset,Sprite,Assets/RecoveredOriginal/Sprite/Sprite/am-skip.asset,ec6a2f166999a3b479246fff46ee5a90
Sprite/am-timer.asset,Sprite,Assets/RecoveredOriginal/Sprite/Sprite/am-timer.asset,bb8f71430f2c07743a33fe4330cbbbde
Sprite/Animation-ezgif.com-gif-to-sprite-converter_0.asset,Sprite,Assets/RecoveredOriginal/Sprite/Sprite/Animation-ezgif.com-gif-to-sprite-converter_0.asset,28523b14e35b0424fa7fac58de4cc648
Sprite/APPLOVIN_768x1024_EN.asset,Sprite,Assets/RecoveredOriginal/Sprite/Sprite/APPLOVIN_768x1024_EN.asset,0168a9c3d2b8d4745884559e194a92a8
Sprite/arrow.asset,Sprite,Assets/RecoveredOriginal/Sprite/Sprite/arrow.asset,8fddfaf1708ad7f438ac71d44138f9ad
Sprite/background.asset,Sprite,Assets/RecoveredOriginal/Sprite/Sprite/background.asset,c49621bb916d65a46bc9f99f9fb6891a
Sprite/bag.asset,Sprite,Assets/RecoveredOriginal/Sprite/Sprite/bag.asset,2dbbebadf4cb2b04e9b8dde0d31437d4
Sprite/banner.asset,Sprite,Assets/RecoveredOriginal/Sprite/Sprite/banner.asset,1b4a3623acefd0240bbeec27ea813813
Sprite/bg-arrow-cardCollection.asset,Sprite,Assets/RecoveredOriginal/Sprite/Sprite/bg-arrow-cardCollection.asset,5124514bfe72cbf418710b2104abfdd0
Sprite/bg-booster-quantity.asset,Sprite,Assets/RecoveredOriginal/Sprite/Sprite/bg-booster-quantity.asset,4381ae7c0daade947851b6f1ae28f3a8
Sprite/bg-booster.asset,Sprite,Assets/RecoveredOriginal/Sprite/Sprite/bg-booster.asset,27b5ac81b9d46b742a757ffa0b07678b
Sprite/bg-boosterName.asset,Sprite,Assets/RecoveredOriginal/Sprite/Sprite/bg-boosterName.asset,b31385bca465b0c45a8d764ef400209b
Sprite/bg-boosterSection-big-shop.asset,Sprite,Assets/RecoveredOriginal/Sprite/Sprite/bg-boosterSection-big-shop.asset,c0c7d010ed44a1a44ab979f04876985e
Sprite/bg-boosterSection-shop.asset,Sprite,Assets/RecoveredOriginal/Sprite/Sprite/bg-boosterSection-shop.asset,ce165dfa83a816f4e8650950e388ea09
Sprite/bg-boosterSectionHeader-shop.asset,Sprite,Assets/RecoveredOriginal/Sprite/Sprite/bg-boosterSectionHeader-shop.asset,8ecc99731b0fcea48897834e36c8d5f7
Sprite/bg-booster_0.asset,Sprite,Assets/RecoveredOriginal/Sprite/Sprite/bg-booster_0.asset,f75b95301e5615548b98aed162b1cd47
Sprite/bg-bottom-cardCollection.asset,Sprite,Assets/RecoveredOriginal/Sprite/Sprite/bg-bottom-cardCollection.asset,365b7dc0ec87eba47986ae7915c68c9a
Sprite/bg-cards-top-carCollection - diamond.asset,Sprite,Assets/RecoveredOriginal/Sprite/Sprite/bg-cards-top-carCollection - diamond.asset,e235deb22bfc3d64b9eb33b8887496fd
Sprite/bg-cards-top-carCollection - gold.asset,Sprite,Assets/RecoveredOriginal/Sprite/Sprite/bg-cards-top-carCollection - gold.asset,0e7fbbc50e15e0848b622ef7e332e55f
Sprite/bg-cards-top-carCollection.asset,Sprite,Assets/RecoveredOriginal/Sprite/Sprite/bg-cards-top-carCollection.asset,81ba5e26867b97640887c0844e4308de
Sprite/bg-cardSlot-cardCollection.asset,Sprite,Assets/RecoveredOriginal/Sprite/Sprite/bg-cardSlot-cardCollection.asset,414f64efbf4fda74282f2cf68084693b
Sprite/bg-cardSlot-cardCollection_mask.asset,Sprite,Assets/RecoveredOriginal/Sprite/Sprite/bg-cardSlot-cardCollection_mask.asset,47d0f04b52b2e2e45902e724c1c9e684
Sprite/bg-cardSlot-cover-cardCollection.asset,Sprite,Assets/RecoveredOriginal/Sprite/Sprite/bg-cardSlot-cover-cardCollection.asset,1b180e5579c3d8b4bb8d41e9c0eb9fcb
Sprite/bg-coin-bundle.asset,Sprite,Assets/RecoveredOriginal/Sprite/Sprite/bg-coin-bundle.asset,028fe622761beaa499b47fe5e7a2a041
Sprite/bg-coinSection-shop.asset,Sprite,Assets/RecoveredOriginal/Sprite/Sprite/bg-coinSection-shop.asset,4f3d2c1c447e73342afd02817bc7c1e5
Sprite/bg-coinSectionHeader-shop.asset,Sprite,Assets/RecoveredOriginal/Sprite/Sprite/bg-coinSectionHeader-shop.asset,0135b95dfbfd6814b9d926c02c5cc1ab
Sprite/bg-currency-congrats-v2.asset,Sprite,Assets/RecoveredOriginal/Sprite/Sprite/bg-currency-congrats-v2.asset,61d0b8078c0647e49906dd204f63bc73
Sprite/bg-currency-levelCompleted-v2.asset,Sprite,Assets/RecoveredOriginal/Sprite/Sprite/bg-currency-levelCompleted-v2.asset,32c5c32255abaef4f90d56855f440331
Sprite/bg-currency-tryAgain-v2.asset,Sprite,Assets/RecoveredOriginal/Sprite/Sprite/bg-currency-tryAgain-v2.asset,6a885be9ab51f2f4a9ace43741b7f79f
Sprite/bg-currency.asset,Sprite,Assets/RecoveredOriginal/Sprite/Sprite/bg-currency.asset,c09c1d718142a05418bdf0094edcad3b
Sprite/bg-fillbar-icon.asset,Sprite,Assets/RecoveredOriginal/Sprite/Sprite/bg-fillbar-icon.asset,7ab996ab49b6d8c47865bf55eeabe72b
Sprite/bg-fillbar-ingame.asset,Sprite,Assets/RecoveredOriginal/Sprite/Sprite/bg-fillbar-ingame.asset,a665ef6bc8b4fc340baaf8a3d50e234b
Sprite/bg-fillbar-middle-cardCollection.asset,Sprite,Assets/RecoveredOriginal/Sprite/Sprite/bg-fillbar-middle-cardCollection.asset,7fc1371bfbba6a648b2f894fed324cf9
Sprite/bg-fillbar-middle-cardCollection_shiny.asset,Sprite,Assets/RecoveredOriginal/Sprite/Sprite/bg-fillbar-middle-cardCollection_shiny.asset,6a7814b872c860548b342bd35d2c0c90
Sprite/bg-fillbar-splashScene.asset,Sprite,Assets/RecoveredOriginal/Sprite/Sprite/bg-fillbar-splashScene.asset,8da6a575fc3d348448e6bbe1a5ec1d7c
Sprite/bg-fillbar-talentTree.asset,Sprite,Assets/RecoveredOriginal/Sprite/Sprite/bg-fillbar-talentTree.asset,904b53f31e44ff545b1ecff11792b853
Sprite/bg-header-middle-cardCollection.asset,Sprite,Assets/RecoveredOriginal/Sprite/Sprite/bg-header-middle-cardCollection.asset,3bf0703179d19ef4f88b6ad14f456cd2
Sprite/bg-header1-shop.asset,Sprite,Assets/RecoveredOriginal/Sprite/Sprite/bg-header1-shop.asset,3ee87c2f0e431f54a80a7c962cdf91dc
Sprite/bg-hiddenLane.asset,Sprite,Assets/RecoveredOriginal/Sprite/Sprite/bg-hiddenLane.asset,1cbc2460206b7d34787d62ff62d745e7
Sprite/bg-largeBundle-shop.asset,Sprite,Assets/RecoveredOriginal/Sprite/Sprite/bg-largeBundle-shop.asset,6548906f59dae5a40a002d7f9c2c96d4
Sprite/bg-level-easy.asset,Sprite,Assets/RecoveredOriginal/Sprite/Sprite/bg-level-easy.asset,e6186c78fe488b4408eea164cfdd9ac9
Sprite/bg-level-easyLevel-v2.asset,Sprite,Assets/RecoveredOriginal/Sprite/Sprite/bg-level-easyLevel-v2.asset,937726e49bb92914ab47be337635131d
Sprite/bg-level-hard.asset,Sprite,Assets/RecoveredOriginal/Sprite/Sprite/bg-level-hard.asset,689e684c54f50914c998e00867777089
Sprite/bg-level-hardLevel-v2.asset,Sprite,Assets/RecoveredOriginal/Sprite/Sprite/bg-level-hardLevel-v2.asset,0ccc584637775ec4eb90e4abdec91d02
Sprite/bg-level-normal.asset,Sprite,Assets/RecoveredOriginal/Sprite/Sprite/bg-level-normal.asset,dce5abd30fbbcd145a3db86f20656ac0
Sprite/bg-level-red.asset,Sprite,Assets/RecoveredOriginal/Sprite/Sprite/bg-level-red.asset,7dc718f055112a6428a6e592b4f534fc
Sprite/bg-level-yellow.asset,Sprite,Assets/RecoveredOriginal/Sprite/Sprite/bg-level-yellow.asset,7a03be1766ba30d4da3edbfc94c5a946
Sprite/bg-line.asset,Sprite,Assets/RecoveredOriginal/Sprite/Sprite/bg-line.asset,32a63d37c6867a74a91f22b2948a8a40
Sprite/bg-locked 1.asset,Sprite,Assets/RecoveredOriginal/Sprite/Sprite/bg-locked 1.asset,875a46ec18628dc49984077384b4416b
Sprite/bg-mediumBundle-shop.asset,Sprite,Assets/RecoveredOriginal/Sprite/Sprite/bg-mediumBundle-shop.asset,000d2500e9e34a640bd0dbdd8688f1f4
Sprite/bg-navBar-seleckted.asset,Sprite,Assets/RecoveredOriginal/Sprite/Sprite/bg-navBar-seleckted.asset,cd741976155e72e4097441e8ade97020
Sprite/bg-navbar.asset,Sprite,Assets/RecoveredOriginal/Sprite/Sprite/bg-navbar.asset,21d23e7556aee2340a2af59bd23dc874
Sprite/bg-newFeature-slot.asset,Sprite,Assets/RecoveredOriginal/Sprite/Sprite/bg-newFeature-slot.asset,c93620789faabfd48bebd07aabff4f42
Sprite/bg-NoAds-shop.asset,Sprite,Assets/RecoveredOriginal/Sprite/Sprite/bg-NoAds-shop.asset,5c6b5880f2bcedf43bc48bb4d9fedb3e
Sprite/bg-NoAdsPack-shop.asset,Sprite,Assets/RecoveredOriginal/Sprite/Sprite/bg-NoAdsPack-shop.asset,409733caee0617a4ba73dfa9263d7829
Sprite/bg-orText-oneMoreChance.asset,Sprite,Assets/RecoveredOriginal/Sprite/Sprite/bg-orText-oneMoreChance.asset,f0361f97b11ed084cad0bbf1a4a30d2c
Sprite/bg-outOfSpace.asset,Sprite,Assets/RecoveredOriginal/Sprite/Sprite/bg-outOfSpace.asset,525fadfee169a6846923d63934876485
Sprite/bg-popUp-booster.asset,Sprite,Assets/RecoveredOriginal/Sprite/Sprite/bg-popUp-booster.asset,cebc78b2ebb96fa4d956e01c83b9819a
Sprite/bg-popUp-congrats-v2.asset,Sprite,Assets/RecoveredOriginal/Sprite/Sprite/bg-popUp-congrats-v2.asset,ee936214c5bea034ab21f76cab5ce858
Sprite/bg-popUp-easyLevel-v2.asset,Sprite,Assets/RecoveredOriginal/Sprite/Sprite/bg-popUp-easyLevel-v2.asset,477a3161acb16304ea6218147a92f969
Sprite/bg-popUp-hardLevel-v2.asset,Sprite,Assets/RecoveredOriginal/Sprite/Sprite/bg-popUp-hardLevel-v2.asset,964e047da67c95c4bb47fb86a38a4ed7
Sprite/bg-popUp-info.asset,Sprite,Assets/RecoveredOriginal/Sprite/Sprite/bg-popUp-info.asset,51e32add951436d4fb8a5191a27ecec2
Sprite/bg-popUp-levelCompleted-v2.asset,Sprite,Assets/RecoveredOriginal/Sprite/Sprite/bg-popUp-levelCompleted-v2.asset,02573f811c37f20489da6ad8292cae31
Sprite/bg-popUp-mask-levelCompleted-v2.asset,Sprite,Assets/RecoveredOriginal/Sprite/Sprite/bg-popUp-mask-levelCompleted-v2.asset,a36161f9ed1731349b7cc67cc9c589c7
Sprite/bg-popUp-mask-newFeature-v2.asset,Sprite,Assets/RecoveredOriginal/Sprite/Sprite/bg-popUp-mask-newFeature-v2.asset,8961d0d002427f5478212b247766bc8c
Sprite/bg-popUp-newArtStyle-v2.asset,Sprite,Assets/RecoveredOriginal/Sprite/Sprite/bg-popUp-newArtStyle-v2.asset,4f571a79173555a4783d7ca289d9f007
Sprite/bg-popUp-newFeature-v2.asset,Sprite,Assets/RecoveredOriginal/Sprite/Sprite/bg-popUp-newFeature-v2.asset,61df7cb7652a7d2428210d3f7aed48a1
Sprite/bg-popUp-noMoreLıves.asset,Sprite,Assets/RecoveredOriginal/Sprite/Sprite/bg-popUp-noMoreLıves.asset,ec40be375edf4a24a869dfea8f6e3507
Sprite/bg-popUp-oneMorehance-v2.asset,Sprite,Assets/RecoveredOriginal/Sprite/Sprite/bg-popUp-oneMorehance-v2.asset,7d52a436312926047b7bfacbd42a1552
Sprite/bg-popUp-slot-levelCompleted-border.asset,Sprite,Assets/RecoveredOriginal/Sprite/Sprite/bg-popUp-slot-levelCompleted-border.asset,add4b52777b7c764d8d39ebabb7cacd7
Sprite/bg-popUp-slot-levelCompleted-v2.asset,Sprite,Assets/RecoveredOriginal/Sprite/Sprite/bg-popUp-slot-levelCompleted-v2.asset,61f53d2477a5da74b86ee8fd467d12a6
Sprite/bg-popUp-slot-newFeature-v2.asset,Sprite,Assets/RecoveredOriginal/Sprite/Sprite/bg-popUp-slot-newFeature-v2.asset,2cf1ff44d98626d499362381ce09fb79
Sprite/bg-popUp-slot-noMoreLıves.asset,Sprite,Assets/RecoveredOriginal/Sprite/Sprite/bg-popUp-slot-noMoreLıves.asset,ba6ed89ff3e8f604f88736eacf08c1a1
Sprite/bg-questLevel.asset,Sprite,Assets/RecoveredOriginal/Sprite/Sprite/bg-questLevel.asset,6a448e46430524544aa33837a641ae41
Sprite/bg-questTime.asset,Sprite,Assets/RecoveredOriginal/Sprite/Sprite/bg-questTime.asset,f8a383441ace0c14c8c40bbc280b2e14
Sprite/bg-reward-2.asset,Sprite,Assets/RecoveredOriginal/Sprite/Sprite/bg-reward-2.asset,78d57d270b4bf2345bbf615a987f8727
Sprite/bg-reward.asset,Sprite,Assets/RecoveredOriginal/Sprite/Sprite/bg-reward.asset,abfeb9d9ae451c44f8193b4aab308cbd
Sprite/bg-ribbon.asset,Sprite,Assets/RecoveredOriginal/Sprite/Sprite/bg-ribbon.asset,ec4f1577ed28a6f4c8a5a58b41bd0bed
Sprite/bg-sandQuest 1.asset,Sprite,Assets/RecoveredOriginal/Sprite/Sprite/bg-sandQuest 1.asset,cd51509910d5e464a8fc809c7d5c86b2
Sprite/bg-sandQuest-failure-rev.asset,Sprite,Assets/RecoveredOriginal/Sprite/Sprite/bg-sandQuest-failure-rev.asset,4a37f28d50a28e247856388d1fd10d00
Sprite/bg-sandQuest-popUp.asset,Sprite,Assets/RecoveredOriginal/Sprite/Sprite/bg-sandQuest-popUp.asset,a0d4d65983ad0304d9ce206b3cf983ff
Sprite/bg-sandQuest-victory-rev.asset,Sprite,Assets/RecoveredOriginal/Sprite/Sprite/bg-sandQuest-victory-rev.asset,ed65c61b3fac63d4fbef484bde5b56b1
Sprite/bg-sandQuest.asset,Sprite,Assets/RecoveredOriginal/Sprite/Sprite/bg-sandQuest.asset,57b74fbb4a01c364db5f6ac46255857b
Sprite/bg-settings-slot-button.asset,Sprite,Assets/RecoveredOriginal/Sprite/Sprite/bg-settings-slot-button.asset,d5130f22e948e0f46b0f18bc09915408
Sprite/bg-settings-slot.asset,Sprite,Assets/RecoveredOriginal/Sprite/Sprite/bg-settings-slot.asset,274054d5fe197ed4ead74c36e1e91018
Sprite/bg-settings.asset,Sprite,Assets/RecoveredOriginal/Sprite/Sprite/bg-settings.asset,11bb8cc8101e3ce4baf22cc6593bc402
Sprite/bg-slot-boosterSection-big-shop.asset,Sprite,Assets/RecoveredOriginal/Sprite/Sprite/bg-slot-boosterSection-big-shop.asset,ff057957514395149b6d0d67f2c1e9a8
Sprite/bg-slot-boosterSection-shop.asset,Sprite,Assets/RecoveredOriginal/Sprite/Sprite/bg-slot-boosterSection-shop.asset,229609d96f19309408eae68f26ddbdc6
Sprite/bg-slot-coinSection-shop.asset,Sprite,Assets/RecoveredOriginal/Sprite/Sprite/bg-slot-coinSection-shop.asset,471195a11a2a3964bb24a9fcf8623c50
Sprite/bg-slot-noAdsPack-shop.asset,Sprite,Assets/RecoveredOriginal/Sprite/Sprite/bg-slot-noAdsPack-shop.asset,fcac01837259a394d85cef4fbb100401
Sprite/bg-slot-noAdsPack-shop_0.asset,Sprite,Assets/RecoveredOriginal/Sprite/Sprite/bg-slot-noAdsPack-shop_0.asset,83976c918f0b00f4389bf657eae95940
Sprite/bg-slot-normal.asset,Sprite,Assets/RecoveredOriginal/Sprite/Sprite/bg-slot-normal.asset,4bfadec1a2ca04242945a59570173d7b
Sprite/bg-slot-smallBundle-shop.asset,Sprite,Assets/RecoveredOriginal/Sprite/Sprite/bg-slot-smallBundle-shop.asset,622ea7d4ea32f3942a589775e900ad80
Sprite/bg-slot-starterPack-shop.asset,Sprite,Assets/RecoveredOriginal/Sprite/Sprite/bg-slot-starterPack-shop.asset,fde911671e257114997fee5304aa96e6
Sprite/bg-smallBundle-shop.asset,Sprite,Assets/RecoveredOriginal/Sprite/Sprite/bg-smallBundle-shop.asset,588a703f126e6ec4681816ed85c47aba
Sprite/bg-splashScene.asset,Sprite,Assets/RecoveredOriginal/Sprite/Sprite/bg-splashScene.asset,3f198610985d222469bb20dc3df80578
Sprite/bg-stage-disabled-v2.asset,Sprite,Assets/RecoveredOriginal/Sprite/Sprite/bg-stage-disabled-v2.asset,50e8e684767db954cbc324400b91718d
Sprite/bg-stage-enabled-v2.asset,Sprite,Assets/RecoveredOriginal/Sprite/Sprite/bg-stage-enabled-v2.asset,6871802b0e5c5934cb15fbf046ae7301
Sprite/bg-starterPack-shop.asset,Sprite,Assets/RecoveredOriginal/Sprite/Sprite/bg-starterPack-shop.asset,43e9b4196a56cd740b37579e9a6b04db
Sprite/bg-topTexture-cardCollection.asset,Sprite,Assets/RecoveredOriginal/Sprite/Sprite/bg-topTexture-cardCollection.asset,23fda72850d378d4ea8ba1ee95db0026
Sprite/bg-tree-top-v2.asset,Sprite,Assets/RecoveredOriginal/Sprite/Sprite/bg-tree-top-v2.asset,73a5b1fe14df16841b51d35512ff6a0a
Sprite/bg-tree-v2.asset,Sprite,Assets/RecoveredOriginal/Sprite/Sprite/bg-tree-v2.asset,9c5f598ec7a87f6479cd3ecc1487c489
Sprite/bg-tree.asset,Sprite,Assets/RecoveredOriginal/Sprite/Sprite/bg-tree.asset,56f39cf2de376074683110e328e0b6b0
Sprite/bg-tryAgain.asset,Sprite,Assets/RecoveredOriginal/Sprite/Sprite/bg-tryAgain.asset,609a111e474c89d448d6a9d49ce543f1
Sprite/bg-watch-2.asset,Sprite,Assets/RecoveredOriginal/Sprite/Sprite/bg-watch-2.asset,87c136cab76b98742a49204ef090d92d
Sprite/bg-watch.asset,Sprite,Assets/RecoveredOriginal/Sprite/Sprite/bg-watch.asset,4f75cd50f78ac3447ba04b700d60c55a
Sprite/black_circle.asset,Sprite,Assets/RecoveredOriginal/Sprite/Sprite/black_circle.asset,91e538c87d193bf49a0d067165de8e85
Sprite/black_circle_blur.asset,Sprite,Assets/RecoveredOriginal/Sprite/Sprite/black_circle_blur.asset,c07d054faf0fd2449ba9126f9be7e174
Sprite/bonusLevel.asset,Sprite,Assets/RecoveredOriginal/Sprite/Sprite/bonusLevel.asset,b9e089a5f114f01479722df007fcc0cb
Sprite/buble.asset,Sprite,Assets/RecoveredOriginal/Sprite/Sprite/buble.asset,26505296897ab744d9e169e5d6355977
Sprite/button-black-white-v2.asset,Sprite,Assets/RecoveredOriginal/Sprite/Sprite/button-black-white-v2.asset,0c6e23cc006a8ee4b9f62488bb50a231
Sprite/button-booster-outline.asset,Sprite,Assets/RecoveredOriginal/Sprite/Sprite/button-booster-outline.asset,8f9f7446e9029964d88c4f0bd4a064e0
Sprite/button-booster.asset,Sprite,Assets/RecoveredOriginal/Sprite/Sprite/button-booster.asset,1604adb6401ab1743be49b719e9b3ba6
Sprite/button-exit 1.asset,Sprite,Assets/RecoveredOriginal/Sprite/Sprite/button-exit 1.asset,e904429011d3b3c4a8153e131f31424f
Sprite/button-exit-pressed.asset,Sprite,Assets/RecoveredOriginal/Sprite/Sprite/button-exit-pressed.asset,3f3f1c454c3078741acd3b498de55213
Sprite/button-exit.asset,Sprite,Assets/RecoveredOriginal/Sprite/Sprite/button-exit.asset,b63ab29871dfb43499d0aa412733118c
Sprite/button-exit_0.asset,Sprite,Assets/RecoveredOriginal/Sprite/Sprite/button-exit_0.asset,d9081ca73216b444298e4af6671a4adf
Sprite/button-exit_1.asset,Sprite,Assets/RecoveredOriginal/Sprite/Sprite/button-exit_1.asset,d274b4235b32f514e8e2c7092df0da99
Sprite/button-exit_2.asset,Sprite,Assets/RecoveredOriginal/Sprite/Sprite/button-exit_2.asset,38d30d9d2e8d400429f88b4cb7d9b7f5
Sprite/button-green-2.asset,Sprite,Assets/RecoveredOriginal/Sprite/Sprite/button-green-2.asset,f178516815af4fa4f991ef5a80be2788
Sprite/button-green-pressed-v2.asset,Sprite,Assets/RecoveredOriginal/Sprite/Sprite/button-green-pressed-v2.asset,370afd4f235b75240911ba73ed3832a4
Sprite/button-green-pressed.asset,Sprite,Assets/RecoveredOriginal/Sprite/Sprite/button-green-pressed.asset,0fa91839502b4a345a46e313bce94691
Sprite/button-green-pressed_0.asset,Sprite,Assets/RecoveredOriginal/Sprite/Sprite/button-green-pressed_0.asset,f836d47da0eb98f43b169de47900479c
Sprite/button-green-v2.asset,Sprite,Assets/RecoveredOriginal/Sprite/Sprite/button-green-v2.asset,19b654e5ccc330b4c8001ae13a56bad8
Sprite/button-green.asset,Sprite,Assets/RecoveredOriginal/Sprite/Sprite/button-green.asset,681fafdaebcf01144a75f6635251adda
Sprite/button-green_0.asset,Sprite,Assets/RecoveredOriginal/Sprite/Sprite/button-green_0.asset,fc51d1142ad9e314fbe02b61fef626a2
Sprite/button-green_1.asset,Sprite,Assets/RecoveredOriginal/Sprite/Sprite/button-green_1.asset,28987dc7eb8c7084babe37a32a014be4
Sprite/button-off.asset,Sprite,Assets/RecoveredOriginal/Sprite/Sprite/button-off.asset,cf2649ecf3ff2294198c4508c6404982
Sprite/button-on.asset,Sprite,Assets/RecoveredOriginal/Sprite/Sprite/button-on.asset,c3093a440f0a15b4abdd24170cea48c1
Sprite/button-pink-pressed.asset,Sprite,Assets/RecoveredOriginal/Sprite/Sprite/button-pink-pressed.asset,8424c3b0d4c68bf4aa8765ae3787f162
Sprite/button-pink.asset,Sprite,Assets/RecoveredOriginal/Sprite/Sprite/button-pink.asset,1d0a4aede9639e64da668c6232674840
Sprite/button-plus.asset,Sprite,Assets/RecoveredOriginal/Sprite/Sprite/button-plus.asset,0ab42a6d9cac5a54f8b914c9a4a50820
Sprite/button-plus_0.asset,Sprite,Assets/RecoveredOriginal/Sprite/Sprite/button-plus_0.asset,f3ebe9e4517899842b70b4e085501ece
Sprite/button-purchaseTag.asset,Sprite,Assets/RecoveredOriginal/Sprite/Sprite/button-purchaseTag.asset,0b406a8d78a579940ac4456882211017
Sprite/button-purple-pressed.asset,Sprite,Assets/RecoveredOriginal/Sprite/Sprite/button-purple-pressed.asset,e843e10272004e94c87bed911a2e46dd
Sprite/button-purple.asset,Sprite,Assets/RecoveredOriginal/Sprite/Sprite/button-purple.asset,347858b97370609459d874e05a39dc54
Sprite/button-red.asset,Sprite,Assets/RecoveredOriginal/Sprite/Sprite/button-red.asset,7662062866bb7364bbb75bfdcea9589b
Sprite/button-white-pressed.asset,Sprite,Assets/RecoveredOriginal/Sprite/Sprite/button-white-pressed.asset,bca44293c0ce2ca40aaec565727602d1
Sprite/button-white.asset,Sprite,Assets/RecoveredOriginal/Sprite/Sprite/button-white.asset,ee6056c3d23fa6e40b665ab6eed6a783
Sprite/button-yellow-pressed-v2.asset,Sprite,Assets/RecoveredOriginal/Sprite/Sprite/button-yellow-pressed-v2.asset,3cf9ff7f0613f4744a5b643d6a4016d4
Sprite/button-yellow-pressed.asset,Sprite,Assets/RecoveredOriginal/Sprite/Sprite/button-yellow-pressed.asset,e88c6620cf6eaea46a322df9b58bca84
Sprite/button-yellow-v2.asset,Sprite,Assets/RecoveredOriginal/Sprite/Sprite/button-yellow-v2.asset,23b165f646460124a9b3be9f41f3f15b
Sprite/button-yellow.asset,Sprite,Assets/RecoveredOriginal/Sprite/Sprite/button-yellow.asset,6baa8be4be9385d48b782e7dd128efea
Sprite/button-yellow_0.asset,Sprite,Assets/RecoveredOriginal/Sprite/Sprite/button-yellow_0.asset,e4cc7d751eb52a94ea10c00e78d37f4d
Sprite/button.asset,Sprite,Assets/RecoveredOriginal/Sprite/Sprite/button.asset,898acd237516c64449d5d3a63caa9f01
Sprite/Chest_Disable.asset,Sprite,Assets/RecoveredOriginal/Sprite/Sprite/Chest_Disable.asset,00644b5b79a8ab546920669a8256883a
Sprite/Chest_Enable.asset,Sprite,Assets/RecoveredOriginal/Sprite/Sprite/Chest_Enable.asset,640ca7156175f73458cc05dd8d1df4db
Sprite/Chest_Label_Disable.asset,Sprite,Assets/RecoveredOriginal/Sprite/Sprite/Chest_Label_Disable.asset,530c122a454c9dd45a79f46c00c2e538
Sprite/Chest_Label_Enable.asset,Sprite,Assets/RecoveredOriginal/Sprite/Sprite/Chest_Label_Enable.asset,241813269934e434b9111b91707154a6
Sprite/Chest_Pressed.asset,Sprite,Assets/RecoveredOriginal/Sprite/Sprite/Chest_Pressed.asset,4caacdcd31e16334b85578c048173ccc
Sprite/circle.asset,Sprite,Assets/RecoveredOriginal/Sprite/Sprite/circle.asset,7fc33d831ee2f2b43866dc70ad2ee25b
Sprite/Circle_0.asset,Sprite,Assets/RecoveredOriginal/Sprite/Sprite/Circle_0.asset,3872e0d5594a5464d989c08bbc33a71c
Sprite/circle_hollow.asset,Sprite,Assets/RecoveredOriginal/Sprite/Sprite/circle_hollow.asset,459d5155da7e22842b71923058de907a
Sprite/clipboard-50.asset,Sprite,Assets/RecoveredOriginal/Sprite/Sprite/clipboard-50.asset,44f20e8ac6dae4c4d827e1b63480d377
Sprite/close-50.asset,Sprite,Assets/RecoveredOriginal/Sprite/Sprite/close-50.asset,075ddf61f84881e478277b79c47869d8
Sprite/Close_Button.asset,Sprite,Assets/RecoveredOriginal/Sprite/Sprite/Close_Button.asset,c8e3f166a8538804f9eaeb63ec53ef48
Sprite/collapse-32.asset,Sprite,Assets/RecoveredOriginal/Sprite/Sprite/collapse-32.asset,5437ca71cce4bea4b904519973b97936
Sprite/CompleteLevels.asset,Sprite,Assets/RecoveredOriginal/Sprite/Sprite/CompleteLevels.asset,01431b87a061faa41a7347b0f0c946f6
Sprite/CongratsText_0.asset,Sprite,Assets/RecoveredOriginal/Sprite/Sprite/CongratsText_0.asset,92c4dae2cb5ae514ba5b81f4a3e56e25
Sprite/CongratsText_1.asset,Sprite,Assets/RecoveredOriginal/Sprite/Sprite/CongratsText_1.asset,2c2b67ca21d027d43823729b44866fd3
Sprite/CongratsText_10.asset,Sprite,Assets/RecoveredOriginal/Sprite/Sprite/CongratsText_10.asset,5abca988a18b6b4419312c0c832c101a
Sprite/CongratsText_11.asset,Sprite,Assets/RecoveredOriginal/Sprite/Sprite/CongratsText_11.asset,f923c36b668f33f4296006394743d558
Sprite/CongratsText_12.asset,Sprite,Assets/RecoveredOriginal/Sprite/Sprite/CongratsText_12.asset,f46fccbbdbce7874784471c1ce3087fc
Sprite/CongratsText_13.asset,Sprite,Assets/RecoveredOriginal/Sprite/Sprite/CongratsText_13.asset,b23816ed00210174dbb4d00b811a4c78
Sprite/CongratsText_14.asset,Sprite,Assets/RecoveredOriginal/Sprite/Sprite/CongratsText_14.asset,006a154f7b97c9749888e5550c0c0d4e
Sprite/CongratsText_15.asset,Sprite,Assets/RecoveredOriginal/Sprite/Sprite/CongratsText_15.asset,b16412d29cec76f48af11974aa4e506d
Sprite/CongratsText_2.asset,Sprite,Assets/RecoveredOriginal/Sprite/Sprite/CongratsText_2.asset,f05f934bf5c363f4d838ac3e6f9ce9f0
Sprite/CongratsText_3.asset,Sprite,Assets/RecoveredOriginal/Sprite/Sprite/CongratsText_3.asset,c69f76f7b6024a74a9ac2583939046f8
Sprite/CongratsText_4.asset,Sprite,Assets/RecoveredOriginal/Sprite/Sprite/CongratsText_4.asset,77e59f5fb264282489fbd3288cfcbe1f
Sprite/CongratsText_5.asset,Sprite,Assets/RecoveredOriginal/Sprite/Sprite/CongratsText_5.asset,8a80d8e7fdf758f4bad1aa4d7a88da45
Sprite/CongratsText_6.asset,Sprite,Assets/RecoveredOriginal/Sprite/Sprite/CongratsText_6.asset,53d56681fe1cc544ba26c367ba4b0408
Sprite/CongratsText_7.asset,Sprite,Assets/RecoveredOriginal/Sprite/Sprite/CongratsText_7.asset,41838ecc2407deb40bb69525b38f9f22
Sprite/CongratsText_8.asset,Sprite,Assets/RecoveredOriginal/Sprite/Sprite/CongratsText_8.asset,fda7b8e5c68d0f94692349cb7bd43929
Sprite/CongratsText_9.asset,Sprite,Assets/RecoveredOriginal/Sprite/Sprite/CongratsText_9.asset,80fcf27200af3d04fba385c801cd80f3
Sprite/console-64.asset,Sprite,Assets/RecoveredOriginal/Sprite/Sprite/console-64.asset,1c18933c8ca976844854090d6f06b0c6
Sprite/console.asset,Sprite,Assets/RecoveredOriginal/Sprite/Sprite/console.asset,5d8b27c52a0197e408ac125ad7c79bf8
Sprite/cover-1-bw.asset,Sprite,Assets/RecoveredOriginal/Sprite/Sprite/cover-1-bw.asset,ffe0bdcd77b27724da25232630a61c1a
Sprite/cover-1.asset,Sprite,Assets/RecoveredOriginal/Sprite/Sprite/cover-1.asset,1078919fc746b1e40a1c445744edc991
Sprite/cover-10-bw.asset,Sprite,Assets/RecoveredOriginal/Sprite/Sprite/cover-10-bw.asset,a408958153d3da8488ce98d08e84921f
Sprite/cover-10.asset,Sprite,Assets/RecoveredOriginal/Sprite/Sprite/cover-10.asset,a36cfa59badc6224ea6e5674694c5da7
Sprite/cover-11-bw.asset,Sprite,Assets/RecoveredOriginal/Sprite/Sprite/cover-11-bw.asset,d135c1fc606f4a04fa01da62f737f33b
Sprite/cover-11.asset,Sprite,Assets/RecoveredOriginal/Sprite/Sprite/cover-11.asset,2fa5439e97c6809479203f8b467b3fa6
Sprite/cover-12-bw.asset,Sprite,Assets/RecoveredOriginal/Sprite/Sprite/cover-12-bw.asset,4be4c7f2c931e7a42be669cce179ad88
Sprite/cover-12.asset,Sprite,Assets/RecoveredOriginal/Sprite/Sprite/cover-12.asset,42f2deb0827cfd1428905ba125709946
Sprite/cover-13-bw.asset,Sprite,Assets/RecoveredOriginal/Sprite/Sprite/cover-13-bw.asset,d39c2d92c579f31439296ba019ccfe26
Sprite/cover-13.asset,Sprite,Assets/RecoveredOriginal/Sprite/Sprite/cover-13.asset,a0f613331b344dc4991e9ca71abd851d
Sprite/cover-14-bw.asset,Sprite,Assets/RecoveredOriginal/Sprite/Sprite/cover-14-bw.asset,a04c99a77384cca439159f66b31dc03b
Sprite/cover-14.asset,Sprite,Assets/RecoveredOriginal/Sprite/Sprite/cover-14.asset,f049bd47ae9e9394fb5221bf6248be7b
Sprite/cover-15-bw.asset,Sprite,Assets/RecoveredOriginal/Sprite/Sprite/cover-15-bw.asset,995b529d546109c4ba692bc79c4490c4
Sprite/cover-15.asset,Sprite,Assets/RecoveredOriginal/Sprite/Sprite/cover-15.asset,85ac6e0871b76bd42ac500cf7b46ce3e
Sprite/cover-16-bw.asset,Sprite,Assets/RecoveredOriginal/Sprite/Sprite/cover-16-bw.asset,19bb5a94b1d654148bd11a71c325f52c
Sprite/cover-16.asset,Sprite,Assets/RecoveredOriginal/Sprite/Sprite/cover-16.asset,298887e75319f53458ac84a3fdf52dea
Sprite/cover-17-bw.asset,Sprite,Assets/RecoveredOriginal/Sprite/Sprite/cover-17-bw.asset,9919f8d538dec814d8c2efd69b86cb9f
Sprite/cover-17.asset,Sprite,Assets/RecoveredOriginal/Sprite/Sprite/cover-17.asset,f9313455eaf591248957f143c8def539
Sprite/cover-2-bw.asset,Sprite,Assets/RecoveredOriginal/Sprite/Sprite/cover-2-bw.asset,950e964809d41474a859c693531946d8
Sprite/cover-2.asset,Sprite,Assets/RecoveredOriginal/Sprite/Sprite/cover-2.asset,f073c9d769a67e24fb89d070c12784e2
Sprite/cover-3-bw.asset,Sprite,Assets/RecoveredOriginal/Sprite/Sprite/cover-3-bw.asset,3a60d2b63665d194a90952a17f5e1823
Sprite/cover-3.asset,Sprite,Assets/RecoveredOriginal/Sprite/Sprite/cover-3.asset,9908ff9487a427042aec23de3fbe75fb
Sprite/cover-4-bw.asset,Sprite,Assets/RecoveredOriginal/Sprite/Sprite/cover-4-bw.asset,b36df253a70c301478061c3bd9346830
Sprite/cover-4.asset,Sprite,Assets/RecoveredOriginal/Sprite/Sprite/cover-4.asset,0d53d9629e224ec4da35f66233ca14ba
Sprite/cover-5-bw 1.asset,Sprite,Assets/RecoveredOriginal/Sprite/Sprite/cover-5-bw 1.asset,c35bdf290430c6540aa7bcbac31d4c3f
Sprite/cover-5-bw.asset,Sprite,Assets/RecoveredOriginal/Sprite/Sprite/cover-5-bw.asset,b5f53cee2a93b574188c6ebc2d24c4f4
Sprite/cover-5.asset,Sprite,Assets/RecoveredOriginal/Sprite/Sprite/cover-5.asset,07da8faa9c4dc734ea20ef3206f94a38
Sprite/cover-6.asset,Sprite,Assets/RecoveredOriginal/Sprite/Sprite/cover-6.asset,61bbbaa07a62e1a42aa380fe2ea801f7
Sprite/cover-7-bw.asset,Sprite,Assets/RecoveredOriginal/Sprite/Sprite/cover-7-bw.asset,016beb1a12588754db188c147c2676e9
Sprite/cover-7.asset,Sprite,Assets/RecoveredOriginal/Sprite/Sprite/cover-7.asset,ad820ed6f2904f340a4f9ab360e35497
Sprite/cover-8-bw.asset,Sprite,Assets/RecoveredOriginal/Sprite/Sprite/cover-8-bw.asset,95f1835bd4f281a499e4b0a07fd976fe
Sprite/cover-8.asset,Sprite,Assets/RecoveredOriginal/Sprite/Sprite/cover-8.asset,db2a5bb727d875042a0b1309ce4f4c9f
Sprite/cover-8_0.asset,Sprite,Assets/RecoveredOriginal/Sprite/Sprite/cover-8_0.asset,1ad03515b8ac6aa4bb2b6f27ef0b340d
Sprite/cover-9-bw.asset,Sprite,Assets/RecoveredOriginal/Sprite/Sprite/cover-9-bw.asset,de388a57213070c419807674ae7ae84e
Sprite/cover-9.asset,Sprite,Assets/RecoveredOriginal/Sprite/Sprite/cover-9.asset,9767c9e1539c98f4b9f9b29493cc68aa
Sprite/curve text.asset,Sprite,Assets/RecoveredOriginal/Sprite/Sprite/curve text.asset,8e2e47367e71fd84e935a17053a48492
Sprite/Daily Rewards BG.asset,Sprite,Assets/RecoveredOriginal/Sprite/Sprite/Daily Rewards BG.asset,878f7d5513e05544c8517f4d804b11d4
Sprite/DailyRewardWidgetActive.asset,Sprite,Assets/RecoveredOriginal/Sprite/Sprite/DailyRewardWidgetActive.asset,5c6a06042e5596d44a38d870f02fade6
Sprite/DailyRewardWidgetDeactive.asset,Sprite,Assets/RecoveredOriginal/Sprite/Sprite/DailyRewardWidgetDeactive.asset,cf41652f4b54bd24d9db360af52e9c66
Sprite/DailyRewardWidgetPressed.asset,Sprite,Assets/RecoveredOriginal/Sprite/Sprite/DailyRewardWidgetPressed.asset,6babfd43550b2104c97a3f58d9e4bd4f
Sprite/DAILYTASK-2.asset,Sprite,Assets/RecoveredOriginal/Sprite/Sprite/DAILYTASK-2.asset,a8809ddf1275e444d9e8a83a30602948
Sprite/DailyTaskWidgetActive.asset,Sprite,Assets/RecoveredOriginal/Sprite/Sprite/DailyTaskWidgetActive.asset,4806479c1f21b9a40ae0b6768b42f2b7
Sprite/DailyTaskWidgetDeactive.asset,Sprite,Assets/RecoveredOriginal/Sprite/Sprite/DailyTaskWidgetDeactive.asset,ec17a326b670b994684d1abfc4b7fdf4
Sprite/DailyTaskWidgetPressed.asset,Sprite,Assets/RecoveredOriginal/Sprite/Sprite/DailyTaskWidgetPressed.asset,c51f384ae2f398348abc1b0bcdfd4606
Sprite/DailyTask_Slider_BG.asset,Sprite,Assets/RecoveredOriginal/Sprite/Sprite/DailyTask_Slider_BG.asset,bb5bb9c62f444184d9bf4f5d6e95ba07
Sprite/DailyTask_TaskBG.asset,Sprite,Assets/RecoveredOriginal/Sprite/Sprite/DailyTask_TaskBG.asset,c2248cff065aae74ca0ef5e381d38ae3
Sprite/DailyTask_Task_BG.asset,Sprite,Assets/RecoveredOriginal/Sprite/Sprite/DailyTask_Task_BG.asset,b2789d53e6d2f324fa7bc8e730688316
Sprite/Day_Seven_Active.asset,Sprite,Assets/RecoveredOriginal/Sprite/Sprite/Day_Seven_Active.asset,663eea14b8549d7479c4de2ede00f7c8
Sprite/Day_Seven_Deactive.asset,Sprite,Assets/RecoveredOriginal/Sprite/Sprite/Day_Seven_Deactive.asset,39c8c8d0708911b4b987929d57426194
Sprite/Day_Seven_Pressed.asset,Sprite,Assets/RecoveredOriginal/Sprite/Sprite/Day_Seven_Pressed.asset,73aac57de7f1a6444972675a5913a367
Sprite/down-50.asset,Sprite,Assets/RecoveredOriginal/Sprite/Sprite/down-50.asset,d3b8adbfd00798e4fa71b696fef32c20
Sprite/EarnCoin.asset,Sprite,Assets/RecoveredOriginal/Sprite/Sprite/EarnCoin.asset,fe62a25fabf8c7843820e16174916d6d
Sprite/ExitButton.asset,Sprite,Assets/RecoveredOriginal/Sprite/Sprite/ExitButton.asset,42c70500fee9f8f4db7c8d3a35254229
Sprite/ExitButton_0.asset,Sprite,Assets/RecoveredOriginal/Sprite/Sprite/ExitButton_0.asset,78c8132392fd4d94d9e5c8c6ebe50a3f
Sprite/ezgif-20ad38c5ac22a0_0.asset,Sprite,Assets/RecoveredOriginal/Sprite/Sprite/ezgif-20ad38c5ac22a0_0.asset,7cf2f9022b057ca4a95c212cfa44188c
Sprite/ezgif-20ad38c5ac22a0_1.asset,Sprite,Assets/RecoveredOriginal/Sprite/Sprite/ezgif-20ad38c5ac22a0_1.asset,0362610995fe5be479304febadf9208e
Sprite/ezgif-20ad38c5ac22a0_10.asset,Sprite,Assets/RecoveredOriginal/Sprite/Sprite/ezgif-20ad38c5ac22a0_10.asset,785e754b73422bb4786def67ca2042bc
Sprite/ezgif-20ad38c5ac22a0_11.asset,Sprite,Assets/RecoveredOriginal/Sprite/Sprite/ezgif-20ad38c5ac22a0_11.asset,2475eee4ceb8d0040a0d89e51d2e0531
Sprite/ezgif-20ad38c5ac22a0_12.asset,Sprite,Assets/RecoveredOriginal/Sprite/Sprite/ezgif-20ad38c5ac22a0_12.asset,77ff9463fa1fee849b49fdb1182e255f
Sprite/ezgif-20ad38c5ac22a0_2.asset,Sprite,Assets/RecoveredOriginal/Sprite/Sprite/ezgif-20ad38c5ac22a0_2.asset,4d4a8b2ab489f374592070132db9b718
Sprite/ezgif-20ad38c5ac22a0_3.asset,Sprite,Assets/RecoveredOriginal/Sprite/Sprite/ezgif-20ad38c5ac22a0_3.asset,6d1bacd6e6cdfdb48896f3f0581559ce
Sprite/ezgif-20ad38c5ac22a0_4.asset,Sprite,Assets/RecoveredOriginal/Sprite/Sprite/ezgif-20ad38c5ac22a0_4.asset,5619977a306214d4c979cfb7ab25f70b
Sprite/ezgif-20ad38c5ac22a0_5.asset,Sprite,Assets/RecoveredOriginal/Sprite/Sprite/ezgif-20ad38c5ac22a0_5.asset,2986fe3145c613343ba47d6a921aede5
Sprite/ezgif-20ad38c5ac22a0_6.asset,Sprite,Assets/RecoveredOriginal/Sprite/Sprite/ezgif-20ad38c5ac22a0_6.asset,6d24d57b2e1e56b479ef71f6b744f44c
Sprite/ezgif-20ad38c5ac22a0_7.asset,Sprite,Assets/RecoveredOriginal/Sprite/Sprite/ezgif-20ad38c5ac22a0_7.asset,87dcc1433cdbc534390df67f4ab07e12
Sprite/ezgif-20ad38c5ac22a0_8.asset,Sprite,Assets/RecoveredOriginal/Sprite/Sprite/ezgif-20ad38c5ac22a0_8.asset,79b0c085e33045c4fa385a9a83b1a9ee
Sprite/ezgif-20ad38c5ac22a0_9.asset,Sprite,Assets/RecoveredOriginal/Sprite/Sprite/ezgif-20ad38c5ac22a0_9.asset,be4a3f207ec3b3146ad50b7d547bdea5
Sprite/ezgif-frame-001.asset,Deferred Sprite,SourceData/DeferredImports/Sprite/Sprite/ezgif-frame-001.asset,d5b7ecf8b6bed50489e7926b9fb276c7
Sprite/ezgif-frame-001_0.asset,Deferred Sprite,SourceData/DeferredImports/Sprite/Sprite/ezgif-frame-001_0.asset,44f437a2991a2ae48838e2f5ae2ccaa3
Sprite/ezgif-frame-001_1.asset,Deferred Sprite,SourceData/DeferredImports/Sprite/Sprite/ezgif-frame-001_1.asset,5381d9b396f92b84dac50838537b49a9
Sprite/ezgif-frame-001_2.asset,Deferred Sprite,SourceData/DeferredImports/Sprite/Sprite/ezgif-frame-001_2.asset,62c6e2e969c8cb542845084ecf857b87
Sprite/ezgif-frame-001_3.asset,Deferred Sprite,SourceData/DeferredImports/Sprite/Sprite/ezgif-frame-001_3.asset,3d6a76d2608119c41b2eca4044c9922a
Sprite/ezgif-frame-001_4.asset,Deferred Sprite,SourceData/DeferredImports/Sprite/Sprite/ezgif-frame-001_4.asset,0ade38e4488ed854f9d0c11bab621da2
Sprite/ezgif-frame-001_5.asset,Deferred Sprite,SourceData/DeferredImports/Sprite/Sprite/ezgif-frame-001_5.asset,e623a617e28953c4d81b191377cbe1f9
Sprite/ezgif-frame-002.asset,Deferred Sprite,SourceData/DeferredImports/Sprite/Sprite/ezgif-frame-002.asset,6abc9182c90e8604aaf1325e50f9b92d
Sprite/ezgif-frame-002_0.asset,Deferred Sprite,SourceData/DeferredImports/Sprite/Sprite/ezgif-frame-002_0.asset,0f2a0ad0c3ff54947b3c614c1c3d51ac
Sprite/ezgif-frame-002_1.asset,Deferred Sprite,SourceData/DeferredImports/Sprite/Sprite/ezgif-frame-002_1.asset,7e483b1d76f12204781f41d87550509d
Sprite/ezgif-frame-002_2.asset,Deferred Sprite,SourceData/DeferredImports/Sprite/Sprite/ezgif-frame-002_2.asset,7a244656b841acf48900895ed13b8174
Sprite/ezgif-frame-002_3.asset,Deferred Sprite,SourceData/DeferredImports/Sprite/Sprite/ezgif-frame-002_3.asset,f504cbe5281b2b04bae8e26af2b7a53c
Sprite/ezgif-frame-002_4.asset,Deferred Sprite,SourceData/DeferredImports/Sprite/Sprite/ezgif-frame-002_4.asset,34bd5bd29ab6fe24d94625b9f1eb62de
Sprite/ezgif-frame-002_5.asset,Deferred Sprite,SourceData/DeferredImports/Sprite/Sprite/ezgif-frame-002_5.asset,724edaedbf12771469f15c91f24322d7
Sprite/ezgif-frame-003.asset,Deferred Sprite,SourceData/DeferredImports/Sprite/Sprite/ezgif-frame-003.asset,2aaafee453945204c911d7e5adfc2e15
Sprite/ezgif-frame-003_0.asset,Deferred Sprite,SourceData/DeferredImports/Sprite/Sprite/ezgif-frame-003_0.asset,1f023967e8282cf42b0c1b2491a89afa
Sprite/ezgif-frame-003_1.asset,Deferred Sprite,SourceData/DeferredImports/Sprite/Sprite/ezgif-frame-003_1.asset,57efce4c8bc4b9e47a7fb1619b5dbd1b
Sprite/ezgif-frame-003_2.asset,Deferred Sprite,SourceData/DeferredImports/Sprite/Sprite/ezgif-frame-003_2.asset,ce3dcea2b87e6c44bbf2a9215eb09afc
Sprite/ezgif-frame-003_3.asset,Deferred Sprite,SourceData/DeferredImports/Sprite/Sprite/ezgif-frame-003_3.asset,b6e68c63636f0c5469188e47217d642a
Sprite/ezgif-frame-003_4.asset,Deferred Sprite,SourceData/DeferredImports/Sprite/Sprite/ezgif-frame-003_4.asset,b8c6d3840359bd44d9b4bf5fde921fe6
Sprite/ezgif-frame-003_5.asset,Deferred Sprite,SourceData/DeferredImports/Sprite/Sprite/ezgif-frame-003_5.asset,42b079855eb2c5543b1dfa55cbef4ae9
Sprite/ezgif-frame-004.asset,Deferred Sprite,SourceData/DeferredImports/Sprite/Sprite/ezgif-frame-004.asset,3b60a8a84d8b55e48a470a113b914971
Sprite/ezgif-frame-004_0.asset,Deferred Sprite,SourceData/DeferredImports/Sprite/Sprite/ezgif-frame-004_0.asset,66671065c6173bd428e56f328f47cf05
Sprite/ezgif-frame-004_1.asset,Deferred Sprite,SourceData/DeferredImports/Sprite/Sprite/ezgif-frame-004_1.asset,8f00013ccef74f747ab3b86609b6ad44
Sprite/ezgif-frame-004_2.asset,Deferred Sprite,SourceData/DeferredImports/Sprite/Sprite/ezgif-frame-004_2.asset,03744576d8208ae49a3f94ac19a6e8f2
Sprite/ezgif-frame-004_3.asset,Deferred Sprite,SourceData/DeferredImports/Sprite/Sprite/ezgif-frame-004_3.asset,a4946d0d75453c944ba413faf69b86ac
Sprite/ezgif-frame-004_4.asset,Deferred Sprite,SourceData/DeferredImports/Sprite/Sprite/ezgif-frame-004_4.asset,b05cbea7889b81048b5c0bd2fea64e13
Sprite/ezgif-frame-004_5.asset,Deferred Sprite,SourceData/DeferredImports/Sprite/Sprite/ezgif-frame-004_5.asset,3d04bcdd80aa6474485df2b9a59b7307
Sprite/ezgif-frame-005.asset,Deferred Sprite,SourceData/DeferredImports/Sprite/Sprite/ezgif-frame-005.asset,fc36b4d226bfb8449ab3ee79aec0eca7
Sprite/ezgif-frame-005_0.asset,Deferred Sprite,SourceData/DeferredImports/Sprite/Sprite/ezgif-frame-005_0.asset,c5a1d12e4e861504daf7d80fa1f858ef
Sprite/ezgif-frame-005_1.asset,Deferred Sprite,SourceData/DeferredImports/Sprite/Sprite/ezgif-frame-005_1.asset,fb1bbeaffb698ee458bdefa86a1eae71
Sprite/ezgif-frame-005_2.asset,Deferred Sprite,SourceData/DeferredImports/Sprite/Sprite/ezgif-frame-005_2.asset,c003dc60d182d4544ba277c743c2b74c
Sprite/ezgif-frame-005_3.asset,Deferred Sprite,SourceData/DeferredImports/Sprite/Sprite/ezgif-frame-005_3.asset,d69a334c89126a249b74b7909a3f2e56
Sprite/ezgif-frame-005_4.asset,Deferred Sprite,SourceData/DeferredImports/Sprite/Sprite/ezgif-frame-005_4.asset,c2c0f4397ec667540aa6ea0820ecff57
Sprite/ezgif-frame-005_5.asset,Deferred Sprite,SourceData/DeferredImports/Sprite/Sprite/ezgif-frame-005_5.asset,a8ec6d71d4682ad42bbd93e97eb49ca8
Sprite/ezgif-frame-006.asset,Deferred Sprite,SourceData/DeferredImports/Sprite/Sprite/ezgif-frame-006.asset,dad9acc805c2b9043916934c3d80fd31
Sprite/ezgif-frame-006_0.asset,Deferred Sprite,SourceData/DeferredImports/Sprite/Sprite/ezgif-frame-006_0.asset,8bee99f7e93e85843a2b2671b530142d
Sprite/ezgif-frame-006_1.asset,Deferred Sprite,SourceData/DeferredImports/Sprite/Sprite/ezgif-frame-006_1.asset,c72422b428ccc2e45b7453c6af44978e
Sprite/ezgif-frame-006_2.asset,Deferred Sprite,SourceData/DeferredImports/Sprite/Sprite/ezgif-frame-006_2.asset,5efd4919ea94a674fb841b5bcd032b13
Sprite/ezgif-frame-006_3.asset,Deferred Sprite,SourceData/DeferredImports/Sprite/Sprite/ezgif-frame-006_3.asset,e953cf47818b8674797968dca563e563
Sprite/ezgif-frame-006_4.asset,Deferred Sprite,SourceData/DeferredImports/Sprite/Sprite/ezgif-frame-006_4.asset,b8ee8b6810133754086d0b8d677a77c4
Sprite/ezgif-frame-006_5.asset,Deferred Sprite,SourceData/DeferredImports/Sprite/Sprite/ezgif-frame-006_5.asset,d7b6e4b953980194db88c0373d7fd56e
Sprite/ezgif-frame-007.asset,Deferred Sprite,SourceData/DeferredImports/Sprite/Sprite/ezgif-frame-007.asset,257a59a77a36e8a469602df4a357f3f1
Sprite/ezgif-frame-007_0.asset,Deferred Sprite,SourceData/DeferredImports/Sprite/Sprite/ezgif-frame-007_0.asset,4a963e6de1ae67442ba73465ef4b8917
Sprite/ezgif-frame-007_1.asset,Deferred Sprite,SourceData/DeferredImports/Sprite/Sprite/ezgif-frame-007_1.asset,a58132f2cde4adc4293ea4fd1e8bff98
Sprite/ezgif-frame-007_2.asset,Deferred Sprite,SourceData/DeferredImports/Sprite/Sprite/ezgif-frame-007_2.asset,90c512d726342d648be43bf086c7ea0a
Sprite/ezgif-frame-007_3.asset,Deferred Sprite,SourceData/DeferredImports/Sprite/Sprite/ezgif-frame-007_3.asset,ce7922a53f54c854db755c3c292bf978
Sprite/ezgif-frame-007_4.asset,Deferred Sprite,SourceData/DeferredImports/Sprite/Sprite/ezgif-frame-007_4.asset,bdf218f1852287f449bb90edfd16fea2
Sprite/ezgif-frame-007_5.asset,Deferred Sprite,SourceData/DeferredImports/Sprite/Sprite/ezgif-frame-007_5.asset,9b0f0631e60d32c49b47a88ac55eb749
Sprite/ezgif-frame-008.asset,Deferred Sprite,SourceData/DeferredImports/Sprite/Sprite/ezgif-frame-008.asset,cb1d1793ac1ae4c4384ac4ca1a95c696
Sprite/ezgif-frame-008_0.asset,Deferred Sprite,SourceData/DeferredImports/Sprite/Sprite/ezgif-frame-008_0.asset,b6a247aa978404e46907ed5e48537165
Sprite/ezgif-frame-008_1.asset,Deferred Sprite,SourceData/DeferredImports/Sprite/Sprite/ezgif-frame-008_1.asset,6fcfa1b16e03219429c7d4efa320d1b7
Sprite/ezgif-frame-008_2.asset,Deferred Sprite,SourceData/DeferredImports/Sprite/Sprite/ezgif-frame-008_2.asset,2f23a15cda2a55042ba7d7d8181e18ae
Sprite/ezgif-frame-008_3.asset,Deferred Sprite,SourceData/DeferredImports/Sprite/Sprite/ezgif-frame-008_3.asset,a55a483f35482f24992c54059a1db436
Sprite/ezgif-frame-008_4.asset,Deferred Sprite,SourceData/DeferredImports/Sprite/Sprite/ezgif-frame-008_4.asset,3a57f369ab37a4b4bafc32e61f2f417b
Sprite/ezgif-frame-008_5.asset,Deferred Sprite,SourceData/DeferredImports/Sprite/Sprite/ezgif-frame-008_5.asset,159f64449159f2148bcd2efcd35299e4
Sprite/ezgif-frame-009.asset,Deferred Sprite,SourceData/DeferredImports/Sprite/Sprite/ezgif-frame-009.asset,d0e7f76badbf2234ba135b0e80d82c8d
Sprite/ezgif-frame-009_0.asset,Deferred Sprite,SourceData/DeferredImports/Sprite/Sprite/ezgif-frame-009_0.asset,d571a41918ebe3c44889c791583ec02f
Sprite/ezgif-frame-009_1.asset,Deferred Sprite,SourceData/DeferredImports/Sprite/Sprite/ezgif-frame-009_1.asset,594920711c92ab045b1f7699d5c80d9b
Sprite/ezgif-frame-009_2.asset,Deferred Sprite,SourceData/DeferredImports/Sprite/Sprite/ezgif-frame-009_2.asset,6613d0ce662ebf44a9095765f348417e
Sprite/ezgif-frame-009_3.asset,Deferred Sprite,SourceData/DeferredImports/Sprite/Sprite/ezgif-frame-009_3.asset,ed641537acf79e444a6b38f9334efbdc
Sprite/ezgif-frame-009_4.asset,Deferred Sprite,SourceData/DeferredImports/Sprite/Sprite/ezgif-frame-009_4.asset,a9748c29057222f45a3abddde307322a
Sprite/ezgif-frame-009_5.asset,Deferred Sprite,SourceData/DeferredImports/Sprite/Sprite/ezgif-frame-009_5.asset,ea04919e46266df4f86216ada63c9eca
Sprite/ezgif-frame-010.asset,Deferred Sprite,SourceData/DeferredImports/Sprite/Sprite/ezgif-frame-010.asset,dd0b81b39f6babf4b8a0a9e3ef968c39
Sprite/ezgif-frame-010_0.asset,Deferred Sprite,SourceData/DeferredImports/Sprite/Sprite/ezgif-frame-010_0.asset,80d0d5dd9178ad646853d52842a646b2
Sprite/ezgif-frame-010_1.asset,Deferred Sprite,SourceData/DeferredImports/Sprite/Sprite/ezgif-frame-010_1.asset,1e5dc54a4f15fb94cbe2dfc754b9a662
Sprite/ezgif-frame-010_2.asset,Deferred Sprite,SourceData/DeferredImports/Sprite/Sprite/ezgif-frame-010_2.asset,a7b934d303dca254484a77a21ad2bf74
Sprite/ezgif-frame-010_3.asset,Deferred Sprite,SourceData/DeferredImports/Sprite/Sprite/ezgif-frame-010_3.asset,69fa232da0c4a1740b3d665b44ece49a
Sprite/ezgif-frame-010_4.asset,Deferred Sprite,SourceData/DeferredImports/Sprite/Sprite/ezgif-frame-010_4.asset,bf1bce42efba3954eb2944c6ddf2d66d
Sprite/ezgif-frame-010_5.asset,Deferred Sprite,SourceData/DeferredImports/Sprite/Sprite/ezgif-frame-010_5.asset,4d7993ae5a0849e4ba7e1582076968bb
Sprite/ezgif-frame-011.asset,Deferred Sprite,SourceData/DeferredImports/Sprite/Sprite/ezgif-frame-011.asset,3decf5fe737984e43ad22891567be1e7
Sprite/ezgif-frame-011_0.asset,Deferred Sprite,SourceData/DeferredImports/Sprite/Sprite/ezgif-frame-011_0.asset,ce32ce969a7e85140b4afdf054ba5ed3
Sprite/ezgif-frame-011_1.asset,Deferred Sprite,SourceData/DeferredImports/Sprite/Sprite/ezgif-frame-011_1.asset,ea5c77efb8a44e14aacafae871942e74
Sprite/ezgif-frame-011_2.asset,Deferred Sprite,SourceData/DeferredImports/Sprite/Sprite/ezgif-frame-011_2.asset,8bc4de281f14d5a47bbc4551e26331b7
Sprite/ezgif-frame-011_3.asset,Deferred Sprite,SourceData/DeferredImports/Sprite/Sprite/ezgif-frame-011_3.asset,efed773df5455314aba4ef0da9ba9620
Sprite/ezgif-frame-011_4.asset,Deferred Sprite,SourceData/DeferredImports/Sprite/Sprite/ezgif-frame-011_4.asset,c05612771a7ae664bb23f3df245303dc
Sprite/ezgif-frame-011_5.asset,Deferred Sprite,SourceData/DeferredImports/Sprite/Sprite/ezgif-frame-011_5.asset,5f244a5f513036041a78abac90961804
Sprite/ezgif-frame-012.asset,Deferred Sprite,SourceData/DeferredImports/Sprite/Sprite/ezgif-frame-012.asset,e152c5be5833d1d4fae7528b19593955
Sprite/ezgif-frame-012_0.asset,Deferred Sprite,SourceData/DeferredImports/Sprite/Sprite/ezgif-frame-012_0.asset,539e4587544ed9f41ae57ca869962e9c
Sprite/ezgif-frame-012_1.asset,Deferred Sprite,SourceData/DeferredImports/Sprite/Sprite/ezgif-frame-012_1.asset,d0d3cfd17ec1ec54680b8fb25ed0e516
Sprite/ezgif-frame-012_2.asset,Deferred Sprite,SourceData/DeferredImports/Sprite/Sprite/ezgif-frame-012_2.asset,55e94689dcdea034f945484bdfdecd38
Sprite/ezgif-frame-012_3.asset,Deferred Sprite,SourceData/DeferredImports/Sprite/Sprite/ezgif-frame-012_3.asset,a16e673f64e3ecd4b942b3ccc697807a
Sprite/ezgif-frame-012_4.asset,Deferred Sprite,SourceData/DeferredImports/Sprite/Sprite/ezgif-frame-012_4.asset,26219aedf1360db43abab9101bdd7932
Sprite/ezgif-frame-012_5.asset,Deferred Sprite,SourceData/DeferredImports/Sprite/Sprite/ezgif-frame-012_5.asset,3f4b92e60901ac44b8b8470372799474
Sprite/ezgif-frame-013.asset,Deferred Sprite,SourceData/DeferredImports/Sprite/Sprite/ezgif-frame-013.asset,df830945e3339754aa31253abfca487e
Sprite/ezgif-frame-013_0.asset,Deferred Sprite,SourceData/DeferredImports/Sprite/Sprite/ezgif-frame-013_0.asset,f23ab78321e0aa342a8319c4d00c4c13
Sprite/ezgif-frame-013_1.asset,Deferred Sprite,SourceData/DeferredImports/Sprite/Sprite/ezgif-frame-013_1.asset,5428772b081c5494fbc1a6c0eb912c9c
Sprite/ezgif-frame-013_2.asset,Deferred Sprite,SourceData/DeferredImports/Sprite/Sprite/ezgif-frame-013_2.asset,c0a0c5db3377e3b418732599144399de
Sprite/ezgif-frame-013_3.asset,Deferred Sprite,SourceData/DeferredImports/Sprite/Sprite/ezgif-frame-013_3.asset,57c41aceebd989e409dd2f98b19a9c74
Sprite/ezgif-frame-013_4.asset,Deferred Sprite,SourceData/DeferredImports/Sprite/Sprite/ezgif-frame-013_4.asset,bd57955b10c2de241bdd1167b34e880b
Sprite/ezgif-frame-013_5.asset,Deferred Sprite,SourceData/DeferredImports/Sprite/Sprite/ezgif-frame-013_5.asset,d8879a0bd26264042a733a0c20ba5d5e
Sprite/ezgif-frame-014.asset,Deferred Sprite,SourceData/DeferredImports/Sprite/Sprite/ezgif-frame-014.asset,8771971dbcca79c4492bc05b3b9a63d2
Sprite/ezgif-frame-014_0.asset,Deferred Sprite,SourceData/DeferredImports/Sprite/Sprite/ezgif-frame-014_0.asset,c720701d033345f428553ac5249485bf
Sprite/ezgif-frame-014_1.asset,Deferred Sprite,SourceData/DeferredImports/Sprite/Sprite/ezgif-frame-014_1.asset,7c13262ed52824646af6bf111e7ca691
Sprite/ezgif-frame-014_2.asset,Deferred Sprite,SourceData/DeferredImports/Sprite/Sprite/ezgif-frame-014_2.asset,c7bfce231d57bb140abfa2c6197ed9e3
Sprite/ezgif-frame-014_3.asset,Deferred Sprite,SourceData/DeferredImports/Sprite/Sprite/ezgif-frame-014_3.asset,9a3cddf08232fdb4e91f60b36a700a46
Sprite/ezgif-frame-014_4.asset,Deferred Sprite,SourceData/DeferredImports/Sprite/Sprite/ezgif-frame-014_4.asset,316fc33158d765043af8ac9afef1297e
Sprite/ezgif-frame-014_5.asset,Deferred Sprite,SourceData/DeferredImports/Sprite/Sprite/ezgif-frame-014_5.asset,8615717871b111141a68dfc1815e839b
Sprite/ezgif-frame-015.asset,Deferred Sprite,SourceData/DeferredImports/Sprite/Sprite/ezgif-frame-015.asset,c01a8f40a2fd0c2479a4a9a776dd1ee4
Sprite/ezgif-frame-015_0.asset,Deferred Sprite,SourceData/DeferredImports/Sprite/Sprite/ezgif-frame-015_0.asset,32619ed25816c5940b0b5328cbc0e182
Sprite/ezgif-frame-015_1.asset,Deferred Sprite,SourceData/DeferredImports/Sprite/Sprite/ezgif-frame-015_1.asset,f52d85acc66abf640b715674f567156a
Sprite/ezgif-frame-015_2.asset,Deferred Sprite,SourceData/DeferredImports/Sprite/Sprite/ezgif-frame-015_2.asset,4960a92fdf27f2843a47486a91f02d52
Sprite/ezgif-frame-015_3.asset,Deferred Sprite,SourceData/DeferredImports/Sprite/Sprite/ezgif-frame-015_3.asset,80589ccc96f25f44c92b43a15d87ec97
Sprite/ezgif-frame-015_4.asset,Deferred Sprite,SourceData/DeferredImports/Sprite/Sprite/ezgif-frame-015_4.asset,80188c1d231802c48984ed59af713bea
Sprite/ezgif-frame-015_5.asset,Deferred Sprite,SourceData/DeferredImports/Sprite/Sprite/ezgif-frame-015_5.asset,7e5f2f0c4a0569d4c8aba9a7842f9bef
Sprite/ezgif-frame-016.asset,Deferred Sprite,SourceData/DeferredImports/Sprite/Sprite/ezgif-frame-016.asset,a470d1dd5ea1a6a47b522d12af4b7009
Sprite/ezgif-frame-016_0.asset,Deferred Sprite,SourceData/DeferredImports/Sprite/Sprite/ezgif-frame-016_0.asset,0665c2b3f99b4914e939eb9ab495b901
Sprite/ezgif-frame-016_1.asset,Deferred Sprite,SourceData/DeferredImports/Sprite/Sprite/ezgif-frame-016_1.asset,95696b31ba10f2847bbc2f4b72775a5a
Sprite/ezgif-frame-016_2.asset,Deferred Sprite,SourceData/DeferredImports/Sprite/Sprite/ezgif-frame-016_2.asset,d180d276753ea134c842c4bab92b80df
Sprite/ezgif-frame-016_3.asset,Deferred Sprite,SourceData/DeferredImports/Sprite/Sprite/ezgif-frame-016_3.asset,40d80f5599e139d42ac2a1d845f56ab0
Sprite/ezgif-frame-016_4.asset,Deferred Sprite,SourceData/DeferredImports/Sprite/Sprite/ezgif-frame-016_4.asset,f3ecca967e80cc140bc758dac69048a4
Sprite/ezgif-frame-016_5.asset,Deferred Sprite,SourceData/DeferredImports/Sprite/Sprite/ezgif-frame-016_5.asset,b7b2a6ad3060b2c46933eed5531c0c82
Sprite/ezgif-frame-017.asset,Deferred Sprite,SourceData/DeferredImports/Sprite/Sprite/ezgif-frame-017.asset,5aecf4b6ec3936546adfa366072cce80
Sprite/ezgif-frame-017_0.asset,Deferred Sprite,SourceData/DeferredImports/Sprite/Sprite/ezgif-frame-017_0.asset,31b844db918b93b409444bdef157b35e
Sprite/ezgif-frame-017_1.asset,Deferred Sprite,SourceData/DeferredImports/Sprite/Sprite/ezgif-frame-017_1.asset,4648b8403f767174a9657a4ee62c7b88
Sprite/ezgif-frame-017_2.asset,Deferred Sprite,SourceData/DeferredImports/Sprite/Sprite/ezgif-frame-017_2.asset,5af6ad46937c2f947a8850476396e2e3
Sprite/ezgif-frame-017_3.asset,Deferred Sprite,SourceData/DeferredImports/Sprite/Sprite/ezgif-frame-017_3.asset,1f8173aba911f2b42ac6aec5fbfc10b2
Sprite/ezgif-frame-017_4.asset,Deferred Sprite,SourceData/DeferredImports/Sprite/Sprite/ezgif-frame-017_4.asset,2b3c03377f6bf424ab7feba0cff9adec
Sprite/ezgif-frame-017_5.asset,Deferred Sprite,SourceData/DeferredImports/Sprite/Sprite/ezgif-frame-017_5.asset,4fe77e4673b7af74da902d9e010e474f
Sprite/ezgif-frame-018.asset,Deferred Sprite,SourceData/DeferredImports/Sprite/Sprite/ezgif-frame-018.asset,458f4c31bed664548be60c51bf23f820
Sprite/ezgif-frame-018_0.asset,Deferred Sprite,SourceData/DeferredImports/Sprite/Sprite/ezgif-frame-018_0.asset,aab7a2741a419144e9e8cd1b8d0724ee
Sprite/ezgif-frame-018_1.asset,Deferred Sprite,SourceData/DeferredImports/Sprite/Sprite/ezgif-frame-018_1.asset,ad821161d67061749b69eedf2b70b44b
Sprite/ezgif-frame-018_2.asset,Deferred Sprite,SourceData/DeferredImports/Sprite/Sprite/ezgif-frame-018_2.asset,27611d28fe7403145837c1ccbef013e1
Sprite/ezgif-frame-018_3.asset,Deferred Sprite,SourceData/DeferredImports/Sprite/Sprite/ezgif-frame-018_3.asset,99e3c72276e4c3848aaef64582b37c31
Sprite/ezgif-frame-018_4.asset,Deferred Sprite,SourceData/DeferredImports/Sprite/Sprite/ezgif-frame-018_4.asset,4642006285d3c3e4395f8c40147165a5
Sprite/ezgif-frame-018_5.asset,Deferred Sprite,SourceData/DeferredImports/Sprite/Sprite/ezgif-frame-018_5.asset,4a0289874e66389419bee83fb4b1d8f4
Sprite/ezgif-frame-019.asset,Deferred Sprite,SourceData/DeferredImports/Sprite/Sprite/ezgif-frame-019.asset,0a878eecb43f4a446943d46f483ecd6d
Sprite/ezgif-frame-019_0.asset,Deferred Sprite,SourceData/DeferredImports/Sprite/Sprite/ezgif-frame-019_0.asset,05057f918270bfd409287863d693c876
Sprite/ezgif-frame-019_1.asset,Deferred Sprite,SourceData/DeferredImports/Sprite/Sprite/ezgif-frame-019_1.asset,3e8e14570ffb09144a4176b39cf4dbd6
Sprite/ezgif-frame-019_2.asset,Deferred Sprite,SourceData/DeferredImports/Sprite/Sprite/ezgif-frame-019_2.asset,3101a9dde48144b4a830e377c8767b96
Sprite/ezgif-frame-019_3.asset,Deferred Sprite,SourceData/DeferredImports/Sprite/Sprite/ezgif-frame-019_3.asset,1766be6b126675544ab8b6390e1f3272
Sprite/ezgif-frame-019_4.asset,Deferred Sprite,SourceData/DeferredImports/Sprite/Sprite/ezgif-frame-019_4.asset,f719ccc714de0fd4a84aef3bfcd7896d
Sprite/ezgif-frame-019_5.asset,Deferred Sprite,SourceData/DeferredImports/Sprite/Sprite/ezgif-frame-019_5.asset,f5e880c535a196044ab5aca9ac58c859
Sprite/ezgif-frame-020.asset,Deferred Sprite,SourceData/DeferredImports/Sprite/Sprite/ezgif-frame-020.asset,895d4fd48ff55b040b575f0f602dd267
Sprite/ezgif-frame-020_0.asset,Deferred Sprite,SourceData/DeferredImports/Sprite/Sprite/ezgif-frame-020_0.asset,0c32076d46b45464389a617cf89e8b6f
Sprite/ezgif-frame-020_1.asset,Deferred Sprite,SourceData/DeferredImports/Sprite/Sprite/ezgif-frame-020_1.asset,c98cac01a693cb9468884cfdafaafa98
Sprite/ezgif-frame-020_2.asset,Deferred Sprite,SourceData/DeferredImports/Sprite/Sprite/ezgif-frame-020_2.asset,dec6bb8ad06e8b44bb4d9be2f36c26ce
Sprite/ezgif-frame-020_3.asset,Deferred Sprite,SourceData/DeferredImports/Sprite/Sprite/ezgif-frame-020_3.asset,2c9424de65fd2af4abc1c382468c4162
Sprite/ezgif-frame-020_4.asset,Deferred Sprite,SourceData/DeferredImports/Sprite/Sprite/ezgif-frame-020_4.asset,fc7e42ce56454b84981251f1dc37a470
Sprite/ezgif-frame-021.asset,Deferred Sprite,SourceData/DeferredImports/Sprite/Sprite/ezgif-frame-021.asset,6dfe0bf57222fcf4e80a3365d6fd8502
Sprite/ezgif-frame-021_0.asset,Deferred Sprite,SourceData/DeferredImports/Sprite/Sprite/ezgif-frame-021_0.asset,26bea57ee35ca8541ae5bfa202d79e46
Sprite/ezgif-frame-021_1.asset,Deferred Sprite,SourceData/DeferredImports/Sprite/Sprite/ezgif-frame-021_1.asset,1bfe9e5c94ec510478edd938d4f4dc19
Sprite/ezgif-frame-021_2.asset,Deferred Sprite,SourceData/DeferredImports/Sprite/Sprite/ezgif-frame-021_2.asset,e35d88a33a919db43a8100adaf2aa70e
Sprite/ezgif-frame-021_3.asset,Deferred Sprite,SourceData/DeferredImports/Sprite/Sprite/ezgif-frame-021_3.asset,fc4ee49471276134f8ab02ab716ac6c3
Sprite/ezgif-frame-021_4.asset,Deferred Sprite,SourceData/DeferredImports/Sprite/Sprite/ezgif-frame-021_4.asset,e48f807c883a6d64f9a435906e2cb613
Sprite/ezgif-frame-022.asset,Deferred Sprite,SourceData/DeferredImports/Sprite/Sprite/ezgif-frame-022.asset,1ae73f8a17553374ea14c835d6be60e8
Sprite/ezgif-frame-022_0.asset,Deferred Sprite,SourceData/DeferredImports/Sprite/Sprite/ezgif-frame-022_0.asset,b38a5e5128e3122479d19c3500e15a86
Sprite/ezgif-frame-022_1.asset,Deferred Sprite,SourceData/DeferredImports/Sprite/Sprite/ezgif-frame-022_1.asset,e63b574287a084f47b8b126839bf5a0f
Sprite/ezgif-frame-022_2.asset,Deferred Sprite,SourceData/DeferredImports/Sprite/Sprite/ezgif-frame-022_2.asset,0e8710a1771f7be4cbf5feba001961e5
Sprite/ezgif-frame-022_3.asset,Deferred Sprite,SourceData/DeferredImports/Sprite/Sprite/ezgif-frame-022_3.asset,df4e4add45135d541b0b61622a5f870f
Sprite/ezgif-frame-022_4.asset,Deferred Sprite,SourceData/DeferredImports/Sprite/Sprite/ezgif-frame-022_4.asset,cffdd510c2dbd5b4cb73463a23e58c5e
Sprite/ezgif-frame-023.asset,Deferred Sprite,SourceData/DeferredImports/Sprite/Sprite/ezgif-frame-023.asset,a68e6f4c4ee5daf4d868fe31005bee96
Sprite/ezgif-frame-023_0.asset,Deferred Sprite,SourceData/DeferredImports/Sprite/Sprite/ezgif-frame-023_0.asset,c526e57bf3ea3d94fbbe7febb3c83025
Sprite/ezgif-frame-023_1.asset,Deferred Sprite,SourceData/DeferredImports/Sprite/Sprite/ezgif-frame-023_1.asset,c2b2079ce99a3104f99e0956dbd43daa
Sprite/ezgif-frame-023_2.asset,Deferred Sprite,SourceData/DeferredImports/Sprite/Sprite/ezgif-frame-023_2.asset,8573b77a855f58240a9f11786210a946
Sprite/ezgif-frame-023_3.asset,Deferred Sprite,SourceData/DeferredImports/Sprite/Sprite/ezgif-frame-023_3.asset,1c236e1422e66c34897cfc69a2069aff
Sprite/ezgif-frame-023_4.asset,Deferred Sprite,SourceData/DeferredImports/Sprite/Sprite/ezgif-frame-023_4.asset,5ae248751d590ad4e9a01e93b6036ffd
Sprite/ezgif-frame-024.asset,Deferred Sprite,SourceData/DeferredImports/Sprite/Sprite/ezgif-frame-024.asset,30c2bd70fbd127d4ba37298b43ec1af1
Sprite/ezgif-frame-024_0.asset,Deferred Sprite,SourceData/DeferredImports/Sprite/Sprite/ezgif-frame-024_0.asset,cec9d296868cb8d41b3614114993ebe1
Sprite/ezgif-frame-024_1.asset,Deferred Sprite,SourceData/DeferredImports/Sprite/Sprite/ezgif-frame-024_1.asset,0c3b1fa2aaf23664888da107f77e9648
Sprite/ezgif-frame-024_2.asset,Deferred Sprite,SourceData/DeferredImports/Sprite/Sprite/ezgif-frame-024_2.asset,6314f5afa0db8db4da074a0f5ad6d2c5
Sprite/ezgif-frame-024_3.asset,Deferred Sprite,SourceData/DeferredImports/Sprite/Sprite/ezgif-frame-024_3.asset,9384d4726f5dec04a960476a275f85bf
Sprite/ezgif-frame-024_4.asset,Deferred Sprite,SourceData/DeferredImports/Sprite/Sprite/ezgif-frame-024_4.asset,9eb975eafba56f645a1a3cd882899562
Sprite/ezgif-frame-025.asset,Deferred Sprite,SourceData/DeferredImports/Sprite/Sprite/ezgif-frame-025.asset,31f24121df0133c40b50b9aa162390c2
Sprite/ezgif-frame-025_0.asset,Deferred Sprite,SourceData/DeferredImports/Sprite/Sprite/ezgif-frame-025_0.asset,96926f26dab45034485c7a1e6ca782be
Sprite/ezgif-frame-025_1.asset,Deferred Sprite,SourceData/DeferredImports/Sprite/Sprite/ezgif-frame-025_1.asset,cdb542b28df8a3345a3b8c43f015e54b
Sprite/ezgif-frame-025_2.asset,Deferred Sprite,SourceData/DeferredImports/Sprite/Sprite/ezgif-frame-025_2.asset,f1d133c18cf07a3419193a6e0f428c22
Sprite/ezgif-frame-025_3.asset,Deferred Sprite,SourceData/DeferredImports/Sprite/Sprite/ezgif-frame-025_3.asset,7fa3b33f91f06a440aeccd0ecfc18672
Sprite/ezgif-frame-025_4.asset,Deferred Sprite,SourceData/DeferredImports/Sprite/Sprite/ezgif-frame-025_4.asset,c0ba264ba9ac3ed409721a69c9d0ac75
Sprite/ezgif-frame-026.asset,Deferred Sprite,SourceData/DeferredImports/Sprite/Sprite/ezgif-frame-026.asset,5660aac485c32b0459b0d8a370cbf9d4
Sprite/ezgif-frame-026_0.asset,Deferred Sprite,SourceData/DeferredImports/Sprite/Sprite/ezgif-frame-026_0.asset,3956e52a164fe3a48b6581f9476fcba0
Sprite/ezgif-frame-026_1.asset,Deferred Sprite,SourceData/DeferredImports/Sprite/Sprite/ezgif-frame-026_1.asset,9ab1d40b6f3244f42a0e1315f0f69a7d
Sprite/ezgif-frame-026_2.asset,Deferred Sprite,SourceData/DeferredImports/Sprite/Sprite/ezgif-frame-026_2.asset,6ebaf5f0f3f657d4485c0e3585bada94
Sprite/ezgif-frame-026_3.asset,Deferred Sprite,SourceData/DeferredImports/Sprite/Sprite/ezgif-frame-026_3.asset,03aa5e32638f70f41b15a89df0847c72
Sprite/ezgif-frame-026_4.asset,Deferred Sprite,SourceData/DeferredImports/Sprite/Sprite/ezgif-frame-026_4.asset,69c9721cbe79518459bde3d0b1df838a
Sprite/ezgif-frame-027.asset,Deferred Sprite,SourceData/DeferredImports/Sprite/Sprite/ezgif-frame-027.asset,97df006f77f77b543b2042af98010479
Sprite/ezgif-frame-027_0.asset,Deferred Sprite,SourceData/DeferredImports/Sprite/Sprite/ezgif-frame-027_0.asset,2c6ad813385fa374eb2fb0106b9c9c95
Sprite/ezgif-frame-027_1.asset,Deferred Sprite,SourceData/DeferredImports/Sprite/Sprite/ezgif-frame-027_1.asset,e6ea3872d97dace4a82dc4c716976c91
Sprite/ezgif-frame-027_2.asset,Deferred Sprite,SourceData/DeferredImports/Sprite/Sprite/ezgif-frame-027_2.asset,c1f214bb65eff1941b864f135fdd954a
Sprite/ezgif-frame-027_3.asset,Deferred Sprite,SourceData/DeferredImports/Sprite/Sprite/ezgif-frame-027_3.asset,86c715e74a1c2994f89b6ce2a2902578
Sprite/ezgif-frame-027_4.asset,Deferred Sprite,SourceData/DeferredImports/Sprite/Sprite/ezgif-frame-027_4.asset,18f0e03ebd6675d4f9c6ebda06f58d96
Sprite/ezgif-frame-028.asset,Deferred Sprite,SourceData/DeferredImports/Sprite/Sprite/ezgif-frame-028.asset,e892295a1f0329040a08459774637b85
Sprite/ezgif-frame-028_0.asset,Deferred Sprite,SourceData/DeferredImports/Sprite/Sprite/ezgif-frame-028_0.asset,a031ab25390cc304192b8ffc7fe19ce1
Sprite/ezgif-frame-028_1.asset,Deferred Sprite,SourceData/DeferredImports/Sprite/Sprite/ezgif-frame-028_1.asset,b45372774c8999e4e880d3be87699814
Sprite/ezgif-frame-028_2.asset,Deferred Sprite,SourceData/DeferredImports/Sprite/Sprite/ezgif-frame-028_2.asset,b9972df6bf399b349b88780a0a0498be
Sprite/ezgif-frame-028_3.asset,Deferred Sprite,SourceData/DeferredImports/Sprite/Sprite/ezgif-frame-028_3.asset,969076159f3b00a4282a594b4809586a
Sprite/ezgif-frame-029.asset,Deferred Sprite,SourceData/DeferredImports/Sprite/Sprite/ezgif-frame-029.asset,11ebc45f24e804c4e8de612114bd29f8
Sprite/ezgif-frame-029_0.asset,Deferred Sprite,SourceData/DeferredImports/Sprite/Sprite/ezgif-frame-029_0.asset,6f2fadf7b8faa0d4da114532cb9d417d
Sprite/ezgif-frame-029_1.asset,Deferred Sprite,SourceData/DeferredImports/Sprite/Sprite/ezgif-frame-029_1.asset,351cac95fe6b37144938b5d891e3bd20
Sprite/ezgif-frame-029_2.asset,Deferred Sprite,SourceData/DeferredImports/Sprite/Sprite/ezgif-frame-029_2.asset,6b1a09308e8d5e64f98d2597566dcd40
Sprite/ezgif-frame-029_3.asset,Deferred Sprite,SourceData/DeferredImports/Sprite/Sprite/ezgif-frame-029_3.asset,9681cd0ce124f83479588edf6dc4fb3c
Sprite/ezgif-frame-030.asset,Deferred Sprite,SourceData/DeferredImports/Sprite/Sprite/ezgif-frame-030.asset,af10c8d55c81a1244936cd25a828a17e
Sprite/ezgif-frame-030_0.asset,Deferred Sprite,SourceData/DeferredImports/Sprite/Sprite/ezgif-frame-030_0.asset,84a81eda9411ecf49ad94f5b48a13261
Sprite/ezgif-frame-030_1.asset,Deferred Sprite,SourceData/DeferredImports/Sprite/Sprite/ezgif-frame-030_1.asset,72cc6f51f97998e43ab34fe464e257de
Sprite/ezgif-frame-030_2.asset,Deferred Sprite,SourceData/DeferredImports/Sprite/Sprite/ezgif-frame-030_2.asset,243f08da14e3dbf48905f773acc400b5
Sprite/ezgif-frame-030_3.asset,Deferred Sprite,SourceData/DeferredImports/Sprite/Sprite/ezgif-frame-030_3.asset,ceac41af66a83ab4a8103eebd7b9074c
Sprite/ezgif-frame-031.asset,Deferred Sprite,SourceData/DeferredImports/Sprite/Sprite/ezgif-frame-031.asset,d5740273a352bf14f8eea8b2afb27c02
Sprite/ezgif-frame-031_0.asset,Deferred Sprite,SourceData/DeferredImports/Sprite/Sprite/ezgif-frame-031_0.asset,f0b7f48524678284aa1e917655539fa3
Sprite/ezgif-frame-031_1.asset,Deferred Sprite,SourceData/DeferredImports/Sprite/Sprite/ezgif-frame-031_1.asset,212aa4ed049a9aa4ab0bca3e6bd0166f
Sprite/ezgif-frame-031_2.asset,Deferred Sprite,SourceData/DeferredImports/Sprite/Sprite/ezgif-frame-031_2.asset,0110ecf644adcf9498caddbdd098dec1
Sprite/ezgif-frame-031_3.asset,Deferred Sprite,SourceData/DeferredImports/Sprite/Sprite/ezgif-frame-031_3.asset,de0ba3e9a4cb4c643a8cc9626cc00ebe
Sprite/ezgif-frame-032.asset,Deferred Sprite,SourceData/DeferredImports/Sprite/Sprite/ezgif-frame-032.asset,ee2d2f610309a224990e1106618dd905
Sprite/ezgif-frame-032_0.asset,Deferred Sprite,SourceData/DeferredImports/Sprite/Sprite/ezgif-frame-032_0.asset,348cb51db29bcab44ba773a4b98acf22
Sprite/ezgif-frame-032_1.asset,Deferred Sprite,SourceData/DeferredImports/Sprite/Sprite/ezgif-frame-032_1.asset,f171b76b56f041b4aae1ecce18e1c41a
Sprite/ezgif-frame-032_2.asset,Deferred Sprite,SourceData/DeferredImports/Sprite/Sprite/ezgif-frame-032_2.asset,990f9b8dab615d04aa44ee0976e8f787
Sprite/ezgif-frame-032_3.asset,Deferred Sprite,SourceData/DeferredImports/Sprite/Sprite/ezgif-frame-032_3.asset,119f263c3bd04234f8caf59fc82d92d0
Sprite/ezgif-frame-033.asset,Deferred Sprite,SourceData/DeferredImports/Sprite/Sprite/ezgif-frame-033.asset,81569e788f964f44ba47f2fe4679d6d4
Sprite/ezgif-frame-033_0.asset,Deferred Sprite,SourceData/DeferredImports/Sprite/Sprite/ezgif-frame-033_0.asset,5404d921fa699854481c6ac528152ee6
Sprite/ezgif-frame-033_1.asset,Deferred Sprite,SourceData/DeferredImports/Sprite/Sprite/ezgif-frame-033_1.asset,e7fad276e32aad94a8431f185ac9b5e0
Sprite/ezgif-frame-033_2.asset,Deferred Sprite,SourceData/DeferredImports/Sprite/Sprite/ezgif-frame-033_2.asset,236865dd945e01c4b9eceb4f5f587b53
Sprite/ezgif-frame-033_3.asset,Deferred Sprite,SourceData/DeferredImports/Sprite/Sprite/ezgif-frame-033_3.asset,350d3e052ce5e254094f22e284f5fa28
Sprite/ezgif-frame-034.asset,Deferred Sprite,SourceData/DeferredImports/Sprite/Sprite/ezgif-frame-034.asset,25bbcae6f7cf19546bc1ca01b21e99a4
Sprite/ezgif-frame-034_0.asset,Deferred Sprite,SourceData/DeferredImports/Sprite/Sprite/ezgif-frame-034_0.asset,afd52caa2515b894fb2fb64e0318ff7f
Sprite/ezgif-frame-034_1.asset,Deferred Sprite,SourceData/DeferredImports/Sprite/Sprite/ezgif-frame-034_1.asset,00cce6ffaef07cf459ec9e0ddcae3761
Sprite/ezgif-frame-034_2.asset,Deferred Sprite,SourceData/DeferredImports/Sprite/Sprite/ezgif-frame-034_2.asset,c0be3e92b6c02194482d7dd72cb2c4d6
Sprite/ezgif-frame-034_3.asset,Deferred Sprite,SourceData/DeferredImports/Sprite/Sprite/ezgif-frame-034_3.asset,b69c3f9a59a7b894587d49a55814f1ef
Sprite/ezgif-frame-035.asset,Deferred Sprite,SourceData/DeferredImports/Sprite/Sprite/ezgif-frame-035.asset,e42610ed9471c214ca53c0b9d30e6042
Sprite/ezgif-frame-035_0.asset,Deferred Sprite,SourceData/DeferredImports/Sprite/Sprite/ezgif-frame-035_0.asset,1cd76aed031c6e649aaa1ad07a37c17d
Sprite/ezgif-frame-035_1.asset,Deferred Sprite,SourceData/DeferredImports/Sprite/Sprite/ezgif-frame-035_1.asset,c52d546860b6f2c4ab0413d3961409a5
Sprite/ezgif-frame-035_2.asset,Deferred Sprite,SourceData/DeferredImports/Sprite/Sprite/ezgif-frame-035_2.asset,a9dab954366c7f24ebade8232a34d634
Sprite/ezgif-frame-036.asset,Deferred Sprite,SourceData/DeferredImports/Sprite/Sprite/ezgif-frame-036.asset,59e96945259156c40bbf94bb2dad44e3
Sprite/ezgif-frame-036_0.asset,Deferred Sprite,SourceData/DeferredImports/Sprite/Sprite/ezgif-frame-036_0.asset,059b9340ddd64a14bb10c7b6f59062d7
Sprite/ezgif-frame-036_1.asset,Deferred Sprite,SourceData/DeferredImports/Sprite/Sprite/ezgif-frame-036_1.asset,576abf316770b2a4184a7454e61fb4cd
Sprite/ezgif-frame-036_2.asset,Deferred Sprite,SourceData/DeferredImports/Sprite/Sprite/ezgif-frame-036_2.asset,5b5afd2a3a80c6d47b16e226d6a87f54
Sprite/ezgif-frame-037.asset,Deferred Sprite,SourceData/DeferredImports/Sprite/Sprite/ezgif-frame-037.asset,f644bdf2a68b02e4aa911511ddd23a6b
Sprite/ezgif-frame-037_0.asset,Deferred Sprite,SourceData/DeferredImports/Sprite/Sprite/ezgif-frame-037_0.asset,44a7d53c6d968d54ebee570513a9db42
Sprite/ezgif-frame-037_1.asset,Deferred Sprite,SourceData/DeferredImports/Sprite/Sprite/ezgif-frame-037_1.asset,64affcd18d66e1b40bb8dd972d48dfe3
Sprite/ezgif-frame-037_2.asset,Deferred Sprite,SourceData/DeferredImports/Sprite/Sprite/ezgif-frame-037_2.asset,53485784e2466a44b89a609e17fdc4d9
Sprite/ezgif-frame-038.asset,Deferred Sprite,SourceData/DeferredImports/Sprite/Sprite/ezgif-frame-038.asset,d8d1290eca43179488f56efb665163ff
Sprite/ezgif-frame-038_0.asset,Deferred Sprite,SourceData/DeferredImports/Sprite/Sprite/ezgif-frame-038_0.asset,2b1f0ec2ba0b3024fa78dbd66ad50bb0
Sprite/ezgif-frame-038_1.asset,Deferred Sprite,SourceData/DeferredImports/Sprite/Sprite/ezgif-frame-038_1.asset,ed253f90728cde747a24af272a3f10c1
Sprite/ezgif-frame-038_2.asset,Deferred Sprite,SourceData/DeferredImports/Sprite/Sprite/ezgif-frame-038_2.asset,e8329d796e9da29469c9b3c9e75b73c3
Sprite/ezgif-frame-039.asset,Deferred Sprite,SourceData/DeferredImports/Sprite/Sprite/ezgif-frame-039.asset,b86f6512535727d4aa4a007bd8a1f693
Sprite/ezgif-frame-039_0.asset,Deferred Sprite,SourceData/DeferredImports/Sprite/Sprite/ezgif-frame-039_0.asset,22a4a9eae16d6d440a4ee887094f4f02
Sprite/ezgif-frame-039_1.asset,Deferred Sprite,SourceData/DeferredImports/Sprite/Sprite/ezgif-frame-039_1.asset,5c0306b34a3422a41b8f6e111cc62c62
Sprite/ezgif-frame-039_2.asset,Deferred Sprite,SourceData/DeferredImports/Sprite/Sprite/ezgif-frame-039_2.asset,97613ee338402134ea61022cc737d656
Sprite/ezgif-frame-040.asset,Deferred Sprite,SourceData/DeferredImports/Sprite/Sprite/ezgif-frame-040.asset,ce55126bf2dd64d46bc28bc9b284e80c
Sprite/ezgif-frame-040_0.asset,Deferred Sprite,SourceData/DeferredImports/Sprite/Sprite/ezgif-frame-040_0.asset,786f745d83b31394c91368ecc66f55b8
Sprite/ezgif-frame-040_1.asset,Deferred Sprite,SourceData/DeferredImports/Sprite/Sprite/ezgif-frame-040_1.asset,290b597780a7cc2428d38e8d59ed03f0
Sprite/ezgif-frame-040_2.asset,Deferred Sprite,SourceData/DeferredImports/Sprite/Sprite/ezgif-frame-040_2.asset,9cd959823a154e54c8d1bba27fa914c6
Sprite/ezgif-frame-041.asset,Deferred Sprite,SourceData/DeferredImports/Sprite/Sprite/ezgif-frame-041.asset,c8b101e4e42ad744e96a223f06370492
Sprite/ezgif-frame-041_0.asset,Deferred Sprite,SourceData/DeferredImports/Sprite/Sprite/ezgif-frame-041_0.asset,c851a65c1ef61694399f3b68159e6e41
Sprite/ezgif-frame-041_1.asset,Deferred Sprite,SourceData/DeferredImports/Sprite/Sprite/ezgif-frame-041_1.asset,36f92a6d171a7624ba6ce1323e4795b6
Sprite/ezgif-frame-041_2.asset,Deferred Sprite,SourceData/DeferredImports/Sprite/Sprite/ezgif-frame-041_2.asset,481cf57306479ef47acad12569d49bf7
Sprite/ezgif-frame-042.asset,Deferred Sprite,SourceData/DeferredImports/Sprite/Sprite/ezgif-frame-042.asset,06a90490aa6ceef4d965dbd302d1649b
Sprite/ezgif-frame-042_0.asset,Deferred Sprite,SourceData/DeferredImports/Sprite/Sprite/ezgif-frame-042_0.asset,d8a29996b79262046aafc2e9880a4309
Sprite/ezgif-frame-042_1.asset,Deferred Sprite,SourceData/DeferredImports/Sprite/Sprite/ezgif-frame-042_1.asset,e5dd69ae4cbaf7740b97ff9afb012185
Sprite/ezgif-frame-042_2.asset,Deferred Sprite,SourceData/DeferredImports/Sprite/Sprite/ezgif-frame-042_2.asset,20ba1470cdaf7d84f81d4cc1381abf26
Sprite/ezgif-frame-043.asset,Deferred Sprite,SourceData/DeferredImports/Sprite/Sprite/ezgif-frame-043.asset,2c8fb2ad3d402404eb37b267d04772a0
Sprite/ezgif-frame-043_0.asset,Deferred Sprite,SourceData/DeferredImports/Sprite/Sprite/ezgif-frame-043_0.asset,b6ba59054f3417146a8c8689af4652d9
Sprite/ezgif-frame-043_1.asset,Deferred Sprite,SourceData/DeferredImports/Sprite/Sprite/ezgif-frame-043_1.asset,22d70d90c669daa45b1d5a35cb70b727
Sprite/ezgif-frame-043_2.asset,Deferred Sprite,SourceData/DeferredImports/Sprite/Sprite/ezgif-frame-043_2.asset,c3f91f20f7f354f47bbdeaa05074a4ef
Sprite/ezgif-frame-044.asset,Deferred Sprite,SourceData/DeferredImports/Sprite/Sprite/ezgif-frame-044.asset,46e8f740e9ea03f4b83b0edd8a7dca12
Sprite/ezgif-frame-044_0.asset,Deferred Sprite,SourceData/DeferredImports/Sprite/Sprite/ezgif-frame-044_0.asset,2b54c0176df1cfd49aac71b668db1879
Sprite/ezgif-frame-044_1.asset,Deferred Sprite,SourceData/DeferredImports/Sprite/Sprite/ezgif-frame-044_1.asset,439e41db1726a274daa8422b228cfc6c
Sprite/ezgif-frame-044_2.asset,Deferred Sprite,SourceData/DeferredImports/Sprite/Sprite/ezgif-frame-044_2.asset,666ee2f4377ffc943a03b9d6cb6dabad
Sprite/ezgif-frame-045.asset,Deferred Sprite,SourceData/DeferredImports/Sprite/Sprite/ezgif-frame-045.asset,47fdafc8edd80ff4a81975733cb4e116
Sprite/ezgif-frame-045_0.asset,Deferred Sprite,SourceData/DeferredImports/Sprite/Sprite/ezgif-frame-045_0.asset,87d383a2974e92246b34307381cc4de0
Sprite/ezgif-frame-045_1.asset,Deferred Sprite,SourceData/DeferredImports/Sprite/Sprite/ezgif-frame-045_1.asset,f48c4736be085bd49bcba823352e5823
Sprite/ezgif-frame-046.asset,Deferred Sprite,SourceData/DeferredImports/Sprite/Sprite/ezgif-frame-046.asset,d206a8e8ef57a2e4288ab15da056640b
Sprite/ezgif-frame-046_0.asset,Deferred Sprite,SourceData/DeferredImports/Sprite/Sprite/ezgif-frame-046_0.asset,cb08569ee62258f489eeed2f3c11ef78
Sprite/ezgif-frame-046_1.asset,Deferred Sprite,SourceData/DeferredImports/Sprite/Sprite/ezgif-frame-046_1.asset,cfe5d54bdceacb84bb4275e3061956fa
Sprite/ezgif-frame-047.asset,Deferred Sprite,SourceData/DeferredImports/Sprite/Sprite/ezgif-frame-047.asset,9c6c7c5a7dce6c143acfd3fb8b2b0f30
Sprite/ezgif-frame-047_0.asset,Deferred Sprite,SourceData/DeferredImports/Sprite/Sprite/ezgif-frame-047_0.asset,16d260668952e034a8da1e1f4da8e6fe
Sprite/ezgif-frame-047_1.asset,Deferred Sprite,SourceData/DeferredImports/Sprite/Sprite/ezgif-frame-047_1.asset,d215454d97e65ea4ea0563f93bf7ac1e
Sprite/ezgif-frame-048.asset,Deferred Sprite,SourceData/DeferredImports/Sprite/Sprite/ezgif-frame-048.asset,35e269d990d6e9f4e9a54e77066c0eb0
Sprite/ezgif-frame-048_0.asset,Deferred Sprite,SourceData/DeferredImports/Sprite/Sprite/ezgif-frame-048_0.asset,ff324a11ca766754cb7d57c3f3f6e50b
Sprite/ezgif-frame-048_1.asset,Deferred Sprite,SourceData/DeferredImports/Sprite/Sprite/ezgif-frame-048_1.asset,d1cc8e6929ef39241a6229846da7f543
Sprite/ezgif-frame-049.asset,Deferred Sprite,SourceData/DeferredImports/Sprite/Sprite/ezgif-frame-049.asset,e528a3f025e95604bb2029dc070587b8
Sprite/ezgif-frame-049_0.asset,Deferred Sprite,SourceData/DeferredImports/Sprite/Sprite/ezgif-frame-049_0.asset,6d869cfcb8e1af749af569981e2b424a
Sprite/ezgif-frame-049_1.asset,Deferred Sprite,SourceData/DeferredImports/Sprite/Sprite/ezgif-frame-049_1.asset,6d03af2e797579e4381ada1a91994994
Sprite/ezgif-frame-050.asset,Deferred Sprite,SourceData/DeferredImports/Sprite/Sprite/ezgif-frame-050.asset,89c155c38d9a1914496e19e64971e266
Sprite/ezgif-frame-050_0.asset,Deferred Sprite,SourceData/DeferredImports/Sprite/Sprite/ezgif-frame-050_0.asset,8cb518343daaf4c4aa59bca4576737b8
Sprite/ezgif-frame-050_1.asset,Deferred Sprite,SourceData/DeferredImports/Sprite/Sprite/ezgif-frame-050_1.asset,4d9deb00fc565e749a13c50181ec94bd
Sprite/ezgif-frame-051.asset,Deferred Sprite,SourceData/DeferredImports/Sprite/Sprite/ezgif-frame-051.asset,6608178a8e67d1f4abb440618d97f28c
Sprite/ezgif-frame-051_0.asset,Deferred Sprite,SourceData/DeferredImports/Sprite/Sprite/ezgif-frame-051_0.asset,fd5d2ee0c124a5848935c939337681b7
Sprite/ezgif-frame-051_1.asset,Deferred Sprite,SourceData/DeferredImports/Sprite/Sprite/ezgif-frame-051_1.asset,503de925a91521142a905c6a4588b9d9
Sprite/ezgif-frame-052.asset,Deferred Sprite,SourceData/DeferredImports/Sprite/Sprite/ezgif-frame-052.asset,064bceee95a09e9429bfc957e6a0eeaf
Sprite/ezgif-frame-052_0.asset,Deferred Sprite,SourceData/DeferredImports/Sprite/Sprite/ezgif-frame-052_0.asset,3c5f5b56cc352794da0007a13338cd92
Sprite/ezgif-frame-052_1.asset,Deferred Sprite,SourceData/DeferredImports/Sprite/Sprite/ezgif-frame-052_1.asset,d9eb6bab9e0ed5e4db80b95b7ec4e85d
Sprite/ezgif-frame-053.asset,Deferred Sprite,SourceData/DeferredImports/Sprite/Sprite/ezgif-frame-053.asset,003bd6c0b53e61b47ad34b608c9fb696
Sprite/ezgif-frame-053_0.asset,Deferred Sprite,SourceData/DeferredImports/Sprite/Sprite/ezgif-frame-053_0.asset,ed41207d0e7726c49a35e1fe9d037257
Sprite/ezgif-frame-053_1.asset,Deferred Sprite,SourceData/DeferredImports/Sprite/Sprite/ezgif-frame-053_1.asset,d3094833374245a45a70eb89012b2256
Sprite/ezgif-frame-054.asset,Deferred Sprite,SourceData/DeferredImports/Sprite/Sprite/ezgif-frame-054.asset,5b9cc223f0b075e4697cd1bd9dcc8c2c
Sprite/ezgif-frame-054_0.asset,Deferred Sprite,SourceData/DeferredImports/Sprite/Sprite/ezgif-frame-054_0.asset,87a1f921361d1434cba0d9656e3801b7
Sprite/ezgif-frame-054_1.asset,Deferred Sprite,SourceData/DeferredImports/Sprite/Sprite/ezgif-frame-054_1.asset,e04372f97b25869439073f3d85d27790
Sprite/ezgif-frame-055.asset,Deferred Sprite,SourceData/DeferredImports/Sprite/Sprite/ezgif-frame-055.asset,1e935547e68e4d741a98c99605632264
Sprite/ezgif-frame-055_0.asset,Deferred Sprite,SourceData/DeferredImports/Sprite/Sprite/ezgif-frame-055_0.asset,ba73077356b27d0498020ef41e6b4ea7
Sprite/ezgif-frame-055_1.asset,Deferred Sprite,SourceData/DeferredImports/Sprite/Sprite/ezgif-frame-055_1.asset,09050c4d1ee6b4c48a96a31cbb099ac3
Sprite/ezgif-frame-056.asset,Deferred Sprite,SourceData/DeferredImports/Sprite/Sprite/ezgif-frame-056.asset,bc976ab23da9b4c4e9a4e46e9fd9bf22
Sprite/ezgif-frame-056_0.asset,Deferred Sprite,SourceData/DeferredImports/Sprite/Sprite/ezgif-frame-056_0.asset,76ab7c226148cec40a7d6d19683f3fdd
Sprite/ezgif-frame-056_1.asset,Deferred Sprite,SourceData/DeferredImports/Sprite/Sprite/ezgif-frame-056_1.asset,50fde0fc9fcaf5a42a4e9aad5b317bf5
Sprite/ezgif-frame-057.asset,Deferred Sprite,SourceData/DeferredImports/Sprite/Sprite/ezgif-frame-057.asset,32a8480de97975b4f9dff371dfff7d70
Sprite/ezgif-frame-057_0.asset,Deferred Sprite,SourceData/DeferredImports/Sprite/Sprite/ezgif-frame-057_0.asset,a7a59caac9b93674fa3ee9ce155f1708
Sprite/ezgif-frame-057_1.asset,Deferred Sprite,SourceData/DeferredImports/Sprite/Sprite/ezgif-frame-057_1.asset,4f6427f780a411c478c26d4317546fbe
Sprite/ezgif-frame-058.asset,Deferred Sprite,SourceData/DeferredImports/Sprite/Sprite/ezgif-frame-058.asset,f0e80cffa3dd6f04cbdcf2f104412466
Sprite/ezgif-frame-058_0.asset,Deferred Sprite,SourceData/DeferredImports/Sprite/Sprite/ezgif-frame-058_0.asset,ed2278b8e4e1ff8459b0e57e9b868054
Sprite/ezgif-frame-058_1.asset,Deferred Sprite,SourceData/DeferredImports/Sprite/Sprite/ezgif-frame-058_1.asset,0d0155b711f66b748bbd53a3fff845e6
Sprite/ezgif-frame-059.asset,Deferred Sprite,SourceData/DeferredImports/Sprite/Sprite/ezgif-frame-059.asset,82b8853f214bb514284005e8907bb56b
Sprite/ezgif-frame-059_0.asset,Deferred Sprite,SourceData/DeferredImports/Sprite/Sprite/ezgif-frame-059_0.asset,3f1f32c25949c7b42b124216147498c7
Sprite/ezgif-frame-060.asset,Deferred Sprite,SourceData/DeferredImports/Sprite/Sprite/ezgif-frame-060.asset,6b7e6d6c3a33ff14786217c656ede233
Sprite/ezgif-frame-061.asset,Deferred Sprite,SourceData/DeferredImports/Sprite/Sprite/ezgif-frame-061.asset,1cc0127a3c33a9d49881f841a94f9ddf
Sprite/ezgif-frame-062.asset,Deferred Sprite,SourceData/DeferredImports/Sprite/Sprite/ezgif-frame-062.asset,d59925fdc16ad93428f81079216f281b
Sprite/ezgif-frame-063.asset,Deferred Sprite,SourceData/DeferredImports/Sprite/Sprite/ezgif-frame-063.asset,59d35a6544ebf0d4290e676948c4f4b3
Sprite/ezgif-frame-064.asset,Deferred Sprite,SourceData/DeferredImports/Sprite/Sprite/ezgif-frame-064.asset,eebb9cabdbbadaf40a29e3d9dfd4dd77
Sprite/ezgif-frame-065.asset,Deferred Sprite,SourceData/DeferredImports/Sprite/Sprite/ezgif-frame-065.asset,deafb6e6cceac4d44b8217643adb2ecf
Sprite/ezgif-frame-066.asset,Deferred Sprite,SourceData/DeferredImports/Sprite/Sprite/ezgif-frame-066.asset,6a329b5b1a69348459a841a2bd06fca8
Sprite/ezgif-frame-067.asset,Deferred Sprite,SourceData/DeferredImports/Sprite/Sprite/ezgif-frame-067.asset,31bc6ca0a6d0ac34ab8a4a378f259e85
Sprite/ezgif-frame-068.asset,Deferred Sprite,SourceData/DeferredImports/Sprite/Sprite/ezgif-frame-068.asset,ed24c28635fa25248bdd49d2d7809780
Sprite/ezgif-frame-069.asset,Deferred Sprite,SourceData/DeferredImports/Sprite/Sprite/ezgif-frame-069.asset,d3f881fa9402d1a4e9ef4ddcebc018b4
Sprite/ezgif-frame-070.asset,Deferred Sprite,SourceData/DeferredImports/Sprite/Sprite/ezgif-frame-070.asset,5104aecd50ec14e4faa3a18877659064
Sprite/Fail.asset,Sprite,Assets/RecoveredOriginal/Sprite/Sprite/Fail.asset,727f7881652800a40bc9ddda951184fd
Sprite/fillbar-ingame.asset,Sprite,Assets/RecoveredOriginal/Sprite/Sprite/fillbar-ingame.asset,99de4b8055eed844ea281d5ef2a97e01
Sprite/fillbar-middle-cardCollection.asset,Sprite,Assets/RecoveredOriginal/Sprite/Sprite/fillbar-middle-cardCollection.asset,a8f829b0d7f955a45831331dca642d29
Sprite/fillbar-splashScene.asset,Sprite,Assets/RecoveredOriginal/Sprite/Sprite/fillbar-splashScene.asset,93861e1768c27db4ab72e4d7e9ed75f0
Sprite/fillbar-talentTree.asset,Sprite,Assets/RecoveredOriginal/Sprite/Sprite/fillbar-talentTree.asset,a13388f454d522d41a5dc3d86ee7c34c
Sprite/Filter-50.asset,Sprite,Assets/RecoveredOriginal/Sprite/Sprite/Filter-50.asset,37cd1c6e727a39047bbe5f9b3a742f84
Sprite/FirePurpleShots.asset,Sprite,Assets/RecoveredOriginal/Sprite/Sprite/FirePurpleShots.asset,104d13ad13774e5488005cbef750de97
Sprite/FireYellowShots.asset,Sprite,Assets/RecoveredOriginal/Sprite/Sprite/FireYellowShots.asset,cd67386c6a11f0a43ae88f811769bfa2
Sprite/Flare01.asset,Sprite,Assets/RecoveredOriginal/Sprite/Sprite/Flare01.asset,57cd38db695b7f0469bf798796f35e69
Sprite/FlareIcon.asset,Sprite,Assets/RecoveredOriginal/Sprite/Sprite/FlareIcon.asset,0d4d37d58e8cc504ca9a9edfc0ae2ef4
Sprite/FlareIcon_0.asset,Sprite,Assets/RecoveredOriginal/Sprite/Sprite/FlareIcon_0.asset,6556af98b1ac7da4184e7834006570e6
Sprite/FlareIcon_1.asset,Sprite,Assets/RecoveredOriginal/Sprite/Sprite/FlareIcon_1.asset,5ac377e9bd0c24e4e93c1e3d3d1285ff
Sprite/footer_lodyas.asset,Sprite,Assets/RecoveredOriginal/Sprite/Sprite/footer_lodyas.asset,e8d7b62f9a0e1dc46ac3d104555bc53d
Sprite/Frame 1-11.asset,Sprite,Assets/RecoveredOriginal/Sprite/Sprite/Frame 1-11.asset,47bc564a200d9ca4fb074f1716f51164
Sprite/Frame 12.asset,Sprite,Assets/RecoveredOriginal/Sprite/Sprite/Frame 12.asset,c8b260ec71e3c5440be01d991c137cad
Sprite/Frame 13.asset,Sprite,Assets/RecoveredOriginal/Sprite/Sprite/Frame 13.asset,20d7d21eff9d2704e9b38646083c8f9e
Sprite/Frame 16.asset,Sprite,Assets/RecoveredOriginal/Sprite/Sprite/Frame 16.asset,2716d2a1afc1894489ff9eb47e702670
Sprite/Frame 2.asset,Sprite,Assets/RecoveredOriginal/Sprite/Sprite/Frame 2.asset,0c134881e6b472345a3d6440957c3792
Sprite/Frame 3.asset,Sprite,Assets/RecoveredOriginal/Sprite/Sprite/Frame 3.asset,0f02d8d5549f1854bb2da4acf5f03ee0
Sprite/Frame 4.asset,Sprite,Assets/RecoveredOriginal/Sprite/Sprite/Frame 4.asset,91526f46548b47147be2647baa877769
Sprite/Frame 5.asset,Sprite,Assets/RecoveredOriginal/Sprite/Sprite/Frame 5.asset,5da6d587a81fcf34bba81c4da4350ca5
Sprite/Frame 6.asset,Sprite,Assets/RecoveredOriginal/Sprite/Sprite/Frame 6.asset,3c5fca11115e8e941844ca7e1febce4b
Sprite/Frame 7.asset,Sprite,Assets/RecoveredOriginal/Sprite/Sprite/Frame 7.asset,2464bdd5a0a7700428465822e2207584
Sprite/frame-avatar-blue.asset,Sprite,Assets/RecoveredOriginal/Sprite/Sprite/frame-avatar-blue.asset,71ee3efefdc3e26409b512a074d13b3a
Sprite/frame-avatar-green.asset,Sprite,Assets/RecoveredOriginal/Sprite/Sprite/frame-avatar-green.asset,1bda8302747e49d40ae453e606752d6a
Sprite/frame-avatar-purple.asset,Sprite,Assets/RecoveredOriginal/Sprite/Sprite/frame-avatar-purple.asset,6abe5fdb786bc1440bb1eea9c9d25a64
Sprite/frame-avatar-yellow.asset,Sprite,Assets/RecoveredOriginal/Sprite/Sprite/frame-avatar-yellow.asset,8978fb2d4be9d624f99d26ede63090a2
Sprite/Frame.asset,Sprite,Assets/RecoveredOriginal/Sprite/Sprite/Frame.asset,8658752d526c1db4c975fd41cba549b6
Sprite/frame_00_delay-0.14285714285714s.asset,Sprite,Assets/RecoveredOriginal/Sprite/Sprite/frame_00_delay-0.14285714285714s.asset,11d3718bb642a8b45be43417556d6e5a
Sprite/frame_00_delay-0.14s.asset,Sprite,Assets/RecoveredOriginal/Sprite/Sprite/frame_00_delay-0.14s.asset,ae231afe6b9cbb049b4e1a2d1c21a458
Sprite/frame_00_delay-0.2s.asset,Sprite,Assets/RecoveredOriginal/Sprite/Sprite/frame_00_delay-0.2s.asset,f8c4db133cb725f4c8aa79633707ebf3
Sprite/frame_01_delay-0.14285714285714s.asset,Sprite,Assets/RecoveredOriginal/Sprite/Sprite/frame_01_delay-0.14285714285714s.asset,b4454e1e3a26334468e62010b4ece521
Sprite/frame_01_delay-0.15s.asset,Sprite,Assets/RecoveredOriginal/Sprite/Sprite/frame_01_delay-0.15s.asset,6dc13db6fd7250540b8c74f06a04f7e5
Sprite/frame_01_delay-0.2s.asset,Sprite,Assets/RecoveredOriginal/Sprite/Sprite/frame_01_delay-0.2s.asset,b62a48b61b7c64a44982e2ce97464669
Sprite/frame_02_delay-0.14285714285714s.asset,Sprite,Assets/RecoveredOriginal/Sprite/Sprite/frame_02_delay-0.14285714285714s.asset,d2d7d493f122939458e0ef42efa9553c
Sprite/frame_02_delay-0.14s.asset,Sprite,Assets/RecoveredOriginal/Sprite/Sprite/frame_02_delay-0.14s.asset,ab7c3455228e1684182523ec8b15334d
Sprite/frame_02_delay-0.2s.asset,Sprite,Assets/RecoveredOriginal/Sprite/Sprite/frame_02_delay-0.2s.asset,ea7e25a01ba83764889305a8e60f1e2a
Sprite/frame_03_delay-0.14285714285714s.asset,Sprite,Assets/RecoveredOriginal/Sprite/Sprite/frame_03_delay-0.14285714285714s.asset,4f7928495624ef34094410eeb5877dc6
Sprite/frame_03_delay-0.14s.asset,Sprite,Assets/RecoveredOriginal/Sprite/Sprite/frame_03_delay-0.14s.asset,0e582fca94d4a604f8d50f31d263cce6
Sprite/frame_03_delay-0.2s.asset,Sprite,Assets/RecoveredOriginal/Sprite/Sprite/frame_03_delay-0.2s.asset,b4142b4a72ba003499028721039c9e0a
Sprite/frame_04_delay-0.14285714285714s.asset,Sprite,Assets/RecoveredOriginal/Sprite/Sprite/frame_04_delay-0.14285714285714s.asset,d1b490bb03fc0a54287b2ead89bb96b3
Sprite/frame_04_delay-0.14s.asset,Sprite,Assets/RecoveredOriginal/Sprite/Sprite/frame_04_delay-0.14s.asset,2368ba2efc0862e4c815d4c3438c4ff2
Sprite/frame_04_delay-0.2s.asset,Sprite,Assets/RecoveredOriginal/Sprite/Sprite/frame_04_delay-0.2s.asset,44c66985924b36e4f99bc7d27fe3b2d0
Sprite/frame_05_delay-0.14285714285714s.asset,Sprite,Assets/RecoveredOriginal/Sprite/Sprite/frame_05_delay-0.14285714285714s.asset,57e9fe4347b08c044bada7fd3a53afbe
Sprite/frame_05_delay-0.15s.asset,Sprite,Assets/RecoveredOriginal/Sprite/Sprite/frame_05_delay-0.15s.asset,d79d2dd2b8f6c1c4687759176ad35514
Sprite/frame_05_delay-0.2s.asset,Sprite,Assets/RecoveredOriginal/Sprite/Sprite/frame_05_delay-0.2s.asset,2c330918241c2354faba8ba6d24ef5d8
Sprite/frame_06_delay-0.14285714285714s.asset,Sprite,Assets/RecoveredOriginal/Sprite/Sprite/frame_06_delay-0.14285714285714s.asset,984ec5c4bad851347a0341be6fbd4a27
Sprite/frame_06_delay-0.14s.asset,Sprite,Assets/RecoveredOriginal/Sprite/Sprite/frame_06_delay-0.14s.asset,f21d3a6ab7a758046933b2084c589bf0
Sprite/frame_06_delay-0.2s.asset,Sprite,Assets/RecoveredOriginal/Sprite/Sprite/frame_06_delay-0.2s.asset,7a5ac2197d390b8408ab5ae251d60067
Sprite/frame_07_delay-0.14285714285714s.asset,Sprite,Assets/RecoveredOriginal/Sprite/Sprite/frame_07_delay-0.14285714285714s.asset,8ac97d7020de2f842a16e9e03c63ed77
Sprite/frame_07_delay-0.14s.asset,Sprite,Assets/RecoveredOriginal/Sprite/Sprite/frame_07_delay-0.14s.asset,b13aed40798bb344abada07dbff6049d
Sprite/frame_07_delay-0.2s.asset,Sprite,Assets/RecoveredOriginal/Sprite/Sprite/frame_07_delay-0.2s.asset,0f8edc12d69411d46b16d5eccba5dedd
Sprite/frame_08_delay-0.14285714285714s.asset,Sprite,Assets/RecoveredOriginal/Sprite/Sprite/frame_08_delay-0.14285714285714s.asset,0b8a4a467eadf914e98d10acb285538b
Sprite/frame_08_delay-0.15s.asset,Sprite,Assets/RecoveredOriginal/Sprite/Sprite/frame_08_delay-0.15s.asset,5502f54fc5265c54383b89a1ec370754
Sprite/frame_08_delay-0.2s.asset,Sprite,Assets/RecoveredOriginal/Sprite/Sprite/frame_08_delay-0.2s.asset,8f8dc88dd22bb944fb1ebe7b0eae3448
Sprite/frame_09_delay-0.14285714285714s.asset,Sprite,Assets/RecoveredOriginal/Sprite/Sprite/frame_09_delay-0.14285714285714s.asset,9e1e263fda3dfaa4ab468f2125279e79
Sprite/frame_09_delay-0.14s.asset,Sprite,Assets/RecoveredOriginal/Sprite/Sprite/frame_09_delay-0.14s.asset,6b7286b81d69d42469358d737b1bf185
Sprite/frame_09_delay-0.2s.asset,Sprite,Assets/RecoveredOriginal/Sprite/Sprite/frame_09_delay-0.2s.asset,2d442856e21b09940b92fd4d6ed78693
Sprite/frame_10_delay-0.14285714285714s.asset,Sprite,Assets/RecoveredOriginal/Sprite/Sprite/frame_10_delay-0.14285714285714s.asset,a15d7b96eccf17c4da5a6b014fafaf40
Sprite/frame_10_delay-0.14s.asset,Sprite,Assets/RecoveredOriginal/Sprite/Sprite/frame_10_delay-0.14s.asset,493ca63f216541e4891cc73d58185362
Sprite/frame_10_delay-0.2s.asset,Sprite,Assets/RecoveredOriginal/Sprite/Sprite/frame_10_delay-0.2s.asset,d72086201d1899c4d8bbd657f5259f49
Sprite/frame_11_delay-0.14285714285714s.asset,Sprite,Assets/RecoveredOriginal/Sprite/Sprite/frame_11_delay-0.14285714285714s.asset,a97ec3605e9475645acf843c4d7a8e5a
Sprite/frame_11_delay-0.14s.asset,Sprite,Assets/RecoveredOriginal/Sprite/Sprite/frame_11_delay-0.14s.asset,062464554c0b29c489260c4074114232
Sprite/frame_11_delay-0.2s.asset,Sprite,Assets/RecoveredOriginal/Sprite/Sprite/frame_11_delay-0.2s.asset,1de7f515931776f4dacea81720e8c90c
Sprite/frame_12_delay-0.14285714285714s.asset,Sprite,Assets/RecoveredOriginal/Sprite/Sprite/frame_12_delay-0.14285714285714s.asset,ce0804d788d80f544b732401a83293db
Sprite/frame_12_delay-0.15s.asset,Sprite,Assets/RecoveredOriginal/Sprite/Sprite/frame_12_delay-0.15s.asset,dd6eb01c911e5aa479cb76c7f462f24b
Sprite/frame_12_delay-0.2s.asset,Sprite,Assets/RecoveredOriginal/Sprite/Sprite/frame_12_delay-0.2s.asset,3e5a630cc54eda143bdea3926724dc40
Sprite/frame_13_delay-0.14285714285714s.asset,Sprite,Assets/RecoveredOriginal/Sprite/Sprite/frame_13_delay-0.14285714285714s.asset,7057ebb1e08354b45a2f8f4ca60512a7
Sprite/frame_13_delay-0.14s.asset,Sprite,Assets/RecoveredOriginal/Sprite/Sprite/frame_13_delay-0.14s.asset,be4d9a5870d83dc4ca66f3146b8671cc
Sprite/frame_13_delay-0.2s.asset,Sprite,Assets/RecoveredOriginal/Sprite/Sprite/frame_13_delay-0.2s.asset,ec7749ff4cfe946419a6994dfffc9b35
Sprite/frame_14_delay-0.14285714285714s.asset,Sprite,Assets/RecoveredOriginal/Sprite/Sprite/frame_14_delay-0.14285714285714s.asset,ded8ffe967475be458f15d1ffe6ae7d1
Sprite/frame_14_delay-0.14s.asset,Sprite,Assets/RecoveredOriginal/Sprite/Sprite/frame_14_delay-0.14s.asset,bb4f61aad28caf24f85a95da67cda4b9
Sprite/frame_14_delay-0.2s.asset,Sprite,Assets/RecoveredOriginal/Sprite/Sprite/frame_14_delay-0.2s.asset,32d40cee20f52a9488bf95511fdad82e
Sprite/frame_15_delay-0.14285714285714s.asset,Sprite,Assets/RecoveredOriginal/Sprite/Sprite/frame_15_delay-0.14285714285714s.asset,77df31c5464cfea4d8fd6cd52cf614d1
Sprite/frame_15_delay-0.15s.asset,Sprite,Assets/RecoveredOriginal/Sprite/Sprite/frame_15_delay-0.15s.asset,16d8636edd514de42b8697cc6a10b19a
Sprite/frame_15_delay-0.2s.asset,Sprite,Assets/RecoveredOriginal/Sprite/Sprite/frame_15_delay-0.2s.asset,c87d699c2a15e774184fd2a4df9c7cee
Sprite/frame_16_delay-0.14285714285714s.asset,Sprite,Assets/RecoveredOriginal/Sprite/Sprite/frame_16_delay-0.14285714285714s.asset,ad6fb6c62129a2947a0dd49590807ab5
Sprite/frame_16_delay-0.14s.asset,Sprite,Assets/RecoveredOriginal/Sprite/Sprite/frame_16_delay-0.14s.asset,9ba83398705698645a671e84f4f2efc3
Sprite/frame_16_delay-0.2s.asset,Sprite,Assets/RecoveredOriginal/Sprite/Sprite/frame_16_delay-0.2s.asset,d878275aa7a35e84386f3d0f33e983b3
Sprite/frame_17_delay-0.14285714285714s.asset,Sprite,Assets/RecoveredOriginal/Sprite/Sprite/frame_17_delay-0.14285714285714s.asset,586c6a35453aab74ab26b3ebd1d11bc5
Sprite/frame_17_delay-0.14s.asset,Sprite,Assets/RecoveredOriginal/Sprite/Sprite/frame_17_delay-0.14s.asset,2048417c67dc2974e98a4b1c33c3a806
Sprite/frame_17_delay-0.2s.asset,Sprite,Assets/RecoveredOriginal/Sprite/Sprite/frame_17_delay-0.2s.asset,99c2aa5a78d0aac40b8e38d2cc621e40
Sprite/frame_18_delay-0.14285714285714s.asset,Sprite,Assets/RecoveredOriginal/Sprite/Sprite/frame_18_delay-0.14285714285714s.asset,80adced4c6c24024a9f1dbc7caf4b77d
Sprite/frame_18_delay-0.14s.asset,Sprite,Assets/RecoveredOriginal/Sprite/Sprite/frame_18_delay-0.14s.asset,edf88f67ae94bd748aaa9c2947bb1af9
Sprite/frame_18_delay-0.2s.asset,Sprite,Assets/RecoveredOriginal/Sprite/Sprite/frame_18_delay-0.2s.asset,9c84b6d0aad562945b34f1ccc75d3287
Sprite/frame_19_delay-0.14285714285714s.asset,Sprite,Assets/RecoveredOriginal/Sprite/Sprite/frame_19_delay-0.14285714285714s.asset,b44477f3c50a6234996e1728f042227b
Sprite/frame_19_delay-0.15s.asset,Sprite,Assets/RecoveredOriginal/Sprite/Sprite/frame_19_delay-0.15s.asset,aa5a258930e0cd649b5660fec3efcaf9
Sprite/frame_19_delay-0.2s.asset,Sprite,Assets/RecoveredOriginal/Sprite/Sprite/frame_19_delay-0.2s.asset,92460dc88c2afcd43825ff57c60b82ed
Sprite/frame_20_delay-0.14285714285714s.asset,Sprite,Assets/RecoveredOriginal/Sprite/Sprite/frame_20_delay-0.14285714285714s.asset,6d09ff25413ac7f4c895c20b4d5b89f3
Sprite/frame_20_delay-0.14s.asset,Sprite,Assets/RecoveredOriginal/Sprite/Sprite/frame_20_delay-0.14s.asset,6527e5248a80b1f43af867d5d7c6c458
Sprite/frame_20_delay-0.2s.asset,Sprite,Assets/RecoveredOriginal/Sprite/Sprite/frame_20_delay-0.2s.asset,69e64d190930c6047abffbdcc13aab8d
Sprite/frame_21_delay-0.14285714285714s.asset,Sprite,Assets/RecoveredOriginal/Sprite/Sprite/frame_21_delay-0.14285714285714s.asset,cd917204e9008944bb97d520ab6bbb8a
Sprite/frame_21_delay-0.14s.asset,Sprite,Assets/RecoveredOriginal/Sprite/Sprite/frame_21_delay-0.14s.asset,148a45cfb26281941a17d2da22500ac6
Sprite/frame_21_delay-0.2s.asset,Sprite,Assets/RecoveredOriginal/Sprite/Sprite/frame_21_delay-0.2s.asset,36e9fc6a32eacad4095f0e4e42096f94
Sprite/frame_22_delay-0.14285714285714s.asset,Sprite,Assets/RecoveredOriginal/Sprite/Sprite/frame_22_delay-0.14285714285714s.asset,eca4d0d468b2dd0459d905708f748a68
Sprite/frame_22_delay-0.15s.asset,Sprite,Assets/RecoveredOriginal/Sprite/Sprite/frame_22_delay-0.15s.asset,8f353d441e965c448ba04ca17415ea55
Sprite/frame_22_delay-0.2s.asset,Sprite,Assets/RecoveredOriginal/Sprite/Sprite/frame_22_delay-0.2s.asset,76740b5cf5a966046a5741e22cf32536
Sprite/frame_23_delay-0.14285714285714s.asset,Sprite,Assets/RecoveredOriginal/Sprite/Sprite/frame_23_delay-0.14285714285714s.asset,cedf7790502369641a260791827d453a
Sprite/frame_23_delay-0.14s.asset,Sprite,Assets/RecoveredOriginal/Sprite/Sprite/frame_23_delay-0.14s.asset,ad44f2e76c96afa4191f25e2852afb28
Sprite/frame_23_delay-0.2s.asset,Sprite,Assets/RecoveredOriginal/Sprite/Sprite/frame_23_delay-0.2s.asset,9c0ed4623d3a9ae49a45dbe78c9acfc5
Sprite/frame_24_delay-0.14285714285714s.asset,Sprite,Assets/RecoveredOriginal/Sprite/Sprite/frame_24_delay-0.14285714285714s.asset,7559b5c8566a3374481b016a2d1ceb6e
Sprite/frame_24_delay-0.14s.asset,Sprite,Assets/RecoveredOriginal/Sprite/Sprite/frame_24_delay-0.14s.asset,51ce8560550f09747aa04342ef20d499
Sprite/frame_24_delay-0.2s.asset,Sprite,Assets/RecoveredOriginal/Sprite/Sprite/frame_24_delay-0.2s.asset,97ab948fc7f8a8d41b310106a1169796
Sprite/frame_25_delay-0.14285714285714s.asset,Sprite,Assets/RecoveredOriginal/Sprite/Sprite/frame_25_delay-0.14285714285714s.asset,56509e93e5392934182402040d3aad11
Sprite/frame_25_delay-0.14s.asset,Sprite,Assets/RecoveredOriginal/Sprite/Sprite/frame_25_delay-0.14s.asset,c4f832fe060578a458975997c17eb0d5
Sprite/frame_25_delay-0.2s.asset,Sprite,Assets/RecoveredOriginal/Sprite/Sprite/frame_25_delay-0.2s.asset,d022701f3e3074248991041dff1c3e60
Sprite/frame_26_delay-0.14285714285714s.asset,Sprite,Assets/RecoveredOriginal/Sprite/Sprite/frame_26_delay-0.14285714285714s.asset,5d46f7e2bbd64774dab1ddb7a1bd7ba4
Sprite/frame_26_delay-0.15s.asset,Sprite,Assets/RecoveredOriginal/Sprite/Sprite/frame_26_delay-0.15s.asset,927f55c3ba6695748a8ca9735f931f75
Sprite/frame_26_delay-0.2s.asset,Sprite,Assets/RecoveredOriginal/Sprite/Sprite/frame_26_delay-0.2s.asset,e5f9e480966c13040a5202492197e5b8
Sprite/frame_27_delay-0.14285714285714s.asset,Sprite,Assets/RecoveredOriginal/Sprite/Sprite/frame_27_delay-0.14285714285714s.asset,cc6cfb479cd81f341b3d1c7ad6dd0dfb
Sprite/frame_27_delay-0.14s.asset,Sprite,Assets/RecoveredOriginal/Sprite/Sprite/frame_27_delay-0.14s.asset,239632d2a13870e4a94aca70cbcbed72
Sprite/frame_27_delay-0.2s.asset,Sprite,Assets/RecoveredOriginal/Sprite/Sprite/frame_27_delay-0.2s.asset,c7ec8d7cf5c44bc49b981ba0bd1f9d19
Sprite/frame_28_delay-0.14285714285714s.asset,Sprite,Assets/RecoveredOriginal/Sprite/Sprite/frame_28_delay-0.14285714285714s.asset,bf19b555bf702f54aa048dcf3dcf659d
Sprite/frame_28_delay-0.14s.asset,Sprite,Assets/RecoveredOriginal/Sprite/Sprite/frame_28_delay-0.14s.asset,4e59467f89a5ad1489d213e8d3430bbc
Sprite/frame_28_delay-0.2s.asset,Sprite,Assets/RecoveredOriginal/Sprite/Sprite/frame_28_delay-0.2s.asset,56c3c2f8acd864e43b6257df192d90df
Sprite/frame_29_delay-0.14285714285714s.asset,Sprite,Assets/RecoveredOriginal/Sprite/Sprite/frame_29_delay-0.14285714285714s.asset,1a993c18fe383be45866ffb2e6c2089b
Sprite/frame_29_delay-0.15s.asset,Sprite,Assets/RecoveredOriginal/Sprite/Sprite/frame_29_delay-0.15s.asset,187fbde4dcf4f7a49b544d5c025358bd
Sprite/frame_29_delay-0.2s.asset,Sprite,Assets/RecoveredOriginal/Sprite/Sprite/frame_29_delay-0.2s.asset,3b18947bf367a074f9186e6995dd25c7
Sprite/frame_30_delay-0.14285714285714s.asset,Sprite,Assets/RecoveredOriginal/Sprite/Sprite/frame_30_delay-0.14285714285714s.asset,0ac3d55a1e39d05439a829c52ae94261
Sprite/frame_30_delay-0.14s.asset,Sprite,Assets/RecoveredOriginal/Sprite/Sprite/frame_30_delay-0.14s.asset,51c4d97a2a209684288cec8e2eccae2c
Sprite/frame_30_delay-0.2s.asset,Sprite,Assets/RecoveredOriginal/Sprite/Sprite/frame_30_delay-0.2s.asset,5ae3331494808c84684947093fea58cd
Sprite/frame_31_delay-0.14285714285714s.asset,Sprite,Assets/RecoveredOriginal/Sprite/Sprite/frame_31_delay-0.14285714285714s.asset,eb4fbb26c2c624c4da86285c4684b9a1
Sprite/frame_31_delay-0.14s.asset,Sprite,Assets/RecoveredOriginal/Sprite/Sprite/frame_31_delay-0.14s.asset,a6a15829b19fd2546b8c397021baf26b
Sprite/frame_32_delay-0.14285714285714s.asset,Sprite,Assets/RecoveredOriginal/Sprite/Sprite/frame_32_delay-0.14285714285714s.asset,a732c8acc026b1e428397f140e9c4cc3
Sprite/frame_32_delay-0.14s.asset,Sprite,Assets/RecoveredOriginal/Sprite/Sprite/frame_32_delay-0.14s.asset,6c4b9a7a8e793c54e833ec2b894c5ab1
Sprite/frame_33_delay-0.14285714285714s.asset,Sprite,Assets/RecoveredOriginal/Sprite/Sprite/frame_33_delay-0.14285714285714s.asset,718ebf2e1f37c7449b25abdc8cb1156d
Sprite/frame_33_delay-0.15s.asset,Sprite,Assets/RecoveredOriginal/Sprite/Sprite/frame_33_delay-0.15s.asset,968ee1da12c820049aba2721dbac75ce
Sprite/frame_34_delay-0.14285714285714s.asset,Sprite,Assets/RecoveredOriginal/Sprite/Sprite/frame_34_delay-0.14285714285714s.asset,576a68826cad28d4a98cc3a406d91732
Sprite/frame_34_delay-0.14s.asset,Sprite,Assets/RecoveredOriginal/Sprite/Sprite/frame_34_delay-0.14s.asset,963cbe39b5e08744aac882ca5eea7cd2
Sprite/frame_35_delay-0.14285714285714s.asset,Sprite,Assets/RecoveredOriginal/Sprite/Sprite/frame_35_delay-0.14285714285714s.asset,9471e13b7e1e4a249ad746547a277082
Sprite/frame_35_delay-0.14s.asset,Sprite,Assets/RecoveredOriginal/Sprite/Sprite/frame_35_delay-0.14s.asset,88b7cc91e8ce6bc48854d3662940169c
Sprite/frame_36_delay-0.14285714285714s.asset,Sprite,Assets/RecoveredOriginal/Sprite/Sprite/frame_36_delay-0.14285714285714s.asset,02b0c4e3182e3cc49b2d75a38b296c80
Sprite/frame_36_delay-0.15s.asset,Sprite,Assets/RecoveredOriginal/Sprite/Sprite/frame_36_delay-0.15s.asset,ec991dd24c06c024d8ff709df42cba0e
Sprite/frame_37_delay-0.14285714285714s.asset,Sprite,Assets/RecoveredOriginal/Sprite/Sprite/frame_37_delay-0.14285714285714s.asset,110baa214800d6c4ca238bb18213ae09
Sprite/frame_37_delay-0.14s.asset,Sprite,Assets/RecoveredOriginal/Sprite/Sprite/frame_37_delay-0.14s.asset,9c5f1f482c9a328438223050badd5671
Sprite/frame_38_delay-0.14285714285714s.asset,Sprite,Assets/RecoveredOriginal/Sprite/Sprite/frame_38_delay-0.14285714285714s.asset,c10c4ad0e23b9604c9d56a3783a5fc62
Sprite/frame_39_delay-0.14285714285714s.asset,Sprite,Assets/RecoveredOriginal/Sprite/Sprite/frame_39_delay-0.14285714285714s.asset,add207e6a23d2184f86cf1350170bf36
Sprite/fx_star_light.asset,Sprite,Assets/RecoveredOriginal/Sprite/Sprite/fx_star_light.asset,dbb7f0f074fa88e4e91170d52e13f314
Sprite/gdpr_appstore.asset,Sprite,Assets/RecoveredOriginal/Sprite/Sprite/gdpr_appstore.asset,91623a9bc434c0d4cbf33386065b8372
Sprite/gdpr_bug.asset,Sprite,Assets/RecoveredOriginal/Sprite/Sprite/gdpr_bug.asset,d5ddb169b853e874c86fe82fd3641edc
Sprite/gdpr_cross.asset,Sprite,Assets/RecoveredOriginal/Sprite/Sprite/gdpr_cross.asset,afbb7b48a25f772478898338536fbb65
Sprite/gdpr_game.asset,Sprite,Assets/RecoveredOriginal/Sprite/Sprite/gdpr_game.asset,1fdba2405d47ac3429cb9caa5bdf2e8e
Sprite/gdpr_link.asset,Sprite,Assets/RecoveredOriginal/Sprite/Sprite/gdpr_link.asset,da2f6b4d02dcc5046873ea84f68be973
Sprite/gdpr_rounded_square.asset,Sprite,Assets/RecoveredOriginal/Sprite/Sprite/gdpr_rounded_square.asset,472c4aabf2a598e44892f15d08c35a62
Sprite/gdpr_warning.asset,Sprite,Assets/RecoveredOriginal/Sprite/Sprite/gdpr_warning.asset,b8f158c81eae37442b5185d9c64e8e29
Sprite/generalBackground-main.asset,Sprite,Assets/RecoveredOriginal/Sprite/Sprite/generalBackground-main.asset,554584d2cd8966541b33042d25ea502a
Sprite/glow4.asset,Sprite,Assets/RecoveredOriginal/Sprite/Sprite/glow4.asset,219ca8060dee57c4e808944907f7bf29
Sprite/glow4_0.asset,Sprite,Assets/RecoveredOriginal/Sprite/Sprite/glow4_0.asset,c92e7fdcc0b79c04a849bce7403ce1a6
Sprite/gradient_popup_darker.asset,Sprite,Assets/RecoveredOriginal/Sprite/Sprite/gradient_popup_darker.asset,71d10686932b5b843ade08554699bee9
Sprite/Ground.asset,Sprite,Assets/RecoveredOriginal/Sprite/Sprite/Ground.asset,4b7b5e21924380d48883cf60456b3285
Sprite/Group 10082.asset,Sprite,Assets/RecoveredOriginal/Sprite/Sprite/Group 10082.asset,d551db0b3a277f94ea3bf5a90269a187
Sprite/Group 10083.asset,Sprite,Assets/RecoveredOriginal/Sprite/Sprite/Group 10083.asset,a5b82fa6973bc5c438a492c3ee81697c
Sprite/Group 10250.asset,Sprite,Assets/RecoveredOriginal/Sprite/Sprite/Group 10250.asset,b48b83eeafa93784c99750428e9a588e
Sprite/Group 10251.asset,Sprite,Assets/RecoveredOriginal/Sprite/Sprite/Group 10251.asset,a221c9f2541675c4ca66980ee29cd5e4
Sprite/Group 10252.asset,Sprite,Assets/RecoveredOriginal/Sprite/Sprite/Group 10252.asset,4b8fbf4575245ad49aea1640c72da1bb
Sprite/Group 10253.asset,Sprite,Assets/RecoveredOriginal/Sprite/Sprite/Group 10253.asset,742d9b5fc20c06845bdf188ee6137719
Sprite/Group 10254.asset,Sprite,Assets/RecoveredOriginal/Sprite/Sprite/Group 10254.asset,6ebcaae7cd6fa35469e6dc2b197d814b
Sprite/Group 10255.asset,Sprite,Assets/RecoveredOriginal/Sprite/Sprite/Group 10255.asset,aa9c0ac537ae69e4694dea798159d045
Sprite/Group 10256.asset,Sprite,Assets/RecoveredOriginal/Sprite/Sprite/Group 10256.asset,f6e4d4aa4e571764cb5126c3da7a4bbc
Sprite/Group 10257.asset,Sprite,Assets/RecoveredOriginal/Sprite/Sprite/Group 10257.asset,6ba360c96650a114a84d9aea1f70c874
Sprite/Group 10258.asset,Sprite,Assets/RecoveredOriginal/Sprite/Sprite/Group 10258.asset,c835c255d9966574ea06054a976a83d9
Sprite/Group 10259.asset,Sprite,Assets/RecoveredOriginal/Sprite/Sprite/Group 10259.asset,ba85cdad67a461f4b88a120f10882669
Sprite/Group 10263.asset,Sprite,Assets/RecoveredOriginal/Sprite/Sprite/Group 10263.asset,371c04bdc1730ff41ac5611b4f5284cf
Sprite/Group 10292.asset,Sprite,Assets/RecoveredOriginal/Sprite/Sprite/Group 10292.asset,f4cf111c0c4a59f4a8234b910d9ba4a6
Sprite/Group 10295.asset,Sprite,Assets/RecoveredOriginal/Sprite/Sprite/Group 10295.asset,7f8434f8502cb5a489f9a778f53e078d
Sprite/Group 10297.asset,Sprite,Assets/RecoveredOriginal/Sprite/Sprite/Group 10297.asset,034af4c3762e7874b9d371dbeeff470a
Sprite/Group 10298.asset,Sprite,Assets/RecoveredOriginal/Sprite/Sprite/Group 10298.asset,b5afa3fed6881734ba4eb5583f330a78
Sprite/Group 8781.asset,Sprite,Assets/RecoveredOriginal/Sprite/Sprite/Group 8781.asset,55f25df42e02d0d47b23124f402bde04
Sprite/Group 9218.asset,Sprite,Assets/RecoveredOriginal/Sprite/Sprite/Group 9218.asset,63e028caab374a744a4b3db54e580a55
Sprite/Group 9263.asset,Sprite,Assets/RecoveredOriginal/Sprite/Sprite/Group 9263.asset,169349bf9a3c06e4f802559713ce8b5f
Sprite/Group 9453.asset,Sprite,Assets/RecoveredOriginal/Sprite/Sprite/Group 9453.asset,9f5b52f95efdd3645b3fd2e94f73c355
Sprite/Group_mask.asset,Sprite,Assets/RecoveredOriginal/Sprite/Sprite/Group_mask.asset,eb2f373e12ad1e141bbccff896bf2360
Sprite/HandIcon.asset,Sprite,Assets/RecoveredOriginal/Sprite/Sprite/HandIcon.asset,00494f18ea98d6645bc2a8d315efe766
Sprite/HandIcon_0.asset,Sprite,Assets/RecoveredOriginal/Sprite/Sprite/HandIcon_0.asset,570a8fed199e1e143897ec549252dab8
Sprite/HandIcon_1.asset,Sprite,Assets/RecoveredOriginal/Sprite/Sprite/HandIcon_1.asset,465cc5dac378cd1419052d6bc9cc0aad
Sprite/header-splashScene.asset,Sprite,Assets/RecoveredOriginal/Sprite/Sprite/header-splashScene.asset,e2e6626358af5f24f8a702b897fb9462
Sprite/header-top-cardCollection.asset,Sprite,Assets/RecoveredOriginal/Sprite/Sprite/header-top-cardCollection.asset,037fcd0f455e78e4e8e2a3be524f2d05
Sprite/heart_monitor-64.asset,Sprite,Assets/RecoveredOriginal/Sprite/Sprite/heart_monitor-64.asset,ff552ceb1743fbd4c8fff30f859f00ea
Sprite/hert.asset,Sprite,Assets/RecoveredOriginal/Sprite/Sprite/hert.asset,f4b2f9d42448aca46ae18f40ba1efa70
Sprite/hide.asset,Sprite,Assets/RecoveredOriginal/Sprite/Sprite/hide.asset,b600e914c8f495346935fd00ccc21d7d
Sprite/holyLight.asset,Sprite,Assets/RecoveredOriginal/Sprite/Sprite/holyLight.asset,8aebeaae5bf399846abf21abd694d14e
Sprite/icon-arrow-left-cardCollection.asset,Sprite,Assets/RecoveredOriginal/Sprite/Sprite/icon-arrow-left-cardCollection.asset,78260cccee2dcc746870240bc1d07111
Sprite/icon-arrow-left-expand.asset,Sprite,Assets/RecoveredOriginal/Sprite/Sprite/icon-arrow-left-expand.asset,c7f3b87b43051034093ed19ab9c130ba
Sprite/icon-booster-1.asset,Sprite,Assets/RecoveredOriginal/Sprite/Sprite/icon-booster-1.asset,976597792e19198489cba93e425eee99
Sprite/icon-booster-2.asset,Sprite,Assets/RecoveredOriginal/Sprite/Sprite/icon-booster-2.asset,1e95ddb7858d6bd42a6ffc67436b3847
Sprite/icon-booster-3.asset,Sprite,Assets/RecoveredOriginal/Sprite/Sprite/icon-booster-3.asset,cac35cebe2160d34aa2386d9941f4b72
Sprite/icon-cards.asset,Sprite,Assets/RecoveredOriginal/Sprite/Sprite/icon-cards.asset,e695194b64ae48744bcbded3188f6840
Sprite/icon-coin-reward.asset,Sprite,Assets/RecoveredOriginal/Sprite/Sprite/icon-coin-reward.asset,69354f30b89b1d442918195e1325341e
Sprite/icon-coin.asset,Sprite,Assets/RecoveredOriginal/Sprite/Sprite/icon-coin.asset,21f83a88c65750a419f47d3e606d9517
Sprite/icon-coin1-shop.asset,Sprite,Assets/RecoveredOriginal/Sprite/Sprite/icon-coin1-shop.asset,464f0b348f3cc0149b55c2d400861aa3
Sprite/icon-coin2-shop.asset,Sprite,Assets/RecoveredOriginal/Sprite/Sprite/icon-coin2-shop.asset,8482a2420195742408d4e76b813b394d
Sprite/icon-coin3-shop.asset,Sprite,Assets/RecoveredOriginal/Sprite/Sprite/icon-coin3-shop.asset,d8de2db266e779745b2e687eaa901dd3
Sprite/icon-coin4-shop.asset,Sprite,Assets/RecoveredOriginal/Sprite/Sprite/icon-coin4-shop.asset,79ca11f16b56f234eb2900bc8af04326
Sprite/icon-coin5-shop.asset,Sprite,Assets/RecoveredOriginal/Sprite/Sprite/icon-coin5-shop.asset,4691fbfe9de41a746acba64d451d3744
Sprite/icon-coin6-shop.asset,Sprite,Assets/RecoveredOriginal/Sprite/Sprite/icon-coin6-shop.asset,92d1109aa4f6bab4aa983dc9eb416a85
Sprite/icon-coin_0.asset,Sprite,Assets/RecoveredOriginal/Sprite/Sprite/icon-coin_0.asset,6f2063aca0911b14798072b32af424c8
Sprite/icon-coin_1.asset,Sprite,Assets/RecoveredOriginal/Sprite/Sprite/icon-coin_1.asset,247e76cdad8bb184fb4af125dd6c24ce
Sprite/icon-cup-easyLevel-v2.asset,Sprite,Assets/RecoveredOriginal/Sprite/Sprite/icon-cup-easyLevel-v2.asset,8c4560ab975911348b4ded34f9e1946c
Sprite/icon-cup-hardLevel-v2.asset,Sprite,Assets/RecoveredOriginal/Sprite/Sprite/icon-cup-hardLevel-v2.asset,56e48a59e5c56fd44881e185930473ed
Sprite/icon-done.asset,Sprite,Assets/RecoveredOriginal/Sprite/Sprite/icon-done.asset,042550e5369fb484c9a0a6b8d75e5a81
Sprite/icon-easyLevel-popUp-v2.asset,Sprite,Assets/RecoveredOriginal/Sprite/Sprite/icon-easyLevel-popUp-v2.asset,d720d80c3847c334ea3b453e3ea244b7
Sprite/icon-easyLevel.asset,Sprite,Assets/RecoveredOriginal/Sprite/Sprite/icon-easyLevel.asset,8f450831b54a05946b86e37b9991a504
Sprite/icon-flare.asset,Sprite,Assets/RecoveredOriginal/Sprite/Sprite/icon-flare.asset,a62edfb4311a8f84eb53f07bc44a148c
Sprite/icon-gift.asset,Sprite,Assets/RecoveredOriginal/Sprite/Sprite/icon-gift.asset,6cf7194e1c46ac340942e90cb70c2da5
Sprite/icon-hardLevel-popUp-v2.asset,Sprite,Assets/RecoveredOriginal/Sprite/Sprite/icon-hardLevel-popUp-v2.asset,72b446f8ec7e6de47aac4f2624e7377f
Sprite/icon-hardLevel.asset,Sprite,Assets/RecoveredOriginal/Sprite/Sprite/icon-hardLevel.asset,bcdd3899b6942f143a251dbe04abac63
Sprite/icon-heard-big-enabled.asset,Sprite,Assets/RecoveredOriginal/Sprite/Sprite/icon-heard-big-enabled.asset,914dc915b1d2a9c469d86571aa9d1275
Sprite/icon-heard-small-disabled.asset,Sprite,Assets/RecoveredOriginal/Sprite/Sprite/icon-heard-small-disabled.asset,0a37bf6933a84d84390b9eea2621a3a9
Sprite/icon-heard-small-enabled.asset,Sprite,Assets/RecoveredOriginal/Sprite/Sprite/icon-heard-small-enabled.asset,c9967095e7c417d4683969be95c25f2d
Sprite/icon-heart-big.asset,Sprite,Assets/RecoveredOriginal/Sprite/Sprite/icon-heart-big.asset,6eed43271d44a78439e34b170a9bbf82
Sprite/icon-heart-shop.asset,Sprite,Assets/RecoveredOriginal/Sprite/Sprite/icon-heart-shop.asset,ed26333a22628c24a882ea74448881ba
Sprite/icon-home.asset,Sprite,Assets/RecoveredOriginal/Sprite/Sprite/icon-home.asset,4036e442025d36e47b79c333685fd698
Sprite/icon-iap.asset,Sprite,Assets/RecoveredOriginal/Sprite/Sprite/icon-iap.asset,595094a7228b7444f94b3710264f3c7c
Sprite/icon-lock-shadow.asset,Sprite,Assets/RecoveredOriginal/Sprite/Sprite/icon-lock-shadow.asset,8c059973bcfa02c488caaf8a9d614f27
Sprite/icon-lock.asset,Sprite,Assets/RecoveredOriginal/Sprite/Sprite/icon-lock.asset,6bd2be5c41be1d640b4cfcc7954bf930
Sprite/icon-lock_0.asset,Sprite,Assets/RecoveredOriginal/Sprite/Sprite/icon-lock_0.asset,e125965408e61d048b7182d263d1eee6
Sprite/icon-lock_1.asset,Sprite,Assets/RecoveredOriginal/Sprite/Sprite/icon-lock_1.asset,98794835502a6c3458d0f1b9cf309e4b
Sprite/icon-noAds.asset,Sprite,Assets/RecoveredOriginal/Sprite/Sprite/icon-noAds.asset,a6196d9a015cd1c4b8104e7cb9a0b4cb
Sprite/icon-outofSpace-v2.asset,Sprite,Assets/RecoveredOriginal/Sprite/Sprite/icon-outofSpace-v2.asset,72f0d75782388bd4895185f7c2842f91
Sprite/icon-plus-v2.asset,Sprite,Assets/RecoveredOriginal/Sprite/Sprite/icon-plus-v2.asset,41937331a7faa474dbd15e23b05743dd
Sprite/icon-questTime.asset,Sprite,Assets/RecoveredOriginal/Sprite/Sprite/icon-questTime.asset,4373fb4c0e87deb419261282ebdda689
Sprite/icon-reward.asset,Sprite,Assets/RecoveredOriginal/Sprite/Sprite/icon-reward.asset,3ca6822511e7aef4ab4ed6e9af22c5ac
Sprite/icon-select.asset,Sprite,Assets/RecoveredOriginal/Sprite/Sprite/icon-select.asset,f63af948b71b5c54dbad6692bf7a5cd7
Sprite/icon-settings-v2.asset,Sprite,Assets/RecoveredOriginal/Sprite/Sprite/icon-settings-v2.asset,db8f56a2082d2894c9767d89919a5dd7
Sprite/icon-shop.asset,Sprite,Assets/RecoveredOriginal/Sprite/Sprite/icon-shop.asset,013357d99adcbba4ea368bd6b795a578
Sprite/icon-signBoard.asset,Sprite,Assets/RecoveredOriginal/Sprite/Sprite/icon-signBoard.asset,fb9d76a3804d2964abc80aec5ebdb9a9
Sprite/icon-swap.asset,Sprite,Assets/RecoveredOriginal/Sprite/Sprite/icon-swap.asset,c0d1c59592f21214ea35d447ddc8c7e7
Sprite/icon-watch.asset,Sprite,Assets/RecoveredOriginal/Sprite/Sprite/icon-watch.asset,b2e3faba71e2f3249b8b53851cf787d8
Sprite/Icon.asset,Sprite,Assets/RecoveredOriginal/Sprite/Sprite/Icon.asset,4c04bcf0565084940bf0c9b2045259ab
Sprite/iconRW.asset,Sprite,Assets/RecoveredOriginal/Sprite/Sprite/iconRW.asset,2621ca4d2c7daef46b0de96dad15748a
Sprite/icons8-analytics-128.asset,Sprite,Assets/RecoveredOriginal/Sprite/Sprite/icons8-analytics-128.asset,78b5d0192df0b2742991ba08b983a503
Sprite/icons8-back-arrow-48.asset,Sprite,Assets/RecoveredOriginal/Sprite/Sprite/icons8-back-arrow-48.asset,6bc382bdc735859489f103b746f3fcd3
Sprite/icons8-bug-96.asset,Sprite,Assets/RecoveredOriginal/Sprite/Sprite/icons8-bug-96.asset,07a0cc18c0f898e44bfc5f322eda9b57
Sprite/icons8-checkmark-104.asset,Sprite,Assets/RecoveredOriginal/Sprite/Sprite/icons8-checkmark-104.asset,b2980e071ca749945b0dd4917a6b86d7
Sprite/icons8-checkmark-background-104.asset,Sprite,Assets/RecoveredOriginal/Sprite/Sprite/icons8-checkmark-background-104.asset,549be30cb363eda4e98cb434b1751b57
Sprite/icons8-checkmark-border-104.asset,Sprite,Assets/RecoveredOriginal/Sprite/Sprite/icons8-checkmark-border-104.asset,5ce07bb85d8c0c84f87c0c68801d34c3
Sprite/icons8-close-window-48.asset,Sprite,Assets/RecoveredOriginal/Sprite/Sprite/icons8-close-window-48.asset,7bb940a659899a244a169a10fec01d9c
Sprite/icons8-close-window-96.asset,Sprite,Assets/RecoveredOriginal/Sprite/Sprite/icons8-close-window-96.asset,5729e29a6b3587543b7285bc9578a583
Sprite/icons8-close-window.asset,Sprite,Assets/RecoveredOriginal/Sprite/Sprite/icons8-close-window.asset,714b326b0610e5344ad3b1c80501f464
Sprite/icons8-code-96.asset,Sprite,Assets/RecoveredOriginal/Sprite/Sprite/icons8-code-96.asset,3c8f5de623f1ef4468a7a9be6a4a10e5
Sprite/icons8-collapse-arrow-48-black.asset,Sprite,Assets/RecoveredOriginal/Sprite/Sprite/icons8-collapse-arrow-48-black.asset,7d670f550acbb234fba3e2deaf8ba55d
Sprite/icons8-collapse-arrow-48.asset,Sprite,Assets/RecoveredOriginal/Sprite/Sprite/icons8-collapse-arrow-48.asset,03829da4132d064489f1008328d3670e
Sprite/icons8-copy-48.asset,Sprite,Assets/RecoveredOriginal/Sprite/Sprite/icons8-copy-48.asset,26f9e8aa71f48e647b12de33a8ce1789
Sprite/icons8-domaine-96.asset,Sprite,Assets/RecoveredOriginal/Sprite/Sprite/icons8-domaine-96.asset,896361175ce22fa49a15c996ffc88e7a
Sprite/icons8-error-64.asset,Sprite,Assets/RecoveredOriginal/Sprite/Sprite/icons8-error-64.asset,66cd7dae548eec646978d4189a367bfc
Sprite/icons8-expand-arrow-48.asset,Sprite,Assets/RecoveredOriginal/Sprite/Sprite/icons8-expand-arrow-48.asset,238d86342648cf24891c30fed9dd453a
Sprite/icons8-filter-96.asset,Sprite,Assets/RecoveredOriginal/Sprite/Sprite/icons8-filter-96.asset,59b3068d010c01e4f85da1cf548b4f86
Sprite/icons8-gdpr-96.asset,Sprite,Assets/RecoveredOriginal/Sprite/Sprite/icons8-gdpr-96.asset,bb01479437c195c409162c4947676336
Sprite/icons8-high-priority-48.asset,Sprite,Assets/RecoveredOriginal/Sprite/Sprite/icons8-high-priority-48.asset,550b5ffe5f765e242b494fc8d350e382
Sprite/icons8-hourglass-96.asset,Sprite,Assets/RecoveredOriginal/Sprite/Sprite/icons8-hourglass-96.asset,2a30dfc2a5602bb4c9fc89ce2a32fa2c
Sprite/icons8-info-256.asset,Sprite,Assets/RecoveredOriginal/Sprite/Sprite/icons8-info-256.asset,8426bf5a85dfe794698e7a4453309c6b
Sprite/icons8-info-48.asset,Sprite,Assets/RecoveredOriginal/Sprite/Sprite/icons8-info-48.asset,3ceb1633c7b1db64794119e10a461206
Sprite/icons8-key-48.asset,Sprite,Assets/RecoveredOriginal/Sprite/Sprite/icons8-key-48.asset,61acfab75c891354e9ae5b32db14d94a
Sprite/icons8-money-100.asset,Sprite,Assets/RecoveredOriginal/Sprite/Sprite/icons8-money-100.asset,b8b5c51add7047c46b113961199bbd9c
Sprite/icons8-note-48.asset,Sprite,Assets/RecoveredOriginal/Sprite/Sprite/icons8-note-48.asset,dc6f3a516b01d3a4c8ee4b6101a92fac
Sprite/icons8-pause-52.asset,Sprite,Assets/RecoveredOriginal/Sprite/Sprite/icons8-pause-52.asset,111dbdacc9166e94c89ab204ea327176
Sprite/icons8-play-52.asset,Sprite,Assets/RecoveredOriginal/Sprite/Sprite/icons8-play-52.asset,b4dbc82737c7a9947934fc94c591b075
Sprite/icons8-popup-background-104.asset,Sprite,Assets/RecoveredOriginal/Sprite/Sprite/icons8-popup-background-104.asset,91e0c26e867478d4b8db7b6c8302fa6b
Sprite/icons8-resize-vertical-52.asset,Sprite,Assets/RecoveredOriginal/Sprite/Sprite/icons8-resize-vertical-52.asset,0e8e2741950d93747be387de36f06836
Sprite/icons8-test-tube-48.asset,Sprite,Assets/RecoveredOriginal/Sprite/Sprite/icons8-test-tube-48.asset,ed2e5c4bd768a714a805c5f1dd03dd3a
Sprite/icons8-toggle-off-48.asset,Sprite,Assets/RecoveredOriginal/Sprite/Sprite/icons8-toggle-off-48.asset,778194b694b8f8d41b32c8b349bbaa7a
Sprite/icons8-toggle-on-48.asset,Sprite,Assets/RecoveredOriginal/Sprite/Sprite/icons8-toggle-on-48.asset,b1bcfeb06bbea6946ba9326fc88f4ca5
Sprite/icons8-trash-208.asset,Sprite,Assets/RecoveredOriginal/Sprite/Sprite/icons8-trash-208.asset,7350d4ace1348164ba18115d30f10b3b
Sprite/Icon_0.asset,Sprite,Assets/RecoveredOriginal/Sprite/Sprite/Icon_0.asset,170277e6256950341a11a786bad8c437
Sprite/image-1-splashScene.asset,Sprite,Assets/RecoveredOriginal/Sprite/Sprite/image-1-splashScene.asset,609a81b22a6f5434b8759d2144b4b7e6
Sprite/image-2-splashScene.asset,Sprite,Assets/RecoveredOriginal/Sprite/Sprite/image-2-splashScene.asset,4e4bed8b907ac9a45bdd4cb407bda253
Sprite/image-dash-expand.asset,Sprite,Assets/RecoveredOriginal/Sprite/Sprite/image-dash-expand.asset,c923f5148f9993a458b620fe0e026326
Sprite/indicator.asset,Sprite,Assets/RecoveredOriginal/Sprite/Sprite/indicator.asset,a7bc90a5ae033cc4e9c3876e9b6e8b06
Sprite/info-64.asset,Sprite,Assets/RecoveredOriginal/Sprite/Sprite/info-64.asset,93632842a26a7374ea0275cc7dd1954b
Sprite/info-icon.asset,Sprite,Assets/RecoveredOriginal/Sprite/Sprite/info-icon.asset,6084d986d643ac04db380cd2fb80334c
Sprite/ingame-win.asset,Sprite,Assets/RecoveredOriginal/Sprite/Sprite/ingame-win.asset,890d9afa286a3a5419725cb18c2384dc
Sprite/light (1).asset,Sprite,Assets/RecoveredOriginal/Sprite/Sprite/light (1).asset,ebe97d8c4123bdd4aab093abb38e7f07
Sprite/light-2.asset,Sprite,Assets/RecoveredOriginal/Sprite/Sprite/light-2.asset,25972e77e8cdc2d4daca8ed4b3273d94
Sprite/light-congrats.asset,Sprite,Assets/RecoveredOriginal/Sprite/Sprite/light-congrats.asset,190746f613185564398168eccbfb891a
Sprite/light-congrats_0.asset,Sprite,Assets/RecoveredOriginal/Sprite/Sprite/light-congrats_0.asset,7954117888f20e1419f55b88fa5ba852
Sprite/light-upgrade.asset,Sprite,Assets/RecoveredOriginal/Sprite/Sprite/light-upgrade.asset,2cac270bfb9acce43a234bd429b9392a
Sprite/light-yellow-v2 1.asset,Sprite,Assets/RecoveredOriginal/Sprite/Sprite/light-yellow-v2 1.asset,aaddbfc3745ca9345989e323a41b4c23
Sprite/light.asset,Sprite,Assets/RecoveredOriginal/Sprite/Sprite/light.asset,6079ec7984ea95449b2851f05628d569
Sprite/light_0.asset,Sprite,Assets/RecoveredOriginal/Sprite/Sprite/light_0.asset,277c6350d12e03a46a332fd54f2671f9
Sprite/loading@2x.asset,Sprite,Assets/RecoveredOriginal/Sprite/Sprite/loading@2x.asset,bb3e559f6dafd9d49b7a8aa9e2b3f78b
Sprite/logo.asset,Sprite,Assets/RecoveredOriginal/Sprite/Sprite/logo.asset,8f70915587dd51a45b8c722885c3d775
Sprite/Logo@2x.asset,Sprite,Assets/RecoveredOriginal/Sprite/Sprite/Logo@2x.asset,ae2f1f6dc1fcb3d4d973bf1cdd53d03f
Sprite/MakeUp_1.asset,Sprite,Assets/RecoveredOriginal/Sprite/Sprite/MakeUp_1.asset,8579b65b1f067174cb3e9694ccd1f45e
Sprite/Mask.asset,Sprite,Assets/RecoveredOriginal/Sprite/Sprite/Mask.asset,86bf050ccc4ed7245a76e310f90351e4
Sprite/menu-32.asset,Sprite,Assets/RecoveredOriginal/Sprite/Sprite/menu-32.asset,b1143870f1f1a6c4c9e6d8ae606f129b
Sprite/menu-50.asset,Sprite,Assets/RecoveredOriginal/Sprite/Sprite/menu-50.asset,4e4248a63b646fa43bcb0fca2188dfce
Sprite/NumberButton_Fill@2x.asset,Sprite,Assets/RecoveredOriginal/Sprite/Sprite/NumberButton_Fill@2x.asset,c8594dd3ac232dd4ba56e53889ed3fd8
Sprite/NumberButton_Outline@2x.asset,Sprite,Assets/RecoveredOriginal/Sprite/Sprite/NumberButton_Outline@2x.asset,6f75020675310ae4a8282208a89ed8aa
Sprite/OkeyIcon.asset,Sprite,Assets/RecoveredOriginal/Sprite/Sprite/OkeyIcon.asset,4c8120b3be2b080409953816e5724c4d
Sprite/options.asset,Sprite,Assets/RecoveredOriginal/Sprite/Sprite/options.asset,0aeb55f06c2e4e24dabbfe356cedfad2
Sprite/OrangeFull.asset,Sprite,Assets/RecoveredOriginal/Sprite/Sprite/OrangeFull.asset,cb3c1174df8751d47aeb40fe0c5e264c
Sprite/outline-64.asset,Sprite,Assets/RecoveredOriginal/Sprite/Sprite/outline-64.asset,e3b108280309f2c4d96adb782779a3d2
Sprite/outline-line.asset,Sprite,Assets/RecoveredOriginal/Sprite/Sprite/outline-line.asset,1a065d751f1374c4c93afaa536d5b6c8
Sprite/PaintBlueTiles.asset,Sprite,Assets/RecoveredOriginal/Sprite/Sprite/PaintBlueTiles.asset,3a0f2bd527ac1d04b8553820afb4feaa
Sprite/PaintGreenTiles.asset,Sprite,Assets/RecoveredOriginal/Sprite/Sprite/PaintGreenTiles.asset,84a74580ad7248742800fb4ccf8f076a
Sprite/PaintTiles.asset,Sprite,Assets/RecoveredOriginal/Sprite/Sprite/PaintTiles.asset,a056ba8e0b3577e4aadbe7eb54009f56
Sprite/Perfumes_1.asset,Sprite,Assets/RecoveredOriginal/Sprite/Sprite/Perfumes_1.asset,9ae64cf6dde44f74f865a46bb62cc95f
Sprite/pin-50.asset,Sprite,Assets/RecoveredOriginal/Sprite/Sprite/pin-50.asset,96448a6525748fa47acb4e370cd28761
Sprite/PinDot_Fill@2x.asset,Sprite,Assets/RecoveredOriginal/Sprite/Sprite/PinDot_Fill@2x.asset,f2f4f52351a181d438cd052aca3d2b4d
Sprite/PinDot_Outline@2x.asset,Sprite,Assets/RecoveredOriginal/Sprite/Sprite/PinDot_Outline@2x.asset,9c1d558b6df2b204983b139cb9878c1f
Sprite/prize.asset,Sprite,Assets/RecoveredOriginal/Sprite/Sprite/prize.asset,bf25c7552583fc44bb3a3e000ecb4e57
Sprite/quest-popUp-reward.asset,Sprite,Assets/RecoveredOriginal/Sprite/Sprite/quest-popUp-reward.asset,13b8bb676d21c0c44bee4a5820ffaee3
Sprite/quest-popUp.asset,Sprite,Assets/RecoveredOriginal/Sprite/Sprite/quest-popUp.asset,5baae78a154ace94a8c314bd6a946395
Sprite/recording_logo_off.asset,Sprite,Assets/RecoveredOriginal/Sprite/Sprite/recording_logo_off.asset,36cdead28f0f12842b46f79431c98b3c
Sprite/recording_logo_on.asset,Sprite,Assets/RecoveredOriginal/Sprite/Sprite/recording_logo_on.asset,c048d3322b1b6bb4fad622259cd340ad
Sprite/Rectangle 8416.asset,Sprite,Assets/RecoveredOriginal/Sprite/Sprite/Rectangle 8416.asset,1e04945943dc6d043913049798551ee6
Sprite/refresh-50.asset,Sprite,Assets/RecoveredOriginal/Sprite/Sprite/refresh-50.asset,331f31bbd79ac6444ae9a23b53f37696
Sprite/ref_noads_popup.asset,Sprite,Assets/RecoveredOriginal/Sprite/Sprite/ref_noads_popup.asset,b982c81433248c149beb418faec41850
Sprite/ref_reward_chest.asset,Sprite,Assets/RecoveredOriginal/Sprite/Sprite/ref_reward_chest.asset,38efa24aca6f0974c9c087ed81f6850b
Sprite/ReportAdInfo.asset,Sprite,Assets/RecoveredOriginal/Sprite/Sprite/ReportAdInfo.asset,37ea423e890528c439d1a5010f4dd184
Sprite/RevealCards.asset,Sprite,Assets/RecoveredOriginal/Sprite/Sprite/RevealCards.asset,9ed7c4326eeb03f46bf25066cc213b4d
Sprite/Rewards BG.asset,Sprite,Assets/RecoveredOriginal/Sprite/Sprite/Rewards BG.asset,cd12598b159afce46bf69952a07f110c
Sprite/Reward_Cell_Bg_Active.asset,Sprite,Assets/RecoveredOriginal/Sprite/Sprite/Reward_Cell_Bg_Active.asset,131cf7d802eb75640a4af8bcec5132c8
Sprite/Reward_Cell_Bg_Deactive.asset,Sprite,Assets/RecoveredOriginal/Sprite/Sprite/Reward_Cell_Bg_Deactive.asset,1637232bad102544cae023210e06564d
Sprite/Reward_Cell_Bg_Pressed.asset,Sprite,Assets/RecoveredOriginal/Sprite/Sprite/Reward_Cell_Bg_Pressed.asset,bb72ca4a3c123fb4babd54821d4a637b
Sprite/ribbon-blue-v2.asset,Sprite,Assets/RecoveredOriginal/Sprite/Sprite/ribbon-blue-v2.asset,7756c320b3deacf4a88248864690b44b
Sprite/ribbon-blue.asset,Sprite,Assets/RecoveredOriginal/Sprite/Sprite/ribbon-blue.asset,2c80986edaf357f4cb0ccf3ab3ac0d3e
Sprite/ribbon-green-v2.asset,Sprite,Assets/RecoveredOriginal/Sprite/Sprite/ribbon-green-v2.asset,58c945ab31ec43148bfae4dabddc9110
Sprite/ribbon-purple-v2.asset,Sprite,Assets/RecoveredOriginal/Sprite/Sprite/ribbon-purple-v2.asset,edab224acc6a024418c12a64f0491ddb
Sprite/ribbon-red-v2.asset,Sprite,Assets/RecoveredOriginal/Sprite/Sprite/ribbon-red-v2.asset,5a2751a2ab2142a4980bd1201c992bd0
Sprite/ribbon-yellow-v2.asset,Sprite,Assets/RecoveredOriginal/Sprite/Sprite/ribbon-yellow-v2.asset,a2f5a3be03a9a4c4f9e943da5c8821c8
Sprite/rounded-frame.asset,Sprite,Assets/RecoveredOriginal/Sprite/Sprite/rounded-frame.asset,4e47e69e3eed67a4c81a10cf4927e418
Sprite/rounded-rectangle.asset,Sprite,Assets/RecoveredOriginal/Sprite/Sprite/rounded-rectangle.asset,1b84775e0c79eef4c91a138d7459fa02
Sprite/RoundedCorner-2px@2x.asset,Sprite,Assets/RecoveredOriginal/Sprite/Sprite/RoundedCorner-2px@2x.asset,c909bbf8fcfa27149a899a11ff231967
Sprite/RoundedCorner-5px@2x.asset,Sprite,Assets/RecoveredOriginal/Sprite/Sprite/RoundedCorner-5px@2x.asset,59f3fdf21312873428ec6155ca005c93
Sprite/sand-quest-2.asset,Sprite,Assets/RecoveredOriginal/Sprite/Sprite/sand-quest-2.asset,0ac958ff47647424ba427724b637cdb4
Sprite/School_1.asset,Sprite,Assets/RecoveredOriginal/Sprite/Sprite/School_1.asset,0a382f90e4726ab4da8936a5ba1a126a
Sprite/sdk-512.asset,Sprite,Assets/RecoveredOriginal/Sprite/Sprite/sdk-512.asset,2349f759b692e9f4aa07d73485f0b3d7
Sprite/separator.asset,Sprite,Assets/RecoveredOriginal/Sprite/Sprite/separator.asset,6a972a89e810ed443af733e5907347cb
Sprite/seperator-navbar.asset,Sprite,Assets/RecoveredOriginal/Sprite/Sprite/seperator-navbar.asset,15d2400c057784f458d0312d956202ee
Sprite/seperator-popUp-booster.asset,Sprite,Assets/RecoveredOriginal/Sprite/Sprite/seperator-popUp-booster.asset,bbfc745a7238cd4418e17ed8f6e91462
Sprite/SETTINGS.asset,Sprite,Assets/RecoveredOriginal/Sprite/Sprite/SETTINGS.asset,3d2771747d04c3b4780ea08cfbcf515d
Sprite/shadow-talentTree.asset,Sprite,Assets/RecoveredOriginal/Sprite/Sprite/shadow-talentTree.asset,7461ba46f9293054e84bdb6deac138a2
Sprite/shadow.asset,Sprite,Assets/RecoveredOriginal/Sprite/Sprite/shadow.asset,b655d20c340e35448afaf6882e228134
Sprite/Shadow2.asset,Sprite,Assets/RecoveredOriginal/Sprite/Sprite/Shadow2.asset,c0ca3eee15d9a324abf58f182039323e
Sprite/Shadow_0.asset,Sprite,Assets/RecoveredOriginal/Sprite/Sprite/Shadow_0.asset,4234bdd0c12ac114dac4234e5e693815
Sprite/Shadow_White.asset,Sprite,Assets/RecoveredOriginal/Sprite/Sprite/Shadow_White.asset,f494f613dc3ddbd4f9cc887d648ce3fa
Sprite/Shop.asset,Sprite,Assets/RecoveredOriginal/Sprite/Sprite/Shop.asset,2ca616959e20d674c9330c8a4ef4be56
Sprite/ShotsFired.asset,Sprite,Assets/RecoveredOriginal/Sprite/Sprite/ShotsFired.asset,b20b2f01a4a2c1d46a204b44743719b9
Sprite/sound_off.asset,Sprite,Assets/RecoveredOriginal/Sprite/Sprite/sound_off.asset,a94c0a7bfd62b3e4e8ce9dab296b9fe5
Sprite/sound_on.asset,Sprite,Assets/RecoveredOriginal/Sprite/Sprite/sound_on.asset,52c81c407563d50439fabe4de2067a9d
Sprite/speaker-icon.asset,Sprite,Assets/RecoveredOriginal/Sprite/Sprite/speaker-icon.asset,4f4e7acb8fe3e5346b250c8532e4ffa3
Sprite/spider-64.asset,Sprite,Assets/RecoveredOriginal/Sprite/Sprite/spider-64.asset,bc0de6fbcab2cca449a953482bd37af0
Sprite/spinner.asset,Sprite,Assets/RecoveredOriginal/Sprite/Sprite/spinner.asset,85a2d383725ba134d9456141f24676aa
Sprite/SplashScreen.asset,Sprite,Assets/RecoveredOriginal/Sprite/Sprite/SplashScreen.asset,de023b4ed6786b04bbfa29f2a5fa6b78
Sprite/Square.asset,Sprite,Assets/RecoveredOriginal/Sprite/Sprite/Square.asset,21588b32188cc7d4bbd6d8eedc680c07
Sprite/StarDisableSprite.asset,Sprite,Assets/RecoveredOriginal/Sprite/Sprite/StarDisableSprite.asset,84a338e8e4dda9249921dc346a76b1d4
Sprite/StarEnableSprite.asset,Sprite,Assets/RecoveredOriginal/Sprite/Sprite/StarEnableSprite.asset,973c9f2f24adff94c896a7d0f57f3d02
Sprite/stompy_white_128.asset,Sprite,Assets/RecoveredOriginal/Sprite/Sprite/stompy_white_128.asset,cec43999e7a22fa44b6d4a7b7fd7d1a1
Sprite/stop-icon.asset,Sprite,Assets/RecoveredOriginal/Sprite/Sprite/stop-icon.asset,612dbebd1dd04cc43851867cf42a3cde
Sprite/Superb!Gif (1).asset,Sprite,Assets/RecoveredOriginal/Sprite/Sprite/Superb!Gif (1).asset,33f9347aea456704791ebc14fb60a3c2
Sprite/SwapIcon.asset,Sprite,Assets/RecoveredOriginal/Sprite/Sprite/SwapIcon.asset,1b99fd7e69132f04f82e47574d757033
Sprite/SwapIcon_0.asset,Sprite,Assets/RecoveredOriginal/Sprite/Sprite/SwapIcon_0.asset,da78300d876a3434389e629f7b767a8f
Sprite/TaskLoaderOutline.asset,Sprite,Assets/RecoveredOriginal/Sprite/Sprite/TaskLoaderOutline.asset,37f4a76991a13c740821e9fb5fdddf33
Sprite/text-booster.asset,Sprite,Assets/RecoveredOriginal/Sprite/Sprite/text-booster.asset,4dc119c26c7de9b4785ede0b26a8d285
Sprite/text-congrats-v2.asset,Sprite,Assets/RecoveredOriginal/Sprite/Sprite/text-congrats-v2.asset,fc135496fbfbff44d821964888bca5df
Sprite/text-exit.asset,Sprite,Assets/RecoveredOriginal/Sprite/Sprite/text-exit.asset,172617306d71e1d4a97b1bcfaa28bc97
Sprite/text-hardLevel-v2.asset,Sprite,Assets/RecoveredOriginal/Sprite/Sprite/text-hardLevel-v2.asset,33ad070d0467b994384e4b849d998c58
Sprite/text-levelCompleted-v2.asset,Sprite,Assets/RecoveredOriginal/Sprite/Sprite/text-levelCompleted-v2.asset,d1c41054bc9651248878360c96e53a78
Sprite/text-newArtStyle-v2.asset,Sprite,Assets/RecoveredOriginal/Sprite/Sprite/text-newArtStyle-v2.asset,b32dd32897f4ef245a05e592e103fce5
Sprite/text-newFeature-v2.asset,Sprite,Assets/RecoveredOriginal/Sprite/Sprite/text-newFeature-v2.asset,89ff546d07e294145a2f580b5372a380
Sprite/text-noMoreLives.asset,Sprite,Assets/RecoveredOriginal/Sprite/Sprite/text-noMoreLives.asset,a904dba17b78a784a941a5e8cea1f004
Sprite/text-remove_ads.asset,Sprite,Assets/RecoveredOriginal/Sprite/Sprite/text-remove_ads.asset,c269ece494213e748b622d0b413ceea5
Sprite/text-tryAgain-v2.asset,Sprite,Assets/RecoveredOriginal/Sprite/Sprite/text-tryAgain-v2.asset,b004734b9c73b3a4597c5e177572f527
Sprite/timerIcon.asset,Sprite,Assets/RecoveredOriginal/Sprite/Sprite/timerIcon.asset,3b6fd3803e4ccf0498c08383f288070d
Sprite/Timer_Bg.asset,Sprite,Assets/RecoveredOriginal/Sprite/Sprite/Timer_Bg.asset,92764dabdb85cec4e8326e836f374710
Sprite/ToggleOff.asset,Sprite,Assets/RecoveredOriginal/Sprite/Sprite/ToggleOff.asset,169407abd4d8b154da04f3b57fb85af6
Sprite/ToggleOn.asset,Sprite,Assets/RecoveredOriginal/Sprite/Sprite/ToggleOn.asset,158402dc29854104b982a9253da3196e
Sprite/trash2-32.asset,Sprite,Assets/RecoveredOriginal/Sprite/Sprite/trash2-32.asset,8ac26565b0a63fa45a03e59ebfed2b23
Sprite/trash2-50.asset,Sprite,Assets/RecoveredOriginal/Sprite/Sprite/trash2-50.asset,8869ed9b71e8d694281d6940258f2778
Sprite/TryAgain Text_0.asset,Sprite,Assets/RecoveredOriginal/Sprite/Sprite/TryAgain Text_0.asset,65af61f1cc050554a82337e53132ffef
Sprite/TryAgain Text_1.asset,Sprite,Assets/RecoveredOriginal/Sprite/Sprite/TryAgain Text_1.asset,18c2441e154afb9418e134a924126d48
Sprite/TryAgain Text_10.asset,Sprite,Assets/RecoveredOriginal/Sprite/Sprite/TryAgain Text_10.asset,4930e381c62c1604cb301d982c6ac1e3
Sprite/TryAgain Text_11.asset,Sprite,Assets/RecoveredOriginal/Sprite/Sprite/TryAgain Text_11.asset,a35071e2abe4c5f4f8ce9a36a1916764
Sprite/TryAgain Text_12.asset,Sprite,Assets/RecoveredOriginal/Sprite/Sprite/TryAgain Text_12.asset,6cb481abad9191947a5c35052e35f677
Sprite/TryAgain Text_13.asset,Sprite,Assets/RecoveredOriginal/Sprite/Sprite/TryAgain Text_13.asset,17e70fcff40e6954f99fff933e1f9ce5
Sprite/TryAgain Text_14.asset,Sprite,Assets/RecoveredOriginal/Sprite/Sprite/TryAgain Text_14.asset,82acac9839effd34c90965ff696d1e32
Sprite/TryAgain Text_15.asset,Sprite,Assets/RecoveredOriginal/Sprite/Sprite/TryAgain Text_15.asset,130e914b0466c4a4ca9ba8c7e0a2aa14
Sprite/TryAgain Text_2.asset,Sprite,Assets/RecoveredOriginal/Sprite/Sprite/TryAgain Text_2.asset,c108c7143fb89c14fa63445a18b24968
Sprite/TryAgain Text_3.asset,Sprite,Assets/RecoveredOriginal/Sprite/Sprite/TryAgain Text_3.asset,8136c74b6d622454f82621aeaa0bf4ab
Sprite/TryAgain Text_4.asset,Sprite,Assets/RecoveredOriginal/Sprite/Sprite/TryAgain Text_4.asset,23c61d65f2807db44a8b98b0dc5edfb7
Sprite/TryAgain Text_5.asset,Sprite,Assets/RecoveredOriginal/Sprite/Sprite/TryAgain Text_5.asset,caa6501bde2cc3a4588c5471352395e6
Sprite/TryAgain Text_6.asset,Sprite,Assets/RecoveredOriginal/Sprite/Sprite/TryAgain Text_6.asset,543ef9354c84ecc4c899a3daecdf465b
Sprite/TryAgain Text_7.asset,Sprite,Assets/RecoveredOriginal/Sprite/Sprite/TryAgain Text_7.asset,8ee0a16110d300c4cacaf53cfb3abba7
Sprite/TryAgain Text_8.asset,Sprite,Assets/RecoveredOriginal/Sprite/Sprite/TryAgain Text_8.asset,c96881a8be389694dbc133f066bf0226
Sprite/TryAgain Text_9.asset,Sprite,Assets/RecoveredOriginal/Sprite/Sprite/TryAgain Text_9.asset,b862fad63de40d44baa5d85a9d064ec7
Sprite/Tutorial.asset,Sprite,Assets/RecoveredOriginal/Sprite/Sprite/Tutorial.asset,50acd936c8333aa4a87897b04e070427
Sprite/tutorial_hand_3 (1).asset,Sprite,Assets/RecoveredOriginal/Sprite/Sprite/tutorial_hand_3 (1).asset,31d0166938ac681428db029a1d84dcfb
Sprite/UICheckMark.asset,Sprite,Assets/RecoveredOriginal/Sprite/Sprite/UICheckMark.asset,1f3ae6abfe82a5849a6541f07722ef3b
Sprite/UIElement8px.asset,Sprite,Assets/RecoveredOriginal/Sprite/Sprite/UIElement8px.asset,04f38b7f1de949c4eba84874bf169edf
Sprite/UIFoldoutClosed.asset,Sprite,Assets/RecoveredOriginal/Sprite/Sprite/UIFoldoutClosed.asset,d01981fccf63dc649aeccd92a4073b04
Sprite/UIFoldoutOpened.asset,Sprite,Assets/RecoveredOriginal/Sprite/Sprite/UIFoldoutOpened.asset,96571a1c1ac2fcb44813e5a13083b89d
Sprite/UseExtraSlotIcon.asset,Sprite,Assets/RecoveredOriginal/Sprite/Sprite/UseExtraSlotIcon.asset,11b72209b4b04944a8c9ebb76d492acc
Sprite/Victory.asset,Sprite,Assets/RecoveredOriginal/Sprite/Sprite/Victory.asset,76042549965380f4c92e541e2253fb26
Sprite/victory_2 1.asset,Sprite,Assets/RecoveredOriginal/Sprite/Sprite/victory_2 1.asset,8aed0ca09dc16454d875998f1c66454b
Sprite/voodoo-logo-noir.asset,Sprite,Assets/RecoveredOriginal/Sprite/Sprite/voodoo-logo-noir.asset,8b478ffeec10cca47b6a66e4c82947a7
Sprite/VoodooLogoSquare.asset,Sprite,Assets/RecoveredOriginal/Sprite/Sprite/VoodooLogoSquare.asset,3e1510bb05df0a54693afd15efd395c1
Sprite/vs-logo.asset,Sprite,Assets/RecoveredOriginal/Sprite/Sprite/vs-logo.asset,e3adb5b22eff6cc4bb3b02a4b9797e6e
Sprite/WeeklyTask-2.asset,Sprite,Assets/RecoveredOriginal/Sprite/Sprite/WeeklyTask-2.asset,d7e307b362e2b0c4080d97585f06293f
Sprite/WeeklyTaskIcon.asset,Sprite,Assets/RecoveredOriginal/Sprite/Sprite/WeeklyTaskIcon.asset,a4db81ef7e470a0498b2b1048432260c
Sprite/WeeklyTaskTaskBG.asset,Sprite,Assets/RecoveredOriginal/Sprite/Sprite/WeeklyTaskTaskBG.asset,47e43f628645ef941a25d54640535c78
Sprite/WeeklyTaskWidgetActive.asset,Sprite,Assets/RecoveredOriginal/Sprite/Sprite/WeeklyTaskWidgetActive.asset,a2d27f75496c4b54ba95b50f83760dc5
Sprite/WeeklyTaskWidgetDeactive.asset,Sprite,Assets/RecoveredOriginal/Sprite/Sprite/WeeklyTaskWidgetDeactive.asset,7a8dbc694b16a0845ab00b0b45729ab7
Sprite/WeeklyTaskWidgetPressed.asset,Sprite,Assets/RecoveredOriginal/Sprite/Sprite/WeeklyTaskWidgetPressed.asset,1a4dbe1ad4f8ca543acc2e6768baa08f
Sprite/WeeklyTask_LoaderBG.asset,Sprite,Assets/RecoveredOriginal/Sprite/Sprite/WeeklyTask_LoaderBG.asset,546994c5622d64148aba7e45f388aad5
Sprite/WellDoneText_0.asset,Sprite,Assets/RecoveredOriginal/Sprite/Sprite/WellDoneText_0.asset,59d3c34c1b9c7464c8ca2bc8a0059591
Sprite/WellDoneText_1.asset,Sprite,Assets/RecoveredOriginal/Sprite/Sprite/WellDoneText_1.asset,2d06a055d52933749b783c4cf201c55e
Sprite/WellDoneText_10.asset,Sprite,Assets/RecoveredOriginal/Sprite/Sprite/WellDoneText_10.asset,40aa5bd35159acf4f83f69038f14fb55
Sprite/WellDoneText_11.asset,Sprite,Assets/RecoveredOriginal/Sprite/Sprite/WellDoneText_11.asset,e329a999ab858634099c4fb1fa6b0b35
Sprite/WellDoneText_13.asset,Sprite,Assets/RecoveredOriginal/Sprite/Sprite/WellDoneText_13.asset,75fdbaa02b0350e4993520f7c7592866
Sprite/WellDoneText_14.asset,Sprite,Assets/RecoveredOriginal/Sprite/Sprite/WellDoneText_14.asset,eb0876ee70cbc4e4fa27449287a5614f
Sprite/WellDoneText_15.asset,Sprite,Assets/RecoveredOriginal/Sprite/Sprite/WellDoneText_15.asset,e179d9ed786611545ad94b94641d8338
Sprite/WellDoneText_2.asset,Sprite,Assets/RecoveredOriginal/Sprite/Sprite/WellDoneText_2.asset,aaad90aab334b9948aaf46803030f79f
Sprite/WellDoneText_3.asset,Sprite,Assets/RecoveredOriginal/Sprite/Sprite/WellDoneText_3.asset,9e2a6c96fb21cc94ba5d2900574442f8
Sprite/WellDoneText_4.asset,Sprite,Assets/RecoveredOriginal/Sprite/Sprite/WellDoneText_4.asset,2da3449411e0b6446befad5e055e326c
Sprite/WellDoneText_5.asset,Sprite,Assets/RecoveredOriginal/Sprite/Sprite/WellDoneText_5.asset,96b27b24f5e983b42956b6bdd0115f64
Sprite/WellDoneText_6.asset,Sprite,Assets/RecoveredOriginal/Sprite/Sprite/WellDoneText_6.asset,974a0820bd0dd174fadece2e34ea873b
Sprite/WellDoneText_7.asset,Sprite,Assets/RecoveredOriginal/Sprite/Sprite/WellDoneText_7.asset,3eb90154bec4eaa4c9c4dfc92bb24044
Sprite/WellDoneText_8.asset,Sprite,Assets/RecoveredOriginal/Sprite/Sprite/WellDoneText_8.asset,4533c6cbad2b8e6428c4605f525a1c97
Sprite/WellDoneText_9.asset,Sprite,Assets/RecoveredOriginal/Sprite/Sprite/WellDoneText_9.asset,f4eb87332f2d3e0448a51de4bdbdcd2a
Sprite/White1px.asset,Sprite,Assets/RecoveredOriginal/Sprite/Sprite/White1px.asset,b93fdeb7ea037724596dd6308a48a11f
Sprite/wings-2.asset,Sprite,Assets/RecoveredOriginal/Sprite/Sprite/wings-2.asset,448268600bf706542bc397bf226cedbe
Sprite/wording-settings.asset,Sprite,Assets/RecoveredOriginal/Sprite/Sprite/wording-settings.asset,7bfeea9e4d5342f4ca36f108619f0250
Sprite/yellow.asset,Sprite,Assets/RecoveredOriginal/Sprite/Sprite/yellow.asset,8f35526b6e35aa243abddf1f0401d826
Texture2D/0005.png,Texture,Assets/RecoveredOriginal/Texture/Texture2D/0005.png,657fa0c3f805d76469fdc0addec85439
Texture2D/0006.png,Texture,Assets/RecoveredOriginal/Texture/Texture2D/0006.png,dead4346c46795e4ab95f898eef951b5
Texture2D/0007.png,Texture,Assets/RecoveredOriginal/Texture/Texture2D/0007.png,83811f991ffd532408134ab47e6a08a6
Texture2D/0008.png,Texture,Assets/RecoveredOriginal/Texture/Texture2D/0008.png,dec26b06fc223e04db1fc20955287d0e
Texture2D/0009.png,Texture,Assets/RecoveredOriginal/Texture/Texture2D/0009.png,c01e60f007d068945803d1b18213bf5a
Texture2D/0010.png,Texture,Assets/RecoveredOriginal/Texture/Texture2D/0010.png,d53034dc47dc0ba4fa99835dd3936668
Texture2D/0011.png,Texture,Assets/RecoveredOriginal/Texture/Texture2D/0011.png,dc492d9b25cafef4fa863148b6324dec
Texture2D/0012.png,Texture,Assets/RecoveredOriginal/Texture/Texture2D/0012.png,6111df1347e4e3646823bd0e682461d6
Texture2D/0013.png,Texture,Assets/RecoveredOriginal/Texture/Texture2D/0013.png,5af2bf52039d3ab4793e1428b0bf77dd
Texture2D/0014.png,Texture,Assets/RecoveredOriginal/Texture/Texture2D/0014.png,7803b8aef736e49429bfce476343f63d
Texture2D/0015.png,Texture,Assets/RecoveredOriginal/Texture/Texture2D/0015.png,2e3a7e365fc5bea479410b9097300364
Texture2D/0016.png,Texture,Assets/RecoveredOriginal/Texture/Texture2D/0016.png,bd871a23f9fab764fadb86a9909bc511
Texture2D/0017.png,Texture,Assets/RecoveredOriginal/Texture/Texture2D/0017.png,a16d3d64464f9cd4caa0fe76d101c642
Texture2D/0018.png,Texture,Assets/RecoveredOriginal/Texture/Texture2D/0018.png,5148948a5d04eab449511af0012ae7f3
Texture2D/0019.png,Texture,Assets/RecoveredOriginal/Texture/Texture2D/0019.png,f92ba04cc8b969546a4d01240f5ab937
Texture2D/0020.png,Texture,Assets/RecoveredOriginal/Texture/Texture2D/0020.png,4ed5faf520af89440a227a2e5cb67f23
Texture2D/0021.png,Texture,Assets/RecoveredOriginal/Texture/Texture2D/0021.png,1f7947d0640b12041b84e4c20e8a813a
Texture2D/0022.png,Texture,Assets/RecoveredOriginal/Texture/Texture2D/0022.png,e423a48cad60cee43bbd75182b3c5eef
Texture2D/0023.png,Texture,Assets/RecoveredOriginal/Texture/Texture2D/0023.png,1802b9c7d4020504f8c18b7c52cfeabe
Texture2D/0024.png,Texture,Assets/RecoveredOriginal/Texture/Texture2D/0024.png,23aeedb8027c99b44896dc8232ecc2d4
Texture2D/0025.png,Texture,Assets/RecoveredOriginal/Texture/Texture2D/0025.png,630c117d4fc45cf45b53c0d390463526
Texture2D/0026.png,Texture,Assets/RecoveredOriginal/Texture/Texture2D/0026.png,e0135409bb7df3d4086fb9729867699f
Texture2D/0027.png,Texture,Assets/RecoveredOriginal/Texture/Texture2D/0027.png,fac6fa4f3702df44687157db93d20b0b
Texture2D/0028.png,Texture,Assets/RecoveredOriginal/Texture/Texture2D/0028.png,2425b7d3caf1887428125dd709e7fbbf
Texture2D/0029.png,Texture,Assets/RecoveredOriginal/Texture/Texture2D/0029.png,fd3b6fc57b4e286488f5fe34357f0a58
Texture2D/0030.png,Texture,Assets/RecoveredOriginal/Texture/Texture2D/0030.png,8be2f929c212b0743a65c7f4681dbf31
Texture2D/0031.png,Texture,Assets/RecoveredOriginal/Texture/Texture2D/0031.png,319c8fd5f8411ca448847a659291f5ca
Texture2D/0032.png,Texture,Assets/RecoveredOriginal/Texture/Texture2D/0032.png,958f13f179b446b49b91d938a8cc5f27
Texture2D/0033.png,Texture,Assets/RecoveredOriginal/Texture/Texture2D/0033.png,29752b07f74625848b583afe0d407fae
Texture2D/0034.png,Texture,Assets/RecoveredOriginal/Texture/Texture2D/0034.png,27a36e1f68fd7624787f9d17206e16c5
Texture2D/0035.png,Texture,Assets/RecoveredOriginal/Texture/Texture2D/0035.png,2e1ddd78fa3fe0f4aa3cdafd346f39eb
Texture2D/0036.png,Texture,Assets/RecoveredOriginal/Texture/Texture2D/0036.png,384883bdcad68104f872287662d15922
Texture2D/0037.png,Texture,Assets/RecoveredOriginal/Texture/Texture2D/0037.png,d4e7679b38c4c9248a25eaf5e5de9922
Texture2D/0038.png,Texture,Assets/RecoveredOriginal/Texture/Texture2D/0038.png,d45cc6b019808e349927680db6c0f125
Texture2D/0039.png,Texture,Assets/RecoveredOriginal/Texture/Texture2D/0039.png,444e182dcfdf16d49b603f95fffe63c6
Texture2D/0040.png,Texture,Assets/RecoveredOriginal/Texture/Texture2D/0040.png,aceeaa1e432930045a8e55ca09ef5582
Texture2D/0041.png,Texture,Assets/RecoveredOriginal/Texture/Texture2D/0041.png,7b50493248c9c6c4b8813a5d4e63b836
Texture2D/0042.png,Texture,Assets/RecoveredOriginal/Texture/Texture2D/0042.png,a22d4c036d5b3184a800b0d9b6fd6f96
Texture2D/0043.png,Texture,Assets/RecoveredOriginal/Texture/Texture2D/0043.png,e4622baf998cb654fb63562426bf1787
Texture2D/0044.png,Texture,Assets/RecoveredOriginal/Texture/Texture2D/0044.png,62f76c7eb8c4eab438fc6cda63cb7f70
Texture2D/0045.png,Texture,Assets/RecoveredOriginal/Texture/Texture2D/0045.png,d89a98e6c5c621149bfde900f72445dd
Texture2D/0046.png,Texture,Assets/RecoveredOriginal/Texture/Texture2D/0046.png,4d835dbc46de02e40b8a56bb0a17f28e
Texture2D/0047.png,Texture,Assets/RecoveredOriginal/Texture/Texture2D/0047.png,761206a2287a0404f80012b69c613484
Texture2D/0048.png,Texture,Assets/RecoveredOriginal/Texture/Texture2D/0048.png,d408fb1be4c807b418baf18a3ca796ca
Texture2D/1.png,Texture,Assets/RecoveredOriginal/Texture/Texture2D/1.png,ffc13023d3c9e844eab551e567ebf749
Texture2D/10.png,Texture,Assets/RecoveredOriginal/Texture/Texture2D/10.png,afcd5f4f07a588945a0172c101ea92c9
Texture2D/11.png,Texture,Assets/RecoveredOriginal/Texture/Texture2D/11.png,e7d2fe30ecc78a24ca145810e51a77c5
Texture2D/112x84_Accessories_1.png,Texture,Assets/RecoveredOriginal/Texture/Texture2D/112x84_Accessories_1.png,f6b155b3a3d639a4cb56932adc073b5f
Texture2D/112x84_AnimalPortrait_1.png,Texture,Assets/RecoveredOriginal/Texture/Texture2D/112x84_AnimalPortrait_1.png,fd676b025cbeb03458fdb773034fb992
Texture2D/112x84_Cartoon_4.png,Texture,Assets/RecoveredOriginal/Texture/Texture2D/112x84_Cartoon_4.png,8aa8d2886ec7ea84fac04172eb833afb
Texture2D/112x84_Cartoon_5.png,Texture,Assets/RecoveredOriginal/Texture/Texture2D/112x84_Cartoon_5.png,1e80923089f6bcd4eab667e93890d4f4
Texture2D/112x84_Celebs_5.png,Texture,Assets/RecoveredOriginal/Texture/Texture2D/112x84_Celebs_5.png,ce0ee15fe1e2b8047a347dcd6f7b1558
Texture2D/112x84_Celebs_7.png,Texture,Assets/RecoveredOriginal/Texture/Texture2D/112x84_Celebs_7.png,1c2cb4a3417fe8c44aeae7d44c4f3f1d
Texture2D/112x84_Dance_1.png,Texture,Assets/RecoveredOriginal/Texture/Texture2D/112x84_Dance_1.png,252356a99fe28224ebf630fbe704590e
Texture2D/112x84_EventFigures_1.png,Texture,Assets/RecoveredOriginal/Texture/Texture2D/112x84_EventFigures_1.png,9c1505a541626ee4885f03e065345e59
Texture2D/112x84_Family_11.png,Texture,Assets/RecoveredOriginal/Texture/Texture2D/112x84_Family_11.png,ee333f8daa6489b4281357bf4dabd9e8
Texture2D/112x84_Family_5.png,Texture,Assets/RecoveredOriginal/Texture/Texture2D/112x84_Family_5.png,5a1e9d6fdfc451148aaa3163b76ebc90
Texture2D/112x84_Flower_10.png,Texture,Assets/RecoveredOriginal/Texture/Texture2D/112x84_Flower_10.png,816c0bfce985127418057d4535984623
Texture2D/112x84_FoodAndDrinks_1.png,Texture,Assets/RecoveredOriginal/Texture/Texture2D/112x84_FoodAndDrinks_1.png,f900e41d8d769d840a8a117a09870940
Texture2D/112x84_Halloween_1.png,Texture,Assets/RecoveredOriginal/Texture/Texture2D/112x84_Halloween_1.png,2d717f1301a1ff3449c241c369b6c474
Texture2D/112x84_Level18_H.png,Texture,Assets/RecoveredOriginal/Texture/Texture2D/112x84_Level18_H.png,77d8f51b7b674ea439bb22a03f414d81
Texture2D/112x84_Level31_Heros.png,Texture,Assets/RecoveredOriginal/Texture/Texture2D/112x84_Level31_Heros.png,ac58c9041e659ab4cb32d2dda4f1b287
Texture2D/112x84_ModernPosters_1.png,Texture,Assets/RecoveredOriginal/Texture/Texture2D/112x84_ModernPosters_1.png,f96ab33d0329d7b4aa1790601d8e61dc
Texture2D/112x84_musicians_10.png,Texture,Assets/RecoveredOriginal/Texture/Texture2D/112x84_musicians_10.png,e6a54143e5d5f5746bbc44a7b22309e2
Texture2D/112x84_musicians_14.png,Texture,Assets/RecoveredOriginal/Texture/Texture2D/112x84_musicians_14.png,cec0baf28a852564ca0d637aef15cc14
Texture2D/112x84_musicians_9.png,Texture,Assets/RecoveredOriginal/Texture/Texture2D/112x84_musicians_9.png,797eca179ef8be04782e00a296475d3f
Texture2D/112x84_NewLevel_Princess_10.png,Texture,Assets/RecoveredOriginal/Texture/Texture2D/112x84_NewLevel_Princess_10.png,392b5745044102e48a95e8add2e34d70
Texture2D/112x84_NewLevel_Princess_14.png,Texture,Assets/RecoveredOriginal/Texture/Texture2D/112x84_NewLevel_Princess_14.png,026a31248ac4d1b4db9f0d49f174c01f
Texture2D/112x84_NewLevel_Princess_8.png,Texture,Assets/RecoveredOriginal/Texture/Texture2D/112x84_NewLevel_Princess_8.png,53bb8f028f5a24a4b9fdd91751e82fd3
Texture2D/112x84_New_Magic_14.png,Texture,Assets/RecoveredOriginal/Texture/Texture2D/112x84_New_Magic_14.png,f1d594e2933e45d49b49fab81b452718
Texture2D/112x84_New_Magic_3.png,Texture,Assets/RecoveredOriginal/Texture/Texture2D/112x84_New_Magic_3.png,792b88e159f9e5d4587f12309a90cb70
Texture2D/112x84_New_Magic_6.png,Texture,Assets/RecoveredOriginal/Texture/Texture2D/112x84_New_Magic_6.png,adbec196902c69947ae6d976cc4eb727
Texture2D/112x84_New_Magic_9.png,Texture,Assets/RecoveredOriginal/Texture/Texture2D/112x84_New_Magic_9.png,b48453f9569290741a03aec640ed2007
Texture2D/112x84_New_PopArt_14.png,Texture,Assets/RecoveredOriginal/Texture/Texture2D/112x84_New_PopArt_14.png,509f58f2da1bd9641a5de8e647ebc530
Texture2D/112x84_New_PopArt_3.png,Texture,Assets/RecoveredOriginal/Texture/Texture2D/112x84_New_PopArt_3.png,5cc8334cc00b915419ec3cac2f5fe321
Texture2D/112x84_New_PopArt_6.png,Texture,Assets/RecoveredOriginal/Texture/Texture2D/112x84_New_PopArt_6.png,bb22cb9a8369b914ba91321d833e1cd7
Texture2D/112x84_New_Sport_12.png,Texture,Assets/RecoveredOriginal/Texture/Texture2D/112x84_New_Sport_12.png,e62e49cfeb740014f97e42e781c91a6a
Texture2D/112x84_New_Sport_13.png,Texture,Assets/RecoveredOriginal/Texture/Texture2D/112x84_New_Sport_13.png,92e109a88e52b00429edc3aa40d2bbb6
Texture2D/112x84_New_Sport_2.png,Texture,Assets/RecoveredOriginal/Texture/Texture2D/112x84_New_Sport_2.png,0871767cc5e4d7c4897864f78e46e143
Texture2D/112x84_New_Sport_9.png,Texture,Assets/RecoveredOriginal/Texture/Texture2D/112x84_New_Sport_9.png,f8fec127b1548ac4bbc51e596d253101
Texture2D/112x84_New_WomenInArt_6.png,Texture,Assets/RecoveredOriginal/Texture/Texture2D/112x84_New_WomenInArt_6.png,37300465ad149b94fa9bf76aeeba7804
Texture2D/112x84_New_WomenInArt_8.png,Texture,Assets/RecoveredOriginal/Texture/Texture2D/112x84_New_WomenInArt_8.png,ff3f0988e61d1df4599e5e5f3cd645c1
Texture2D/112x84_Travel_10.png,Texture,Assets/RecoveredOriginal/Texture/Texture2D/112x84_Travel_10.png,a10bb8070eed6dc4793edb54c082a279
Texture2D/112x84_Travel_11.png,Texture,Assets/RecoveredOriginal/Texture/Texture2D/112x84_Travel_11.png,ccd9cbda5b63b70419bfc01d8e19dcfc
Texture2D/112x84_Travel_5.png,Texture,Assets/RecoveredOriginal/Texture/Texture2D/112x84_Travel_5.png,2b682aa77a6405140b42c5f6fe64730a
Texture2D/112x84_wildlife_1.png,Texture,Assets/RecoveredOriginal/Texture/Texture2D/112x84_wildlife_1.png,cd5e1c1b1cdd7f54ba2953c354bbc557
Texture2D/112x84_wildlife_3.png,Texture,Assets/RecoveredOriginal/Texture/Texture2D/112x84_wildlife_3.png,7f807056847111e40b79a8b57fc2b5b1
Texture2D/112x84_wildlife_4.png,Texture,Assets/RecoveredOriginal/Texture/Texture2D/112x84_wildlife_4.png,cbaeed5c1d893f948a7739cf4026a7e5
Texture2D/12.png,Texture,Assets/RecoveredOriginal/Texture/Texture2D/12.png,ab60dc86094743e4a864e2d25eeb7257
Texture2D/13.png,Texture,Assets/RecoveredOriginal/Texture/Texture2D/13.png,84ac8cc58bb74ae438f01afd71e9409e
Texture2D/14.png,Texture,Assets/RecoveredOriginal/Texture/Texture2D/14.png,19de97e891aa8dd49b322166affc80c1
Texture2D/15.png,Texture,Assets/RecoveredOriginal/Texture/Texture2D/15.png,97ccf84145514b2498a56e789442f3f8
Texture2D/16.png,Texture,Assets/RecoveredOriginal/Texture/Texture2D/16.png,6d2972933e1ffef4f86845b464419f23
Texture2D/17.png,Texture,Assets/RecoveredOriginal/Texture/Texture2D/17.png,9d661d154328a6b4086a15dc3f263c8a
Texture2D/18.png,Texture,Assets/RecoveredOriginal/Texture/Texture2D/18.png,b3d48c6812aca2942858a86d53cae6b8
Texture2D/19.png,Texture,Assets/RecoveredOriginal/Texture/Texture2D/19.png,4e483c87422c6b04784b078359286b61
Texture2D/2 CartoonColor.png,Texture,Assets/RecoveredOriginal/Texture/Texture2D/2 CartoonColor.png,33fae0cb4cec1684781b578dd17c02a9
Texture2D/2.png,Texture,Assets/RecoveredOriginal/Texture/Texture2D/2.png,fd05e72391e82164d909c7cc1259f693
Texture2D/20.png,Texture,Assets/RecoveredOriginal/Texture/Texture2D/20.png,7070f627e0fdc674d819e830d31cb8db
Texture2D/21.png,Texture,Assets/RecoveredOriginal/Texture/Texture2D/21.png,2cdc87293abe8ed468b1915681c77a11
Texture2D/22.png,Texture,Assets/RecoveredOriginal/Texture/Texture2D/22.png,8403eb5e5390c3042b2622dea1054557
Texture2D/23.png,Texture,Assets/RecoveredOriginal/Texture/Texture2D/23.png,f63e849f43966ea4694d299eebe75fa4
Texture2D/24.png,Texture,Assets/RecoveredOriginal/Texture/Texture2D/24.png,b00d68e39e36940439ed2a3c6cc4f588
Texture2D/3.png,Texture,Assets/RecoveredOriginal/Texture/Texture2D/3.png,bbfe57acb764ab145a3fdfbcf58142e7
Texture2D/4.png,Texture,Assets/RecoveredOriginal/Texture/Texture2D/4.png,03e6220e838fdcc40bbde54447130348
Texture2D/5.png,Texture,Assets/RecoveredOriginal/Texture/Texture2D/5.png,cbaf95e65c6e4a943b603bf92c7d1ca7
Texture2D/6.png,Texture,Assets/RecoveredOriginal/Texture/Texture2D/6.png,7c3a5154e07188d41be74ebd9bab6093
Texture2D/7.png,Texture,Assets/RecoveredOriginal/Texture/Texture2D/7.png,3038401fd6cd3ee46a597e35838aad3b
Texture2D/8.png,Texture,Assets/RecoveredOriginal/Texture/Texture2D/8.png,a8a5956257799be4381459dda1ae15be
Texture2D/9.png,Texture,Assets/RecoveredOriginal/Texture/Texture2D/9.png,84221a9f4deee2447a3f0aa442d108c1
Texture2D/addspacepreview_1.png,Texture,Assets/RecoveredOriginal/Texture/Texture2D/addspacepreview_1.png,00dafc13c843b7546b066a129839a248
Texture2D/adjust-icon.png,Texture,Assets/RecoveredOriginal/Texture/Texture2D/adjust-icon.png,a9ee6e89c3b830e408781fbf7ed04f97
Texture2D/ADWORDS_640x100_EN.png,Texture,Assets/RecoveredOriginal/Texture/Texture2D/ADWORDS_640x100_EN.png,fd2a11c2f36421442a80049e836a1302
Texture2D/Alert.png,Texture,Assets/RecoveredOriginal/Texture/Texture2D/Alert.png,7fec8ac5b4d99d94aa7affe3055834d3
Texture2D/am-skip.png,Texture,Assets/RecoveredOriginal/Texture/Texture2D/am-skip.png,a1efda486bb04a74e9e0936fbfaaca30
Texture2D/am-timer.png,Texture,Assets/RecoveredOriginal/Texture/Texture2D/am-timer.png,8d8f441f475facc4cbb7bfd41b3a7fac
Texture2D/Animation-ezgif.com-gif-to-sprite-converter.png,Texture,Assets/RecoveredOriginal/Texture/Texture2D/Animation-ezgif.com-gif-to-sprite-converter.png,21d021779d56a00428135e18448d89a1
Texture2D/APPLOVIN_768x1024_EN.png,Texture,Assets/RecoveredOriginal/Texture/Texture2D/APPLOVIN_768x1024_EN.png,7756ccfbcd8239d42a3c516618560a3a
Texture2D/AreaTex.png,Texture,Assets/RecoveredOriginal/Texture/Texture2D/AreaTex.png,c66a3f47650cb1d40bafce5b8dd038bd
Texture2D/arrow.png,Texture,Assets/RecoveredOriginal/Texture/Texture2D/arrow.png,f16206e17aa7bec429ec7c531f214257
Texture2D/background.png,Texture,Assets/RecoveredOriginal/Texture/Texture2D/background.png,68ef12f466cd6bf448a6bfbd710358d6
Texture2D/bag.png,Texture,Assets/RecoveredOriginal/Texture/Texture2D/bag.png,0088fbe53beafbc42ae972e4df315532
Texture2D/banner.png,Texture,Assets/RecoveredOriginal/Texture/Texture2D/banner.png,7a0c487f1c097254bb0e4c5511636551
Texture2D/BayerMatrix.png,Texture,Assets/RecoveredOriginal/Texture/Texture2D/BayerMatrix.png,3c73b86b0f3de6a41a8b7bba13f5fe00
Texture2D/bg-arrow-cardCollection.png,Texture,Assets/RecoveredOriginal/Texture/Texture2D/bg-arrow-cardCollection.png,a268ce8b3b5d0a441991ab1696bec767
Texture2D/bg-booster-quantity.png,Texture,Assets/RecoveredOriginal/Texture/Texture2D/bg-booster-quantity.png,5e5937ecbcae790438bf3cfecd7cf90a
Texture2D/bg-booster.png,Texture,Assets/RecoveredOriginal/Texture/Texture2D/bg-booster.png,bd5c95f85a9fb7642a3307156824090c
Texture2D/bg-boosterName.png,Texture,Assets/RecoveredOriginal/Texture/Texture2D/bg-boosterName.png,8be2de6333fdf1e4ebd39a3872b6ec5b
Texture2D/bg-boosterSection-big-shop.png,Texture,Assets/RecoveredOriginal/Texture/Texture2D/bg-boosterSection-big-shop.png,91efad391076dfa49a10065409168cc6
Texture2D/bg-boosterSection-shop.png,Texture,Assets/RecoveredOriginal/Texture/Texture2D/bg-boosterSection-shop.png,e875da669117ec24486fc03da7707045
Texture2D/bg-boosterSectionHeader-shop.png,Texture,Assets/RecoveredOriginal/Texture/Texture2D/bg-boosterSectionHeader-shop.png,eb6a737aa6b102e46b4eb546ec991a16
Texture2D/bg-booster_0.png,Texture,Assets/RecoveredOriginal/Texture/Texture2D/bg-booster_0.png,9ff299cbbcdab0f4abb593b598b97de9
Texture2D/bg-bottom-cardCollection.png,Texture,Assets/RecoveredOriginal/Texture/Texture2D/bg-bottom-cardCollection.png,7aa8a403741d87144b4be6c510e7e942
Texture2D/bg-cards-top-carCollection - diamond.png,Texture,Assets/RecoveredOriginal/Texture/Texture2D/bg-cards-top-carCollection - diamond.png,e3515622fe57bf144a8c2b7119e906de
Texture2D/bg-cards-top-carCollection - gold.png,Texture,Assets/RecoveredOriginal/Texture/Texture2D/bg-cards-top-carCollection - gold.png,711224b8912642047a990c245864f14b
Texture2D/bg-cards-top-carCollection.png,Texture,Assets/RecoveredOriginal/Texture/Texture2D/bg-cards-top-carCollection.png,f4687d892addea1458455de0c4ec4fd4
Texture2D/bg-cardSlot-cardCollection.png,Texture,Assets/RecoveredOriginal/Texture/Texture2D/bg-cardSlot-cardCollection.png,3867a0fc1faf10149be13c38262c4510
Texture2D/bg-cardSlot-cardCollection_mask.png,Texture,Assets/RecoveredOriginal/Texture/Texture2D/bg-cardSlot-cardCollection_mask.png,0eb52a9bd70cc6847949577547838be1
Texture2D/bg-cardSlot-cover-cardCollection.png,Texture,Assets/RecoveredOriginal/Texture/Texture2D/bg-cardSlot-cover-cardCollection.png,2bdda4ff06b258b4b85ef625a434fe96
Texture2D/bg-coin-bundle.png,Texture,Assets/RecoveredOriginal/Texture/Texture2D/bg-coin-bundle.png,73136ebea74231f45bf816c587808bdb
Texture2D/bg-coinSection-shop.png,Texture,Assets/RecoveredOriginal/Texture/Texture2D/bg-coinSection-shop.png,29963920bdf8e5d4d876367156f08421
Texture2D/bg-coinSectionHeader-shop.png,Texture,Assets/RecoveredOriginal/Texture/Texture2D/bg-coinSectionHeader-shop.png,c637e57608a5b5046974b2fbfe2bedc0
Texture2D/bg-currency-congrats-v2.png,Texture,Assets/RecoveredOriginal/Texture/Texture2D/bg-currency-congrats-v2.png,e4b0a470f0e86ae4a8c75a80552b5af7
Texture2D/bg-currency-levelCompleted-v2.png,Texture,Assets/RecoveredOriginal/Texture/Texture2D/bg-currency-levelCompleted-v2.png,0c689a011d8bfc34298b6e9a63d7c3ec
Texture2D/bg-currency-tryAgain-v2.png,Texture,Assets/RecoveredOriginal/Texture/Texture2D/bg-currency-tryAgain-v2.png,ede6abe34acfe844d91b9839eb355efe
Texture2D/bg-currency.png,Texture,Assets/RecoveredOriginal/Texture/Texture2D/bg-currency.png,1e5ffa66416cd984c92553d97671ccb7
Texture2D/bg-fillbar-icon.png,Texture,Assets/RecoveredOriginal/Texture/Texture2D/bg-fillbar-icon.png,1b07bcc58153b124999d8bb75e785834
Texture2D/bg-fillbar-ingame.png,Texture,Assets/RecoveredOriginal/Texture/Texture2D/bg-fillbar-ingame.png,195ea5ccfa6afbc429ba152cc626dd23
Texture2D/bg-fillbar-middle-cardCollection.png,Texture,Assets/RecoveredOriginal/Texture/Texture2D/bg-fillbar-middle-cardCollection.png,dcc8bbd93002fe64295254b76fef99aa
Texture2D/bg-fillbar-middle-cardCollection_shiny.png,Texture,Assets/RecoveredOriginal/Texture/Texture2D/bg-fillbar-middle-cardCollection_shiny.png,54ef8231d75755f458fcaeda4ac0058e
Texture2D/bg-fillbar-splashScene.png,Texture,Assets/RecoveredOriginal/Texture/Texture2D/bg-fillbar-splashScene.png,89c26b0d4ffe03a4bb09ee7e61ca36d8
Texture2D/bg-fillbar-talentTree.png,Texture,Assets/RecoveredOriginal/Texture/Texture2D/bg-fillbar-talentTree.png,dac23ef4a7505ba4883f38f2e40f6382
Texture2D/bg-header-middle-cardCollection.png,Texture,Assets/RecoveredOriginal/Texture/Texture2D/bg-header-middle-cardCollection.png,26f3b5b9bd45b954a96aa11e1f385509
Texture2D/bg-header1-shop.png,Texture,Assets/RecoveredOriginal/Texture/Texture2D/bg-header1-shop.png,4be50a2ea5b00724a85a8fa1988ec20a
Texture2D/bg-hiddenLane.png,Texture,Assets/RecoveredOriginal/Texture/Texture2D/bg-hiddenLane.png,c55b0b2e93cd38244a3f4b215c3e1857
Texture2D/bg-largeBundle-shop.png,Texture,Assets/RecoveredOriginal/Texture/Texture2D/bg-largeBundle-shop.png,57d182e44d982e84b932003d855ef84a
Texture2D/bg-level-easy.png,Texture,Assets/RecoveredOriginal/Texture/Texture2D/bg-level-easy.png,5d9eb44979b1fa648ba840964a349ca8
Texture2D/bg-level-easyLevel-v2.png,Texture,Assets/RecoveredOriginal/Texture/Texture2D/bg-level-easyLevel-v2.png,50f7a1a66e2528948a7488d2c7ba95a9
Texture2D/bg-level-hard.png,Texture,Assets/RecoveredOriginal/Texture/Texture2D/bg-level-hard.png,f89472015bbf30f4f97b6da691605af6
Texture2D/bg-level-hardLevel-v2.png,Texture,Assets/RecoveredOriginal/Texture/Texture2D/bg-level-hardLevel-v2.png,836b8953238786740882314c631947b5
Texture2D/bg-level-normal.png,Texture,Assets/RecoveredOriginal/Texture/Texture2D/bg-level-normal.png,d165e8c1a2d489c489d36c7bbfb6e5cd
Texture2D/bg-level-red.png,Texture,Assets/RecoveredOriginal/Texture/Texture2D/bg-level-red.png,38ea6be55c3f40f4db41a5a8cf17f9e9
Texture2D/bg-level-yellow.png,Texture,Assets/RecoveredOriginal/Texture/Texture2D/bg-level-yellow.png,b794e3e9193367e4f93c391354c80121
Texture2D/bg-line.png,Texture,Assets/RecoveredOriginal/Texture/Texture2D/bg-line.png,d6fed9cb865420941be79fe061a8d6f3
Texture2D/bg-locked 1.png,Texture,Assets/RecoveredOriginal/Texture/Texture2D/bg-locked 1.png,207307fa0fadac44e8ddf79f6d695056
Texture2D/bg-mediumBundle-shop.png,Texture,Assets/RecoveredOriginal/Texture/Texture2D/bg-mediumBundle-shop.png,5b80c7aaa17346647a86e59ad2de065b
Texture2D/bg-navBar-seleckted.png,Texture,Assets/RecoveredOriginal/Texture/Texture2D/bg-navBar-seleckted.png,640805c4a3d534741a7f355dc0e3561e
Texture2D/bg-navbar.png,Texture,Assets/RecoveredOriginal/Texture/Texture2D/bg-navbar.png,70bfdbcd895bef74a8806653d3e9a4e4
Texture2D/bg-newFeature-slot.png,Texture,Assets/RecoveredOriginal/Texture/Texture2D/bg-newFeature-slot.png,553e860a0164a9f4ab239dd4e782606a
Texture2D/bg-NoAds-shop.png,Texture,Assets/RecoveredOriginal/Texture/Texture2D/bg-NoAds-shop.png,960e9fceeba0f2545bdec3f6cb05c347
Texture2D/bg-NoAdsPack-shop.png,Texture,Assets/RecoveredOriginal/Texture/Texture2D/bg-NoAdsPack-shop.png,036ae6d203c236f438f3a0ed40696031
Texture2D/bg-orText-oneMoreChance.png,Texture,Assets/RecoveredOriginal/Texture/Texture2D/bg-orText-oneMoreChance.png,34648fcdf3a49974cb1e1ee881c79f97
Texture2D/bg-outOfSpace.png,Texture,Assets/RecoveredOriginal/Texture/Texture2D/bg-outOfSpace.png,837f3bd46520c8b49ac583c2b2649588
Texture2D/bg-popUp-booster.png,Texture,Assets/RecoveredOriginal/Texture/Texture2D/bg-popUp-booster.png,06cc8276805146a46873103c8be6cf59
Texture2D/bg-popUp-congrats-v2.png,Texture,Assets/RecoveredOriginal/Texture/Texture2D/bg-popUp-congrats-v2.png,073801ecb11adb641bf124f5181c2759
Texture2D/bg-popUp-easyLevel-v2.png,Texture,Assets/RecoveredOriginal/Texture/Texture2D/bg-popUp-easyLevel-v2.png,63bbd5b07c552194ea40614a6f0df8c1
Texture2D/bg-popUp-hardLevel-v2.png,Texture,Assets/RecoveredOriginal/Texture/Texture2D/bg-popUp-hardLevel-v2.png,b0bca9d27f7e3bb40865e01bfbd59695
Texture2D/bg-popUp-info.png,Texture,Assets/RecoveredOriginal/Texture/Texture2D/bg-popUp-info.png,7bc82f624e413614db517abc3ee1f2b9
Texture2D/bg-popUp-levelCompleted-v2.png,Texture,Assets/RecoveredOriginal/Texture/Texture2D/bg-popUp-levelCompleted-v2.png,a73f06098758d014abc0767021dfb69c
Texture2D/bg-popUp-mask-levelCompleted-v2.png,Texture,Assets/RecoveredOriginal/Texture/Texture2D/bg-popUp-mask-levelCompleted-v2.png,14f86796de2736e4a9f6863d37a32852
Texture2D/bg-popUp-mask-newFeature-v2.png,Texture,Assets/RecoveredOriginal/Texture/Texture2D/bg-popUp-mask-newFeature-v2.png,d5a27eb6f50bf7f4e8a43b9547fa42bb
Texture2D/bg-popUp-newArtStyle-v2.png,Texture,Assets/RecoveredOriginal/Texture/Texture2D/bg-popUp-newArtStyle-v2.png,ba5a7d0e8e5bf434eb283197466c23b1
Texture2D/bg-popUp-newFeature-v2.png,Texture,Assets/RecoveredOriginal/Texture/Texture2D/bg-popUp-newFeature-v2.png,2e8602325b83da8439324330e9ecf458
Texture2D/bg-popUp-noMoreLıves.png,Texture,Assets/RecoveredOriginal/Texture/Texture2D/bg-popUp-noMoreLıves.png,7666c04ca8c291a429e9773ade0c5dc9
Texture2D/bg-popUp-oneMorehance-v2.png,Texture,Assets/RecoveredOriginal/Texture/Texture2D/bg-popUp-oneMorehance-v2.png,f5792407886ba3245a290ba23f97fec7
Texture2D/bg-popUp-slot-levelCompleted-border.png,Texture,Assets/RecoveredOriginal/Texture/Texture2D/bg-popUp-slot-levelCompleted-border.png,1c944f2ee7c17e9488c70e257beb9c1d
Texture2D/bg-popUp-slot-levelCompleted-v2.png,Texture,Assets/RecoveredOriginal/Texture/Texture2D/bg-popUp-slot-levelCompleted-v2.png,04ec8002c31742545bf272f94510c4bf
Texture2D/bg-popUp-slot-newFeature-v2.png,Texture,Assets/RecoveredOriginal/Texture/Texture2D/bg-popUp-slot-newFeature-v2.png,b366bc4079abd904cb0f3e590c1ee951
Texture2D/bg-popUp-slot-noMoreLıves.png,Texture,Assets/RecoveredOriginal/Texture/Texture2D/bg-popUp-slot-noMoreLıves.png,8497c953eca7cff4a8d863723dab7369
Texture2D/bg-questLevel.png,Texture,Assets/RecoveredOriginal/Texture/Texture2D/bg-questLevel.png,2242c9e35ff9bab438ab3b50c1a2d3e0
Texture2D/bg-questTime.png,Texture,Assets/RecoveredOriginal/Texture/Texture2D/bg-questTime.png,415e2770cd94ef3479f8010672072cce
Texture2D/bg-reward-2.png,Texture,Assets/RecoveredOriginal/Texture/Texture2D/bg-reward-2.png,df53ed4e0be08b443816d749f6ad55c0
Texture2D/bg-reward.png,Texture,Assets/RecoveredOriginal/Texture/Texture2D/bg-reward.png,7917961c6de878c4193be3bf3f18ccc9
Texture2D/bg-ribbon.png,Texture,Assets/RecoveredOriginal/Texture/Texture2D/bg-ribbon.png,699f6d2309c12444d8370881b7e7e1f5
Texture2D/bg-sandQuest 1.png,Texture,Assets/RecoveredOriginal/Texture/Texture2D/bg-sandQuest 1.png,85ce6698f3a755c41a467d410a9ecbf5
Texture2D/bg-sandQuest-failure-rev.png,Texture,Assets/RecoveredOriginal/Texture/Texture2D/bg-sandQuest-failure-rev.png,e93cbcebc345adc4498c82e21b592707
Texture2D/bg-sandQuest-popUp.png,Texture,Assets/RecoveredOriginal/Texture/Texture2D/bg-sandQuest-popUp.png,44564f676b6917948a9f322581867bb7
Texture2D/bg-sandQuest-victory-rev.png,Texture,Assets/RecoveredOriginal/Texture/Texture2D/bg-sandQuest-victory-rev.png,ded635281a47d374e904760547f2dd02
Texture2D/bg-sandQuest.png,Texture,Assets/RecoveredOriginal/Texture/Texture2D/bg-sandQuest.png,c0ab5b7c8716020469c594bcd90f0f0c
Texture2D/bg-settings-slot-button.png,Texture,Assets/RecoveredOriginal/Texture/Texture2D/bg-settings-slot-button.png,887431d215edbfd4d9c075e0655ea79e
Texture2D/bg-settings-slot.png,Texture,Assets/RecoveredOriginal/Texture/Texture2D/bg-settings-slot.png,8a31980da21b21e47ab322926f5efceb
Texture2D/bg-settings.png,Texture,Assets/RecoveredOriginal/Texture/Texture2D/bg-settings.png,2dccc914499bd9440998b668c40dbd18
Texture2D/bg-slot-boosterSection-big-shop.png,Texture,Assets/RecoveredOriginal/Texture/Texture2D/bg-slot-boosterSection-big-shop.png,bc87bfdbc9659d948a664ccf042999d5
Texture2D/bg-slot-boosterSection-shop.png,Texture,Assets/RecoveredOriginal/Texture/Texture2D/bg-slot-boosterSection-shop.png,8fa2815f0317a5e46b157a1c8f2662b7
Texture2D/bg-slot-coinSection-shop.png,Texture,Assets/RecoveredOriginal/Texture/Texture2D/bg-slot-coinSection-shop.png,f085c272a0a16f64ca7bf14fa3fd194c
Texture2D/bg-slot-noAdsPack-shop.png,Texture,Assets/RecoveredOriginal/Texture/Texture2D/bg-slot-noAdsPack-shop.png,cf7b4d090a271b14199a8c4cec328339
Texture2D/bg-slot-noAdsPack-shop_0.png,Texture,Assets/RecoveredOriginal/Texture/Texture2D/bg-slot-noAdsPack-shop_0.png,0505eff58567e5444b480be9446bf021
Texture2D/bg-slot-normal.png,Texture,Assets/RecoveredOriginal/Texture/Texture2D/bg-slot-normal.png,7903b980fff022143a4b374e92a9eefa
Texture2D/bg-slot-smallBundle-shop.png,Texture,Assets/RecoveredOriginal/Texture/Texture2D/bg-slot-smallBundle-shop.png,f357ceb820a5bab4f8e66bf8900eaefb
Texture2D/bg-slot-starterPack-shop.png,Texture,Assets/RecoveredOriginal/Texture/Texture2D/bg-slot-starterPack-shop.png,0aea27903aed7bd40aa956f3785eff4e
Texture2D/bg-smallBundle-shop.png,Texture,Assets/RecoveredOriginal/Texture/Texture2D/bg-smallBundle-shop.png,978064f2d8810e440ba587193d76cada
Texture2D/bg-splashScene.png,Texture,Assets/RecoveredOriginal/Texture/Texture2D/bg-splashScene.png,16fa392dec2cba945bdb0d5f1e38baf5
Texture2D/bg-stage-disabled-v2.png,Texture,Assets/RecoveredOriginal/Texture/Texture2D/bg-stage-disabled-v2.png,9ca1aabdd7d59164e82b0c4ad60e59f2
Texture2D/bg-stage-enabled-v2.png,Texture,Assets/RecoveredOriginal/Texture/Texture2D/bg-stage-enabled-v2.png,65bd9624225022542bb9eae8ec95ee50
Texture2D/bg-starterPack-shop.png,Texture,Assets/RecoveredOriginal/Texture/Texture2D/bg-starterPack-shop.png,f51c6313a9e87514ebeea29a15a264e8
Texture2D/bg-topTexture-cardCollection.png,Texture,Assets/RecoveredOriginal/Texture/Texture2D/bg-topTexture-cardCollection.png,0dc942b830bc03044905d8169a3d323a
Texture2D/bg-tree-top-v2.png,Texture,Assets/RecoveredOriginal/Texture/Texture2D/bg-tree-top-v2.png,e1fa9e19a1e169a4bb3ced8ee137c59f
Texture2D/bg-tree-v2.png,Texture,Assets/RecoveredOriginal/Texture/Texture2D/bg-tree-v2.png,58cb9088e4720e445802bb0d83765a29
Texture2D/bg-tree.png,Texture,Assets/RecoveredOriginal/Texture/Texture2D/bg-tree.png,33771ae153e29dd409a5a930d7b2faa4
Texture2D/bg-tryAgain.png,Texture,Assets/RecoveredOriginal/Texture/Texture2D/bg-tryAgain.png,a9f713a9d3cd6454a99425444566f397
Texture2D/bg-watch-2.png,Texture,Assets/RecoveredOriginal/Texture/Texture2D/bg-watch-2.png,59cb66415d404594199b1a43197fdf46
Texture2D/bg-watch.png,Texture,Assets/RecoveredOriginal/Texture/Texture2D/bg-watch.png,be5e858bd244ba245b1c1ca4ff549e4e
Texture2D/black_circle.png,Texture,Assets/RecoveredOriginal/Texture/Texture2D/black_circle.png,a31a2df4eb4222e469027d02969fa52f
Texture2D/black_circle_blur.png,Texture,Assets/RecoveredOriginal/Texture/Texture2D/black_circle_blur.png,31cf0914c08acdb47978d874aaa54f43
Texture2D/bonusLevel.png,Texture,Assets/RecoveredOriginal/Texture/Texture2D/bonusLevel.png,51b3fbedacfc71b48991839a95024a63
Texture2D/buble.png,Texture,Assets/RecoveredOriginal/Texture/Texture2D/buble.png,ecaf2e79e354ebf4487984fded8aac22
Texture2D/button-black-white-v2.png,Texture,Assets/RecoveredOriginal/Texture/Texture2D/button-black-white-v2.png,2a50ff46e59c4304a9f5d8eb33439828
Texture2D/button-booster-outline.png,Texture,Assets/RecoveredOriginal/Texture/Texture2D/button-booster-outline.png,70061acc39045bf47a5fa5f8b293d9f5
Texture2D/button-booster.png,Texture,Assets/RecoveredOriginal/Texture/Texture2D/button-booster.png,5ea41220d0acbd8479141e4e800db3c3
Texture2D/button-exit 1.png,Texture,Assets/RecoveredOriginal/Texture/Texture2D/button-exit 1.png,02c4d131d5fad4140907b27ade7f7575
Texture2D/button-exit-pressed.png,Texture,Assets/RecoveredOriginal/Texture/Texture2D/button-exit-pressed.png,08618df82dee5c248bddff70ee437b36
Texture2D/button-exit.png,Texture,Assets/RecoveredOriginal/Texture/Texture2D/button-exit.png,1676b02610db2cf4a8868c458c7a1a59
Texture2D/button-exit_0.png,Texture,Assets/RecoveredOriginal/Texture/Texture2D/button-exit_0.png,2ee4b0176cdb33d4b882f78b1d69b10b
Texture2D/button-exit_1.png,Texture,Assets/RecoveredOriginal/Texture/Texture2D/button-exit_1.png,978a89483ce8fe942bff4985ed043082
Texture2D/button-exit_2.png,Texture,Assets/RecoveredOriginal/Texture/Texture2D/button-exit_2.png,6ae830e47f30f0b4b9c084c9b7daa69d
Texture2D/button-green-2.png,Texture,Assets/RecoveredOriginal/Texture/Texture2D/button-green-2.png,3dfac8952b637e14eb3976e5260f6019
Texture2D/button-green-pressed-v2.png,Texture,Assets/RecoveredOriginal/Texture/Texture2D/button-green-pressed-v2.png,685958e7d80204548a60368cdbce555b
Texture2D/button-green-pressed.png,Texture,Assets/RecoveredOriginal/Texture/Texture2D/button-green-pressed.png,3e235b02cc1479249aed6834134753a0
Texture2D/button-green-pressed_0.png,Texture,Assets/RecoveredOriginal/Texture/Texture2D/button-green-pressed_0.png,753d88753556e70498181f56ce06f03f
Texture2D/button-green-v2.png,Texture,Assets/RecoveredOriginal/Texture/Texture2D/button-green-v2.png,897eb95bce673eb47a54fae6b0b14a11
Texture2D/button-green.png,Texture,Assets/RecoveredOriginal/Texture/Texture2D/button-green.png,48b5ccde56dc1eb49b1060124c45a0c7
Texture2D/button-green_0.png,Texture,Assets/RecoveredOriginal/Texture/Texture2D/button-green_0.png,6283a92ee069f484c8b5be190a2cd130
Texture2D/button-green_1.png,Texture,Assets/RecoveredOriginal/Texture/Texture2D/button-green_1.png,c6e264643eee6094ba5fc375c8924ddd
Texture2D/button-off.png,Texture,Assets/RecoveredOriginal/Texture/Texture2D/button-off.png,f0eb0b9a07e31df41b468a171959fffd
Texture2D/button-on.png,Texture,Assets/RecoveredOriginal/Texture/Texture2D/button-on.png,8f6d20fa32279794bac795543206a4b2
Texture2D/button-pink-pressed.png,Texture,Assets/RecoveredOriginal/Texture/Texture2D/button-pink-pressed.png,b173039c37bbb9844b057f069c37c06f
Texture2D/button-pink.png,Texture,Assets/RecoveredOriginal/Texture/Texture2D/button-pink.png,3a33e6430558627459fc5bd492c3da4c
Texture2D/button-plus.png,Texture,Assets/RecoveredOriginal/Texture/Texture2D/button-plus.png,b355d2e8d6db49240979eaf77202a88b
Texture2D/button-plus_0.png,Texture,Assets/RecoveredOriginal/Texture/Texture2D/button-plus_0.png,a9d7eede82d3a1a4187907c23fbc3754
Texture2D/button-purchaseTag.png,Texture,Assets/RecoveredOriginal/Texture/Texture2D/button-purchaseTag.png,19c8b024111a59742a4eb5185ac30d71
Texture2D/button-purple-pressed.png,Texture,Assets/RecoveredOriginal/Texture/Texture2D/button-purple-pressed.png,0009ce2e92024174ca7ed6a726a4b359
Texture2D/button-purple.png,Texture,Assets/RecoveredOriginal/Texture/Texture2D/button-purple.png,32d4d10c73c74f744ae1ccf7d3a8f91f
Texture2D/button-red.png,Texture,Assets/RecoveredOriginal/Texture/Texture2D/button-red.png,e982b60362bfa3549bc723fd165c8c8a
Texture2D/button-white-pressed.png,Texture,Assets/RecoveredOriginal/Texture/Texture2D/button-white-pressed.png,a8712e11eba747645b61ccea4f1d2e1e
Texture2D/button-white.png,Texture,Assets/RecoveredOriginal/Texture/Texture2D/button-white.png,f02ebb0f2bef9234081a8b719a02e747
Texture2D/button-yellow-pressed-v2.png,Texture,Assets/RecoveredOriginal/Texture/Texture2D/button-yellow-pressed-v2.png,8c9bff5df43b7bb45ad1e5d61adc1abf
Texture2D/button-yellow-pressed.png,Texture,Assets/RecoveredOriginal/Texture/Texture2D/button-yellow-pressed.png,27d14976e634326439eb45b85aac5bfc
Texture2D/button-yellow-v2.png,Texture,Assets/RecoveredOriginal/Texture/Texture2D/button-yellow-v2.png,442a6c1cc0aa58e4ab4c0fcff8bd68ab
Texture2D/button-yellow.png,Texture,Assets/RecoveredOriginal/Texture/Texture2D/button-yellow.png,ef2a55f79836a254b8e7e8d3b7f188cf
Texture2D/button-yellow_0.png,Texture,Assets/RecoveredOriginal/Texture/Texture2D/button-yellow_0.png,1dc4cecbe454cde4dbc80d8615108b15
Texture2D/button.png,Texture,Assets/RecoveredOriginal/Texture/Texture2D/button.png,ca329998f51298d4e9ccdfd591d51be6
Texture2D/CFX3_T_SmokePuff.png,Texture,Assets/RecoveredOriginal/Texture/Texture2D/CFX3_T_SmokePuff.png,53c3246ab009cdc42b0114d92132aaa5
Texture2D/CFX4_T_SmokePuff AB.png,Texture,Assets/RecoveredOriginal/Texture/Texture2D/CFX4_T_SmokePuff AB.png,b7c4fba36c91ffe4c85743e59f57d298
Texture2D/cfxr blood splash dissolve.png,Texture,Assets/RecoveredOriginal/Texture/Texture2D/cfxr blood splash dissolve.png,36391805b67da3b40b9d265bb378ce3e
Texture2D/cfxr blood splash.png,Texture,Assets/RecoveredOriginal/Texture/Texture2D/cfxr blood splash.png,82f625442ef178f4a91f1c3927ee9025
Texture2D/Chest_Disable.png,Texture,Assets/RecoveredOriginal/Texture/Texture2D/Chest_Disable.png,f8e4d9af244cea0468453f2ed3bfd1ca
Texture2D/Chest_Enable.png,Texture,Assets/RecoveredOriginal/Texture/Texture2D/Chest_Enable.png,3e97b2cb44b49b84282d7ba1fe6455d7
Texture2D/Chest_Label_Disable.png,Texture,Assets/RecoveredOriginal/Texture/Texture2D/Chest_Label_Disable.png,e45e4182af1e76b43b5d05a803eb10b4
Texture2D/Chest_Label_Enable.png,Texture,Assets/RecoveredOriginal/Texture/Texture2D/Chest_Label_Enable.png,caf7a8f60f163eb42994039fe4b7f6f3
Texture2D/Chest_Pressed.png,Texture,Assets/RecoveredOriginal/Texture/Texture2D/Chest_Pressed.png,7472d0969277d9e4e87907f7ac5e4c60
Texture2D/circle.png,Texture,Assets/RecoveredOriginal/Texture/Texture2D/circle.png,0c9d065bf20603040bbbac1ec10e6dab
Texture2D/circle_0.png,Texture,Assets/RecoveredOriginal/Texture/Texture2D/circle_0.png,0b33c5e8621cfa3449ed6baf56d0af48
Texture2D/Circle_1.png,Texture,Assets/RecoveredOriginal/Texture/Texture2D/Circle_1.png,2051bf9e13b5ced41ad287a753f7e068
Texture2D/circle_hollow.png,Texture,Assets/RecoveredOriginal/Texture/Texture2D/circle_hollow.png,af8bd8e69a5876543bd9e0d94ad66a39
Texture2D/clipboard-50.png,Texture,Assets/RecoveredOriginal/Texture/Texture2D/clipboard-50.png,8fb4a54d979272a4c886b476deeec679
Texture2D/close-50.png,Texture,Assets/RecoveredOriginal/Texture/Texture2D/close-50.png,eeda963d4bf4b6445b55aee23c1247f9
Texture2D/Close_Button.png,Texture,Assets/RecoveredOriginal/Texture/Texture2D/Close_Button.png,dec55b5b779b7354cb3dc467c67ed190
Texture2D/cloud_2x2_hard_softshadow.png,Texture,Assets/RecoveredOriginal/Texture/Texture2D/cloud_2x2_hard_softshadow.png,1bf0bcde000fd6e45b34106e5bf45bfb
Texture2D/cloud_2x2_soft.png,Texture,Assets/RecoveredOriginal/Texture/Texture2D/cloud_2x2_soft.png,3ef413d1962d51e4786cb0e783a3b7a0
Texture2D/collapse-32.png,Texture,Assets/RecoveredOriginal/Texture/Texture2D/collapse-32.png,2d7bd78d92545ba4caf4ccb1da25bb92
Texture2D/ColorPalette.png,Texture,Assets/RecoveredOriginal/Texture/Texture2D/ColorPalette.png,cc1cb969672096b43a881ea1b1ecbf90
Texture2D/CompleteLevels.png,Texture,Assets/RecoveredOriginal/Texture/Texture2D/CompleteLevels.png,0e2ff4147537855419ed69508543b2f1
Texture2D/confetti.png,Texture,Assets/RecoveredOriginal/Texture/Texture2D/confetti.png,ebf6c9a59e9fb75488b77ab824023a95
Texture2D/CongratsText.png,Texture,Assets/RecoveredOriginal/Texture/Texture2D/CongratsText.png,c287418ed041a5946bddebc119775a0d
Texture2D/console-64.png,Texture,Assets/RecoveredOriginal/Texture/Texture2D/console-64.png,078cb2dfa6fba124dac33fa96550c2c0
Texture2D/console.png,Texture,Assets/RecoveredOriginal/Texture/Texture2D/console.png,108dacc8b50367444acf93bfb34686df
Texture2D/cover-1-bw.png,Texture,Assets/RecoveredOriginal/Texture/Texture2D/cover-1-bw.png,579cd8afde8de0345b4578809d166c65
Texture2D/cover-1.png,Texture,Assets/RecoveredOriginal/Texture/Texture2D/cover-1.png,7b1ccdcb849a6594d8e1b4bff91f70de
Texture2D/cover-10-bw.png,Texture,Assets/RecoveredOriginal/Texture/Texture2D/cover-10-bw.png,e140e81e9b76e2b4c909cb96bd7cd379
Texture2D/cover-10.png,Texture,Assets/RecoveredOriginal/Texture/Texture2D/cover-10.png,843c03c2b9060334e9e78563a1b6f226
Texture2D/cover-11-bw.png,Texture,Assets/RecoveredOriginal/Texture/Texture2D/cover-11-bw.png,83ab27a836cc2d0439a7d49b50b707ae
Texture2D/cover-11.png,Texture,Assets/RecoveredOriginal/Texture/Texture2D/cover-11.png,0328e44c61d6a434ab1f369d17bcf556
Texture2D/cover-12-bw.png,Texture,Assets/RecoveredOriginal/Texture/Texture2D/cover-12-bw.png,810ed181a7863d648ade833ec1a2a8f7
Texture2D/cover-12.png,Texture,Assets/RecoveredOriginal/Texture/Texture2D/cover-12.png,7010f64b09be81243928bf2f92928dc1
Texture2D/cover-13-bw.png,Texture,Assets/RecoveredOriginal/Texture/Texture2D/cover-13-bw.png,b254e8f01d0bdec4da0c54fd4c2fc6df
Texture2D/cover-13.png,Texture,Assets/RecoveredOriginal/Texture/Texture2D/cover-13.png,19c49e14b2ee4474e9d97ca6d69e701a
Texture2D/cover-14-bw.png,Texture,Assets/RecoveredOriginal/Texture/Texture2D/cover-14-bw.png,768e44206c7fe9947b8255482662d355
Texture2D/cover-14.png,Texture,Assets/RecoveredOriginal/Texture/Texture2D/cover-14.png,2464b6e6f4729e54a8ece26df6cdf6c4
Texture2D/cover-15-bw.png,Texture,Assets/RecoveredOriginal/Texture/Texture2D/cover-15-bw.png,2671416745ea25a408993f923ad3fa07
Texture2D/cover-15.png,Texture,Assets/RecoveredOriginal/Texture/Texture2D/cover-15.png,21f2dc123d4f65045a992b4564e1b351
Texture2D/cover-16-bw.png,Texture,Assets/RecoveredOriginal/Texture/Texture2D/cover-16-bw.png,e22ecebc079d3d548a4dd99b67b7efa1
Texture2D/cover-16.png,Texture,Assets/RecoveredOriginal/Texture/Texture2D/cover-16.png,56f8f154dfbbeae418d07a3d24630a36
Texture2D/cover-17-bw.png,Texture,Assets/RecoveredOriginal/Texture/Texture2D/cover-17-bw.png,6b7800f6a1cbb144ba739365859b7f2d
Texture2D/cover-17.png,Texture,Assets/RecoveredOriginal/Texture/Texture2D/cover-17.png,43e569af1bd30c14ba9725a008ec3a4f
Texture2D/cover-2-bw.png,Texture,Assets/RecoveredOriginal/Texture/Texture2D/cover-2-bw.png,1da9dfe8ecaf85b49a79c3014f2f9b4f
Texture2D/cover-2.png,Texture,Assets/RecoveredOriginal/Texture/Texture2D/cover-2.png,f293ea56bce742e4b898ddc0f13db9f4
Texture2D/cover-3-bw.png,Texture,Assets/RecoveredOriginal/Texture/Texture2D/cover-3-bw.png,feba36eb3d0a2f749af592aaf34868a5
Texture2D/cover-3.png,Texture,Assets/RecoveredOriginal/Texture/Texture2D/cover-3.png,612ad3d6ed0cd4447841d699ecf9397c
Texture2D/cover-4-bw.png,Texture,Assets/RecoveredOriginal/Texture/Texture2D/cover-4-bw.png,4602e7676b66e4b4ca85965a1156e302
Texture2D/cover-4.png,Texture,Assets/RecoveredOriginal/Texture/Texture2D/cover-4.png,70de7dec1fd320145b943a79a1bd1259
Texture2D/cover-5-bw 1.png,Texture,Assets/RecoveredOriginal/Texture/Texture2D/cover-5-bw 1.png,0ece2878ca7df944ea5cece5d97b4ca9
Texture2D/cover-5-bw.png,Texture,Assets/RecoveredOriginal/Texture/Texture2D/cover-5-bw.png,da888240e4e5e0c45b5a0fbd9f56418e
Texture2D/cover-5.png,Texture,Assets/RecoveredOriginal/Texture/Texture2D/cover-5.png,e35d0a47598b5a549837a51032bea5f6
Texture2D/cover-6.png,Texture,Assets/RecoveredOriginal/Texture/Texture2D/cover-6.png,5f95e90b470e5b849b99118a296646ff
Texture2D/cover-7-bw.png,Texture,Assets/RecoveredOriginal/Texture/Texture2D/cover-7-bw.png,401cae3294fc24e469455be8334ae150
Texture2D/cover-7.png,Texture,Assets/RecoveredOriginal/Texture/Texture2D/cover-7.png,72fecda6675a8e64aa2caee3d5a9d7e4
Texture2D/cover-8-bw.png,Texture,Assets/RecoveredOriginal/Texture/Texture2D/cover-8-bw.png,9c7d29ffdfcbc664a8ace2b827c66304
Texture2D/cover-8.png,Texture,Assets/RecoveredOriginal/Texture/Texture2D/cover-8.png,30a91a3ba49938746948b276976ebfb9
Texture2D/cover-8_0.png,Texture,Assets/RecoveredOriginal/Texture/Texture2D/cover-8_0.png,076cfc4c5e738f744826c29751a3bd06
Texture2D/cover-9-bw.png,Texture,Assets/RecoveredOriginal/Texture/Texture2D/cover-9-bw.png,1c5b37b8a2d3b1a42acf6e8f8b5809af
Texture2D/cover-9.png,Texture,Assets/RecoveredOriginal/Texture/Texture2D/cover-9.png,3552ab9a588aa7c4ab86395951e726c9
Texture2D/curve text.png,Texture,Assets/RecoveredOriginal/Texture/Texture2D/curve text.png,deb489456c645f4409b4c90850d4643b
Texture2D/Daily Rewards BG.png,Texture,Assets/RecoveredOriginal/Texture/Texture2D/Daily Rewards BG.png,ccf1c81109ef80440be952ebb62fb191
Texture2D/DailyRewardWidgetActive.png,Texture,Assets/RecoveredOriginal/Texture/Texture2D/DailyRewardWidgetActive.png,a07c5b8af1d3a094f9043023d89ad065
Texture2D/DailyRewardWidgetDeactive.png,Texture,Assets/RecoveredOriginal/Texture/Texture2D/DailyRewardWidgetDeactive.png,c29748ce7d256764292840578922c2ce
Texture2D/DailyRewardWidgetPressed.png,Texture,Assets/RecoveredOriginal/Texture/Texture2D/DailyRewardWidgetPressed.png,3efc9a7443d5f2044bc2b14b1ae6fe7a
Texture2D/DAILYTASK-2.png,Texture,Assets/RecoveredOriginal/Texture/Texture2D/DAILYTASK-2.png,309e374f5ef66c04db47b8ef14365317
Texture2D/DailyTaskWidgetActive.png,Texture,Assets/RecoveredOriginal/Texture/Texture2D/DailyTaskWidgetActive.png,30c0c884de45668478313a5e72afc87f
Texture2D/DailyTaskWidgetDeactive.png,Texture,Assets/RecoveredOriginal/Texture/Texture2D/DailyTaskWidgetDeactive.png,6a529db420e8065479a0b5a7a889e8d4
Texture2D/DailyTaskWidgetPressed.png,Texture,Assets/RecoveredOriginal/Texture/Texture2D/DailyTaskWidgetPressed.png,f40b18228e95734499e9e281f2549565
Texture2D/DailyTask_Slider_BG.png,Texture,Assets/RecoveredOriginal/Texture/Texture2D/DailyTask_Slider_BG.png,62284b324eed82d48a21deff8512b48d
Texture2D/DailyTask_TaskBG.png,Texture,Assets/RecoveredOriginal/Texture/Texture2D/DailyTask_TaskBG.png,5445244877f70564b9b13408841cc17d
Texture2D/DailyTask_Task_BG.png,Texture,Assets/RecoveredOriginal/Texture/Texture2D/DailyTask_Task_BG.png,39ab9bf9f9b896d4e995d0c3176861f7
Texture2D/Day_Seven_Active.png,Texture,Assets/RecoveredOriginal/Texture/Texture2D/Day_Seven_Active.png,b793eb91305c8284e8ea37a7775eec77
Texture2D/Day_Seven_Deactive.png,Texture,Assets/RecoveredOriginal/Texture/Texture2D/Day_Seven_Deactive.png,5ef115d0681dc05418d6c51217048cf5
Texture2D/Day_Seven_Pressed.png,Texture,Assets/RecoveredOriginal/Texture/Texture2D/Day_Seven_Pressed.png,8bb739cc51ccc9941bdd81d651c49471
Texture2D/down-50.png,Texture,Assets/RecoveredOriginal/Texture/Texture2D/down-50.png,30fe845c8a78fa042bb3e1f56ce65db3
Texture2D/EarnCoin.png,Texture,Assets/RecoveredOriginal/Texture/Texture2D/EarnCoin.png,d2e716f46633f0d49be8a71b284688f7
Texture2D/EmojiOne.png,Texture,Assets/RecoveredOriginal/Texture/Texture2D/EmojiOne.png,3dd6e3657c3079444985bc867b91dae8
Texture2D/evil_spirit3.png,Texture,Assets/RecoveredOriginal/Texture/Texture2D/evil_spirit3.png,b39725ef0c893f64f8c06afc7042150b
Texture2D/ExitButton.png,Texture,Assets/RecoveredOriginal/Texture/Texture2D/ExitButton.png,175e30697da3a3b4aa4b7b521cec8132
Texture2D/ExitButton_0.png,Texture,Assets/RecoveredOriginal/Texture/Texture2D/ExitButton_0.png,0a80f4c6aaa5f45499ff793eb1c1228a
Texture2D/ezgif-20ad38c5ac22a0.png,Texture,Assets/RecoveredOriginal/Texture/Texture2D/ezgif-20ad38c5ac22a0.png,f24c185956ab9344788f72f5acde1896
Texture2D/ezgif-frame-001.png,Reference,SourceData/AssetRipper/Assets/Texture2D/ezgif-frame-001.png,8a340938639e3f844b6a8b24bbe1def9
Texture2D/ezgif-frame-001_0.png,Reference,SourceData/AssetRipper/Assets/Texture2D/ezgif-frame-001_0.png,847b27d8f83b50c489890b064424cc19
Texture2D/ezgif-frame-001_1.png,Reference,SourceData/AssetRipper/Assets/Texture2D/ezgif-frame-001_1.png,1a38c7926ba3e0e4c83d52369493da59
Texture2D/ezgif-frame-001_2.png,Reference,SourceData/AssetRipper/Assets/Texture2D/ezgif-frame-001_2.png,c9c2d3445096e654e902b680842d28bd
Texture2D/ezgif-frame-001_3.png,Reference,SourceData/AssetRipper/Assets/Texture2D/ezgif-frame-001_3.png,6d703a7f1989bbf4dbafdcaf5ecb0258
Texture2D/ezgif-frame-001_4.png,Reference,SourceData/AssetRipper/Assets/Texture2D/ezgif-frame-001_4.png,c0cb4a87994eb3a4ea3a96149dea32d2
Texture2D/ezgif-frame-001_5.png,Reference,SourceData/AssetRipper/Assets/Texture2D/ezgif-frame-001_5.png,0289827b2b9c79c4586405dd3aaa96e8
Texture2D/ezgif-frame-002.png,Reference,SourceData/AssetRipper/Assets/Texture2D/ezgif-frame-002.png,b1e59a8c4e5bb564ea091f9603f49cc1
Texture2D/ezgif-frame-002_0.png,Reference,SourceData/AssetRipper/Assets/Texture2D/ezgif-frame-002_0.png,f4484a36ffb1dd641b10f5a0534d05da
Texture2D/ezgif-frame-002_1.png,Reference,SourceData/AssetRipper/Assets/Texture2D/ezgif-frame-002_1.png,3b88400a66d90a445a55dbf9030e2190
Texture2D/ezgif-frame-002_2.png,Reference,SourceData/AssetRipper/Assets/Texture2D/ezgif-frame-002_2.png,a88bcb6bbd971c6488a4c6a79e97c04e
Texture2D/ezgif-frame-002_3.png,Reference,SourceData/AssetRipper/Assets/Texture2D/ezgif-frame-002_3.png,20dc8d52fb027994383d109301abaaf6
Texture2D/ezgif-frame-002_4.png,Reference,SourceData/AssetRipper/Assets/Texture2D/ezgif-frame-002_4.png,391e37a7e0e057743af9c223a07c2ead
Texture2D/ezgif-frame-002_5.png,Reference,SourceData/AssetRipper/Assets/Texture2D/ezgif-frame-002_5.png,4dc98b74b210538499ce55322aa130c8
Texture2D/ezgif-frame-003.png,Reference,SourceData/AssetRipper/Assets/Texture2D/ezgif-frame-003.png,5441214ee36de404cba292c33ba24354
Texture2D/ezgif-frame-003_0.png,Reference,SourceData/AssetRipper/Assets/Texture2D/ezgif-frame-003_0.png,41b2208aaecb7114686c2d3c7e44b2ae
Texture2D/ezgif-frame-003_1.png,Reference,SourceData/AssetRipper/Assets/Texture2D/ezgif-frame-003_1.png,f3a029fc9a5ddaa438f50bcd5579bfc2
Texture2D/ezgif-frame-003_2.png,Reference,SourceData/AssetRipper/Assets/Texture2D/ezgif-frame-003_2.png,11c871b5d51a0d947816a8e1ebead35e
Texture2D/ezgif-frame-003_3.png,Reference,SourceData/AssetRipper/Assets/Texture2D/ezgif-frame-003_3.png,ec35a477efcf4ca4bba413f473abf50a
Texture2D/ezgif-frame-003_4.png,Reference,SourceData/AssetRipper/Assets/Texture2D/ezgif-frame-003_4.png,5e42668aed245bb4bbca28712dd5ee9e
Texture2D/ezgif-frame-003_5.png,Reference,SourceData/AssetRipper/Assets/Texture2D/ezgif-frame-003_5.png,2e64c5741eb2c5248aa4c5ca8147dae5
Texture2D/ezgif-frame-004.png,Reference,SourceData/AssetRipper/Assets/Texture2D/ezgif-frame-004.png,130eecb187f54144dba6c4d81867d2d1
Texture2D/ezgif-frame-004_0.png,Reference,SourceData/AssetRipper/Assets/Texture2D/ezgif-frame-004_0.png,831b657d7c1fe284699679b4c611c430
Texture2D/ezgif-frame-004_1.png,Reference,SourceData/AssetRipper/Assets/Texture2D/ezgif-frame-004_1.png,7217be95d7612c34c95091f844f8ec45
Texture2D/ezgif-frame-004_2.png,Reference,SourceData/AssetRipper/Assets/Texture2D/ezgif-frame-004_2.png,7d219f4c3078f8945a44d79ad5658970
Texture2D/ezgif-frame-004_3.png,Reference,SourceData/AssetRipper/Assets/Texture2D/ezgif-frame-004_3.png,b0fa6174134e7ba4ca292a45820a3574
Texture2D/ezgif-frame-004_4.png,Reference,SourceData/AssetRipper/Assets/Texture2D/ezgif-frame-004_4.png,cfe4072c93e06f8428e8908b2cf6b2ca
Texture2D/ezgif-frame-004_5.png,Reference,SourceData/AssetRipper/Assets/Texture2D/ezgif-frame-004_5.png,4363f24909eb01849a108bca8d6a4ddb
Texture2D/ezgif-frame-005.png,Reference,SourceData/AssetRipper/Assets/Texture2D/ezgif-frame-005.png,c252bd35bda2ea14eb2e44debb1d6fda
Texture2D/ezgif-frame-005_0.png,Reference,SourceData/AssetRipper/Assets/Texture2D/ezgif-frame-005_0.png,0f002e68f35f57045932809a57d7a88e
Texture2D/ezgif-frame-005_1.png,Reference,SourceData/AssetRipper/Assets/Texture2D/ezgif-frame-005_1.png,ff8c627fd15195848917a8d09638561d
Texture2D/ezgif-frame-005_2.png,Reference,SourceData/AssetRipper/Assets/Texture2D/ezgif-frame-005_2.png,3eb9281cf2451104dab597857c88ba55
Texture2D/ezgif-frame-005_3.png,Reference,SourceData/AssetRipper/Assets/Texture2D/ezgif-frame-005_3.png,96487d0a79795e2459f87207151efc7b
Texture2D/ezgif-frame-005_4.png,Reference,SourceData/AssetRipper/Assets/Texture2D/ezgif-frame-005_4.png,a6678fdb3bfd76c45a16f0ce6bf9711a
Texture2D/ezgif-frame-005_5.png,Reference,SourceData/AssetRipper/Assets/Texture2D/ezgif-frame-005_5.png,b0ebb901f0cb33145a9886afa3887371
Texture2D/ezgif-frame-006.png,Reference,SourceData/AssetRipper/Assets/Texture2D/ezgif-frame-006.png,7a40e6cb9ed542c48b1a5e90e08151ef
Texture2D/ezgif-frame-006_0.png,Reference,SourceData/AssetRipper/Assets/Texture2D/ezgif-frame-006_0.png,5fd528b32f44c5248b9d0fae85c94977
Texture2D/ezgif-frame-006_1.png,Reference,SourceData/AssetRipper/Assets/Texture2D/ezgif-frame-006_1.png,e01610a54b9da064fae4ef329c7bea60
Texture2D/ezgif-frame-006_2.png,Reference,SourceData/AssetRipper/Assets/Texture2D/ezgif-frame-006_2.png,4ea08eb58d9a11c4aa3a90bd22a88c12
Texture2D/ezgif-frame-006_3.png,Reference,SourceData/AssetRipper/Assets/Texture2D/ezgif-frame-006_3.png,414524ca0ce85eb479537f96378b6a27
Texture2D/ezgif-frame-006_4.png,Reference,SourceData/AssetRipper/Assets/Texture2D/ezgif-frame-006_4.png,c3bd8296a585a634486cf749f2ca0b62
Texture2D/ezgif-frame-006_5.png,Reference,SourceData/AssetRipper/Assets/Texture2D/ezgif-frame-006_5.png,9324f2e2afd7c934cbf8cd8709adf5c1
Texture2D/ezgif-frame-007.png,Reference,SourceData/AssetRipper/Assets/Texture2D/ezgif-frame-007.png,33fdae203939b964fa178bcf4da260e3
Texture2D/ezgif-frame-007_0.png,Reference,SourceData/AssetRipper/Assets/Texture2D/ezgif-frame-007_0.png,c866bee58e66cba41b63166a7561f214
Texture2D/ezgif-frame-007_1.png,Reference,SourceData/AssetRipper/Assets/Texture2D/ezgif-frame-007_1.png,9f1398cd7fff2434c87b8cb2c264bca1
Texture2D/ezgif-frame-007_2.png,Reference,SourceData/AssetRipper/Assets/Texture2D/ezgif-frame-007_2.png,4ccaa886d0336174d9440d2edf3c87e3
Texture2D/ezgif-frame-007_3.png,Reference,SourceData/AssetRipper/Assets/Texture2D/ezgif-frame-007_3.png,47f49e272254b404c8cc207a9091a83d
Texture2D/ezgif-frame-007_4.png,Reference,SourceData/AssetRipper/Assets/Texture2D/ezgif-frame-007_4.png,a9d9c12c0e362724bb23c2736300ad41
Texture2D/ezgif-frame-007_5.png,Reference,SourceData/AssetRipper/Assets/Texture2D/ezgif-frame-007_5.png,54805048556bc2b4baf2c3c455bff75b
Texture2D/ezgif-frame-008.png,Reference,SourceData/AssetRipper/Assets/Texture2D/ezgif-frame-008.png,f8bb94c6e8f3f84488697a920dd0e20e
Texture2D/ezgif-frame-008_0.png,Reference,SourceData/AssetRipper/Assets/Texture2D/ezgif-frame-008_0.png,b0318052bf9e575459bd9aeb507674a2
Texture2D/ezgif-frame-008_1.png,Reference,SourceData/AssetRipper/Assets/Texture2D/ezgif-frame-008_1.png,af6a82cf7afc85a4b9dc44aa5d1ee1cb
Texture2D/ezgif-frame-008_2.png,Reference,SourceData/AssetRipper/Assets/Texture2D/ezgif-frame-008_2.png,9ab8372daf4aea3439f4d89d34faf932
Texture2D/ezgif-frame-008_3.png,Reference,SourceData/AssetRipper/Assets/Texture2D/ezgif-frame-008_3.png,894193a0f9db97f45b56285ed97cdad0
Texture2D/ezgif-frame-008_4.png,Reference,SourceData/AssetRipper/Assets/Texture2D/ezgif-frame-008_4.png,9247018bd47d39242a304bcb0c984360
Texture2D/ezgif-frame-008_5.png,Reference,SourceData/AssetRipper/Assets/Texture2D/ezgif-frame-008_5.png,447b5c4d5f95adf40ae988a81f2042da
Texture2D/ezgif-frame-009.png,Reference,SourceData/AssetRipper/Assets/Texture2D/ezgif-frame-009.png,c5bf1da5d72d20a4a809c700b6ee0f97
Texture2D/ezgif-frame-009_0.png,Reference,SourceData/AssetRipper/Assets/Texture2D/ezgif-frame-009_0.png,52421cd47116acf458a9c8d847dd00c2
Texture2D/ezgif-frame-009_1.png,Reference,SourceData/AssetRipper/Assets/Texture2D/ezgif-frame-009_1.png,d22c14ffb5779064eb373d1bed6c2162
Texture2D/ezgif-frame-009_2.png,Reference,SourceData/AssetRipper/Assets/Texture2D/ezgif-frame-009_2.png,03b8a8d3b6e530846b1a5bbd1634d011
Texture2D/ezgif-frame-009_3.png,Reference,SourceData/AssetRipper/Assets/Texture2D/ezgif-frame-009_3.png,e2da77f2a0dd03246a5b16cbfba8005d
Texture2D/ezgif-frame-009_4.png,Reference,SourceData/AssetRipper/Assets/Texture2D/ezgif-frame-009_4.png,191a0c22c6f9c374686991a717cd5393
Texture2D/ezgif-frame-009_5.png,Reference,SourceData/AssetRipper/Assets/Texture2D/ezgif-frame-009_5.png,bec4aeb5901f3004cb8a5dfa3eb459fb
Texture2D/ezgif-frame-010.png,Reference,SourceData/AssetRipper/Assets/Texture2D/ezgif-frame-010.png,23c580b0794221b44bc9f71616f26380
Texture2D/ezgif-frame-010_0.png,Reference,SourceData/AssetRipper/Assets/Texture2D/ezgif-frame-010_0.png,014628582dcabba43892b99b707193a7
Texture2D/ezgif-frame-010_1.png,Reference,SourceData/AssetRipper/Assets/Texture2D/ezgif-frame-010_1.png,075cbe295d2b8c047ad57a69cc4998e0
Texture2D/ezgif-frame-010_2.png,Reference,SourceData/AssetRipper/Assets/Texture2D/ezgif-frame-010_2.png,77f33c67eaac2f745ba0b1a97dcfd224
Texture2D/ezgif-frame-010_3.png,Reference,SourceData/AssetRipper/Assets/Texture2D/ezgif-frame-010_3.png,e3720169effcc5c479d5885341eb2b36
Texture2D/ezgif-frame-010_4.png,Reference,SourceData/AssetRipper/Assets/Texture2D/ezgif-frame-010_4.png,ca59f793ecf5fc34dac2b42b5aef8e43
Texture2D/ezgif-frame-010_5.png,Reference,SourceData/AssetRipper/Assets/Texture2D/ezgif-frame-010_5.png,bf3b16d23333d9c468b14770c40abba9
Texture2D/ezgif-frame-011.png,Reference,SourceData/AssetRipper/Assets/Texture2D/ezgif-frame-011.png,157942d13a3616b468aca6d5d5eb1ce3
Texture2D/ezgif-frame-011_0.png,Reference,SourceData/AssetRipper/Assets/Texture2D/ezgif-frame-011_0.png,b83fffbac0028364fb224cd05568f292
Texture2D/ezgif-frame-011_1.png,Reference,SourceData/AssetRipper/Assets/Texture2D/ezgif-frame-011_1.png,b1c9f7c75d234374f885397ad16b3cee
Texture2D/ezgif-frame-011_2.png,Reference,SourceData/AssetRipper/Assets/Texture2D/ezgif-frame-011_2.png,f6d6f92f3932976418ee5ae52151a56b
Texture2D/ezgif-frame-011_3.png,Reference,SourceData/AssetRipper/Assets/Texture2D/ezgif-frame-011_3.png,e03978a2a4f73c44094055436b756c91
Texture2D/ezgif-frame-011_4.png,Reference,SourceData/AssetRipper/Assets/Texture2D/ezgif-frame-011_4.png,c5b5b824d9b24aa41a8656d975febf8c
Texture2D/ezgif-frame-011_5.png,Reference,SourceData/AssetRipper/Assets/Texture2D/ezgif-frame-011_5.png,ab11beb7870139d4bb74db7ca52daa32
Texture2D/ezgif-frame-012.png,Reference,SourceData/AssetRipper/Assets/Texture2D/ezgif-frame-012.png,a46d20b66f655434ba5d9200f2c1952a
Texture2D/ezgif-frame-012_0.png,Reference,SourceData/AssetRipper/Assets/Texture2D/ezgif-frame-012_0.png,dd1105cfe0af9a641aef228b4ee9b55d
Texture2D/ezgif-frame-012_1.png,Reference,SourceData/AssetRipper/Assets/Texture2D/ezgif-frame-012_1.png,0c7c044ea7063464db4cb0c48e606f60
Texture2D/ezgif-frame-012_2.png,Reference,SourceData/AssetRipper/Assets/Texture2D/ezgif-frame-012_2.png,7edda46b435f4b648a8df0b6a27f93e5
Texture2D/ezgif-frame-012_3.png,Reference,SourceData/AssetRipper/Assets/Texture2D/ezgif-frame-012_3.png,1e3589521dec0bb4ba3dcee542fb6766
Texture2D/ezgif-frame-012_4.png,Reference,SourceData/AssetRipper/Assets/Texture2D/ezgif-frame-012_4.png,5b31034660766b443bf08af71ea16dfa
Texture2D/ezgif-frame-012_5.png,Reference,SourceData/AssetRipper/Assets/Texture2D/ezgif-frame-012_5.png,a9da5d8f841d0f540a287f2914e9d456
Texture2D/ezgif-frame-013.png,Reference,SourceData/AssetRipper/Assets/Texture2D/ezgif-frame-013.png,37bb97b24b4d37340a3485b0b5110fcc
Texture2D/ezgif-frame-013_0.png,Reference,SourceData/AssetRipper/Assets/Texture2D/ezgif-frame-013_0.png,8c0febd576ed67f44a58020bac71df0a
Texture2D/ezgif-frame-013_1.png,Reference,SourceData/AssetRipper/Assets/Texture2D/ezgif-frame-013_1.png,4d5234ca501239342a2b318a5180363c
Texture2D/ezgif-frame-013_2.png,Reference,SourceData/AssetRipper/Assets/Texture2D/ezgif-frame-013_2.png,62167e846610d7d4d95f834825985569
Texture2D/ezgif-frame-013_3.png,Reference,SourceData/AssetRipper/Assets/Texture2D/ezgif-frame-013_3.png,f43582d074828a148a63f9edc3987504
Texture2D/ezgif-frame-013_4.png,Reference,SourceData/AssetRipper/Assets/Texture2D/ezgif-frame-013_4.png,6d0fa808a0bb6d0478ec5df6cc718a75
Texture2D/ezgif-frame-013_5.png,Reference,SourceData/AssetRipper/Assets/Texture2D/ezgif-frame-013_5.png,0e025c0c65eb94a4e8106a2861a2926a
Texture2D/ezgif-frame-014.png,Reference,SourceData/AssetRipper/Assets/Texture2D/ezgif-frame-014.png,f4b8223dc08a8364e851d4d283e49c18
Texture2D/ezgif-frame-014_0.png,Reference,SourceData/AssetRipper/Assets/Texture2D/ezgif-frame-014_0.png,a881e9b408becd144b7f58795b9278c9
Texture2D/ezgif-frame-014_1.png,Reference,SourceData/AssetRipper/Assets/Texture2D/ezgif-frame-014_1.png,19abbb3cf227e41439846a0f4d614e8b
Texture2D/ezgif-frame-014_2.png,Reference,SourceData/AssetRipper/Assets/Texture2D/ezgif-frame-014_2.png,1855c6581696035489fb73eb3429bb88
Texture2D/ezgif-frame-014_3.png,Reference,SourceData/AssetRipper/Assets/Texture2D/ezgif-frame-014_3.png,7c0ba67184992c246a4915595991ccdf
Texture2D/ezgif-frame-014_4.png,Reference,SourceData/AssetRipper/Assets/Texture2D/ezgif-frame-014_4.png,f8a46536128ddf74087ae06d8a56e726
Texture2D/ezgif-frame-014_5.png,Reference,SourceData/AssetRipper/Assets/Texture2D/ezgif-frame-014_5.png,2248f1628c6b31946805ad098dd803d0
Texture2D/ezgif-frame-015.png,Reference,SourceData/AssetRipper/Assets/Texture2D/ezgif-frame-015.png,2660601d518bf814f97bc193c8060a77
Texture2D/ezgif-frame-015_0.png,Reference,SourceData/AssetRipper/Assets/Texture2D/ezgif-frame-015_0.png,ebfbc72bc5547fc48893641288544b5a
Texture2D/ezgif-frame-015_1.png,Reference,SourceData/AssetRipper/Assets/Texture2D/ezgif-frame-015_1.png,9ad8ba67e23cd474ebeceddb2abe2eeb
Texture2D/ezgif-frame-015_2.png,Reference,SourceData/AssetRipper/Assets/Texture2D/ezgif-frame-015_2.png,75aa4c360b72901409192d9f43471f99
Texture2D/ezgif-frame-015_3.png,Reference,SourceData/AssetRipper/Assets/Texture2D/ezgif-frame-015_3.png,1af6117b11ae34544832113948583d6c
Texture2D/ezgif-frame-015_4.png,Reference,SourceData/AssetRipper/Assets/Texture2D/ezgif-frame-015_4.png,4e51a66c381615041a31002ff8c3c1db
Texture2D/ezgif-frame-015_5.png,Reference,SourceData/AssetRipper/Assets/Texture2D/ezgif-frame-015_5.png,b90726b8d33d6a14dba856749b359e3b
Texture2D/ezgif-frame-016.png,Reference,SourceData/AssetRipper/Assets/Texture2D/ezgif-frame-016.png,b1b16a2ea7a7fd649a459e46a4bbc241
Texture2D/ezgif-frame-016_0.png,Reference,SourceData/AssetRipper/Assets/Texture2D/ezgif-frame-016_0.png,f36713974510b484a845cea0b7ad0d13
Texture2D/ezgif-frame-016_1.png,Reference,SourceData/AssetRipper/Assets/Texture2D/ezgif-frame-016_1.png,97368c8aac5ecac41b5ebf554ab8758c
Texture2D/ezgif-frame-016_2.png,Reference,SourceData/AssetRipper/Assets/Texture2D/ezgif-frame-016_2.png,e31cd41b8d406d0408339828da1642a3
Texture2D/ezgif-frame-016_3.png,Reference,SourceData/AssetRipper/Assets/Texture2D/ezgif-frame-016_3.png,36f18bb4481a2894db1d5ae920570324
Texture2D/ezgif-frame-016_4.png,Reference,SourceData/AssetRipper/Assets/Texture2D/ezgif-frame-016_4.png,08e78f405f86bff429ede62a100583a1
Texture2D/ezgif-frame-016_5.png,Reference,SourceData/AssetRipper/Assets/Texture2D/ezgif-frame-016_5.png,75f51fdd97d581a41ad29eea26d608b4
Texture2D/ezgif-frame-017.png,Reference,SourceData/AssetRipper/Assets/Texture2D/ezgif-frame-017.png,8193fb9c780457d4bb7f67bd0064b263
Texture2D/ezgif-frame-017_0.png,Reference,SourceData/AssetRipper/Assets/Texture2D/ezgif-frame-017_0.png,69418f50b51738247936cf4635ea5a2b
Texture2D/ezgif-frame-017_1.png,Reference,SourceData/AssetRipper/Assets/Texture2D/ezgif-frame-017_1.png,e20d2fe669688934bbbd3fba1a547404
Texture2D/ezgif-frame-017_2.png,Reference,SourceData/AssetRipper/Assets/Texture2D/ezgif-frame-017_2.png,d6eb310d3fe715041a5ce116ed4fd6a2
Texture2D/ezgif-frame-017_3.png,Reference,SourceData/AssetRipper/Assets/Texture2D/ezgif-frame-017_3.png,3c26dce0e2d15f64c943d25374a0bb8e
Texture2D/ezgif-frame-017_4.png,Reference,SourceData/AssetRipper/Assets/Texture2D/ezgif-frame-017_4.png,56e1df6bc55a8574a9ed3c18e81551c6
Texture2D/ezgif-frame-017_5.png,Reference,SourceData/AssetRipper/Assets/Texture2D/ezgif-frame-017_5.png,f4813b4c75bf51945adcfbded71df839
Texture2D/ezgif-frame-018.png,Reference,SourceData/AssetRipper/Assets/Texture2D/ezgif-frame-018.png,014e55b227c3ccc4385977fcb65634ca
Texture2D/ezgif-frame-018_0.png,Reference,SourceData/AssetRipper/Assets/Texture2D/ezgif-frame-018_0.png,2f3c7c280db81b14994bb691d79031ca
Texture2D/ezgif-frame-018_1.png,Reference,SourceData/AssetRipper/Assets/Texture2D/ezgif-frame-018_1.png,6da2fb2dfff1fa243bc699cf9c0eeb07
Texture2D/ezgif-frame-018_2.png,Reference,SourceData/AssetRipper/Assets/Texture2D/ezgif-frame-018_2.png,e71a3a4163ea39a4e9d905d91a3fcc7b
Texture2D/ezgif-frame-018_3.png,Reference,SourceData/AssetRipper/Assets/Texture2D/ezgif-frame-018_3.png,b4861235d78b0d04994c8b00acd8e91e
Texture2D/ezgif-frame-018_4.png,Reference,SourceData/AssetRipper/Assets/Texture2D/ezgif-frame-018_4.png,7b1450fde0d352c4a80befe5225e6a6a
Texture2D/ezgif-frame-018_5.png,Reference,SourceData/AssetRipper/Assets/Texture2D/ezgif-frame-018_5.png,c3c15cbd58215f643997f48b4cd2f13f
Texture2D/ezgif-frame-019.png,Reference,SourceData/AssetRipper/Assets/Texture2D/ezgif-frame-019.png,a181aec9910036c42a2514974e3f4f70
Texture2D/ezgif-frame-019_0.png,Reference,SourceData/AssetRipper/Assets/Texture2D/ezgif-frame-019_0.png,9a6c49c6225bc95438c09156788a385c
Texture2D/ezgif-frame-019_1.png,Reference,SourceData/AssetRipper/Assets/Texture2D/ezgif-frame-019_1.png,4905290be7da18a4383078cd98469331
Texture2D/ezgif-frame-019_2.png,Reference,SourceData/AssetRipper/Assets/Texture2D/ezgif-frame-019_2.png,3de5a20a37b437c4d825c9ae389e46c3
Texture2D/ezgif-frame-019_3.png,Reference,SourceData/AssetRipper/Assets/Texture2D/ezgif-frame-019_3.png,d13171ac50518374a9b225be474995f7
Texture2D/ezgif-frame-019_4.png,Reference,SourceData/AssetRipper/Assets/Texture2D/ezgif-frame-019_4.png,e0b81c6c1a7221241b4602bc38038d6b
Texture2D/ezgif-frame-019_5.png,Reference,SourceData/AssetRipper/Assets/Texture2D/ezgif-frame-019_5.png,e7a6681e6e5566b48b70a65875a5cc30
Texture2D/ezgif-frame-020.png,Reference,SourceData/AssetRipper/Assets/Texture2D/ezgif-frame-020.png,960050c42301e684abb22b97be166004
Texture2D/ezgif-frame-020_0.png,Reference,SourceData/AssetRipper/Assets/Texture2D/ezgif-frame-020_0.png,5e5238a51e9eb7047a237746106fc6f2
Texture2D/ezgif-frame-020_1.png,Reference,SourceData/AssetRipper/Assets/Texture2D/ezgif-frame-020_1.png,dd7df9d37ccddf4429aa5319ee74a2d6
Texture2D/ezgif-frame-020_2.png,Reference,SourceData/AssetRipper/Assets/Texture2D/ezgif-frame-020_2.png,07c4261a21a2406449fd6935e61aea6c
Texture2D/ezgif-frame-020_3.png,Reference,SourceData/AssetRipper/Assets/Texture2D/ezgif-frame-020_3.png,8f2b561014b1dc043a295ccf2abcb84d
Texture2D/ezgif-frame-020_4.png,Reference,SourceData/AssetRipper/Assets/Texture2D/ezgif-frame-020_4.png,91ebc9f1fd82f914695a4b99945f5ad9
Texture2D/ezgif-frame-021.png,Reference,SourceData/AssetRipper/Assets/Texture2D/ezgif-frame-021.png,28672a3415a6ae6448c35c08dcd53088
Texture2D/ezgif-frame-021_0.png,Reference,SourceData/AssetRipper/Assets/Texture2D/ezgif-frame-021_0.png,1caa5afc3284ec341b01e5ae6d239ecf
Texture2D/ezgif-frame-021_1.png,Reference,SourceData/AssetRipper/Assets/Texture2D/ezgif-frame-021_1.png,e9bc865078efdc343bfbfd5ffae112ab
Texture2D/ezgif-frame-021_2.png,Reference,SourceData/AssetRipper/Assets/Texture2D/ezgif-frame-021_2.png,e806379044d36c8498ed71115009841c
Texture2D/ezgif-frame-021_3.png,Reference,SourceData/AssetRipper/Assets/Texture2D/ezgif-frame-021_3.png,ecfd9d7a9339018448732ac5a398777f
Texture2D/ezgif-frame-021_4.png,Reference,SourceData/AssetRipper/Assets/Texture2D/ezgif-frame-021_4.png,ef6aa54b1225c9d46838749e631c689b
Texture2D/ezgif-frame-022.png,Reference,SourceData/AssetRipper/Assets/Texture2D/ezgif-frame-022.png,e4a73b440a459fd49a7f6a8d7aa0f7d7
Texture2D/ezgif-frame-022_0.png,Reference,SourceData/AssetRipper/Assets/Texture2D/ezgif-frame-022_0.png,9e3a223fb7353c742936bf07b537830e
Texture2D/ezgif-frame-022_1.png,Reference,SourceData/AssetRipper/Assets/Texture2D/ezgif-frame-022_1.png,82aef5b4b70da9646a3f415a1b86316a
Texture2D/ezgif-frame-022_2.png,Reference,SourceData/AssetRipper/Assets/Texture2D/ezgif-frame-022_2.png,969d488f7ab76144a9d64b360215f3d3
Texture2D/ezgif-frame-022_3.png,Reference,SourceData/AssetRipper/Assets/Texture2D/ezgif-frame-022_3.png,9567688c4b4d56743a509896e45d51d9
Texture2D/ezgif-frame-022_4.png,Reference,SourceData/AssetRipper/Assets/Texture2D/ezgif-frame-022_4.png,07ea6cb6c31534947b4276b65dca5c2d
Texture2D/ezgif-frame-023.png,Reference,SourceData/AssetRipper/Assets/Texture2D/ezgif-frame-023.png,37a62d2c045168941a69772369d016b8
Texture2D/ezgif-frame-023_0.png,Reference,SourceData/AssetRipper/Assets/Texture2D/ezgif-frame-023_0.png,392050606a34e8442b167e8a24a2021c
Texture2D/ezgif-frame-023_1.png,Reference,SourceData/AssetRipper/Assets/Texture2D/ezgif-frame-023_1.png,5e2ec560f3db79740beb3a3619bead40
Texture2D/ezgif-frame-023_2.png,Reference,SourceData/AssetRipper/Assets/Texture2D/ezgif-frame-023_2.png,37fa05e0d57d707488726a32e4f35ae9
Texture2D/ezgif-frame-023_3.png,Reference,SourceData/AssetRipper/Assets/Texture2D/ezgif-frame-023_3.png,ca4ef8b44035df64583eb12cd8d1c924
Texture2D/ezgif-frame-023_4.png,Reference,SourceData/AssetRipper/Assets/Texture2D/ezgif-frame-023_4.png,727c30b09531dc3408621e3591c1e612
Texture2D/ezgif-frame-024.png,Reference,SourceData/AssetRipper/Assets/Texture2D/ezgif-frame-024.png,224fd77e0f603664199a86391bc6ba46
Texture2D/ezgif-frame-024_0.png,Reference,SourceData/AssetRipper/Assets/Texture2D/ezgif-frame-024_0.png,a7c9f806f82fcb94d9d12aebd8e5e8b3
Texture2D/ezgif-frame-024_1.png,Reference,SourceData/AssetRipper/Assets/Texture2D/ezgif-frame-024_1.png,dc4e8ac98cc6c074db5ab128b4605362
Texture2D/ezgif-frame-024_2.png,Reference,SourceData/AssetRipper/Assets/Texture2D/ezgif-frame-024_2.png,dc3f64e06f6b7b54c8d39b4e2f806f9c
Texture2D/ezgif-frame-024_3.png,Reference,SourceData/AssetRipper/Assets/Texture2D/ezgif-frame-024_3.png,c9dda6a1d285cc64eadd735b93441518
Texture2D/ezgif-frame-024_4.png,Reference,SourceData/AssetRipper/Assets/Texture2D/ezgif-frame-024_4.png,d9413f3215e9f374cb2ab4b9e517291a
Texture2D/ezgif-frame-025.png,Reference,SourceData/AssetRipper/Assets/Texture2D/ezgif-frame-025.png,dc9dec39f281c37428c7ed19281cdf90
Texture2D/ezgif-frame-025_0.png,Reference,SourceData/AssetRipper/Assets/Texture2D/ezgif-frame-025_0.png,51b7e565407227d49909b9983c8cb283
Texture2D/ezgif-frame-025_1.png,Reference,SourceData/AssetRipper/Assets/Texture2D/ezgif-frame-025_1.png,ea63181df87e57744bb4c20b68acf529
Texture2D/ezgif-frame-025_2.png,Reference,SourceData/AssetRipper/Assets/Texture2D/ezgif-frame-025_2.png,07405951e52204447ae28fdceea266f1
Texture2D/ezgif-frame-025_3.png,Reference,SourceData/AssetRipper/Assets/Texture2D/ezgif-frame-025_3.png,487402f6480bcda4fbec9104e130c4fe
Texture2D/ezgif-frame-025_4.png,Reference,SourceData/AssetRipper/Assets/Texture2D/ezgif-frame-025_4.png,92a2da349491e9f4f9cc0e2326216233
Texture2D/ezgif-frame-026.png,Reference,SourceData/AssetRipper/Assets/Texture2D/ezgif-frame-026.png,68e1e2524a435e041b0515f8b68402a8
Texture2D/ezgif-frame-026_0.png,Reference,SourceData/AssetRipper/Assets/Texture2D/ezgif-frame-026_0.png,bd4373fcb895621429f4930a59ad300f
Texture2D/ezgif-frame-026_1.png,Reference,SourceData/AssetRipper/Assets/Texture2D/ezgif-frame-026_1.png,9e5d0d359b18296449cac2159daca620
Texture2D/ezgif-frame-026_2.png,Reference,SourceData/AssetRipper/Assets/Texture2D/ezgif-frame-026_2.png,92804dc8f0791cd40b5f0589fa911f06
Texture2D/ezgif-frame-026_3.png,Reference,SourceData/AssetRipper/Assets/Texture2D/ezgif-frame-026_3.png,f4928b5b68e2c864488305c3fe8fd2ec
Texture2D/ezgif-frame-026_4.png,Reference,SourceData/AssetRipper/Assets/Texture2D/ezgif-frame-026_4.png,efd3755479059cf4f97477c910ff181a
Texture2D/ezgif-frame-027.png,Reference,SourceData/AssetRipper/Assets/Texture2D/ezgif-frame-027.png,8739b9ef1206d1e4dbfbf452b700aaf8
Texture2D/ezgif-frame-027_0.png,Reference,SourceData/AssetRipper/Assets/Texture2D/ezgif-frame-027_0.png,af16f20136057944282b4e58b6712754
Texture2D/ezgif-frame-027_1.png,Reference,SourceData/AssetRipper/Assets/Texture2D/ezgif-frame-027_1.png,2848f89b38525454b9bfcec37faaaa93
Texture2D/ezgif-frame-027_2.png,Reference,SourceData/AssetRipper/Assets/Texture2D/ezgif-frame-027_2.png,539a4d01b0311a74ca2079ba03a237c7
Texture2D/ezgif-frame-027_3.png,Reference,SourceData/AssetRipper/Assets/Texture2D/ezgif-frame-027_3.png,2ecb2bf656603c846a5fb13637849af5
Texture2D/ezgif-frame-027_4.png,Reference,SourceData/AssetRipper/Assets/Texture2D/ezgif-frame-027_4.png,4b95be732585fb24b84b7475102a9592
Texture2D/ezgif-frame-028.png,Reference,SourceData/AssetRipper/Assets/Texture2D/ezgif-frame-028.png,ddcd4bf8668f04f4cb305062e5d64cee
Texture2D/ezgif-frame-028_0.png,Reference,SourceData/AssetRipper/Assets/Texture2D/ezgif-frame-028_0.png,3ade3e8b77354554397bb05ae1e59f6e
Texture2D/ezgif-frame-028_1.png,Reference,SourceData/AssetRipper/Assets/Texture2D/ezgif-frame-028_1.png,3fe0813969ca7214888fe0b91644e643
Texture2D/ezgif-frame-028_2.png,Reference,SourceData/AssetRipper/Assets/Texture2D/ezgif-frame-028_2.png,5c1f93f2f292fd24fae2f6f7030b65c5
Texture2D/ezgif-frame-028_3.png,Reference,SourceData/AssetRipper/Assets/Texture2D/ezgif-frame-028_3.png,c6df58c38645bc444a7ffb3fcb0f1553
Texture2D/ezgif-frame-029.png,Reference,SourceData/AssetRipper/Assets/Texture2D/ezgif-frame-029.png,dad3a2533e6052c499f6b4d0f2a9260e
Texture2D/ezgif-frame-029_0.png,Reference,SourceData/AssetRipper/Assets/Texture2D/ezgif-frame-029_0.png,46feb1b5d6c461e4f98e6c43bab5e185
Texture2D/ezgif-frame-029_1.png,Reference,SourceData/AssetRipper/Assets/Texture2D/ezgif-frame-029_1.png,ee784644ec2183447885fca8e780e4a7
Texture2D/ezgif-frame-029_2.png,Reference,SourceData/AssetRipper/Assets/Texture2D/ezgif-frame-029_2.png,d626a6555b5719741a19d0b7781089b6
Texture2D/ezgif-frame-029_3.png,Reference,SourceData/AssetRipper/Assets/Texture2D/ezgif-frame-029_3.png,b094f289606e92843838eec7f1dbd5d0
Texture2D/ezgif-frame-030.png,Reference,SourceData/AssetRipper/Assets/Texture2D/ezgif-frame-030.png,a74b37be88eed8a41a9d6be2a1800db3
Texture2D/ezgif-frame-030_0.png,Reference,SourceData/AssetRipper/Assets/Texture2D/ezgif-frame-030_0.png,8d29f608c45ae0941a9cdf86aeeb9470
Texture2D/ezgif-frame-030_1.png,Reference,SourceData/AssetRipper/Assets/Texture2D/ezgif-frame-030_1.png,da13a1dae552a5f488cb1d8db109cafd
Texture2D/ezgif-frame-030_2.png,Reference,SourceData/AssetRipper/Assets/Texture2D/ezgif-frame-030_2.png,fdb631f57b9e0b747adf569727a3749d
Texture2D/ezgif-frame-030_3.png,Reference,SourceData/AssetRipper/Assets/Texture2D/ezgif-frame-030_3.png,47e1b2674ee00444384bdf989e246c54
Texture2D/ezgif-frame-031.png,Reference,SourceData/AssetRipper/Assets/Texture2D/ezgif-frame-031.png,95421b4467f380d449f263213be61a03
Texture2D/ezgif-frame-031_0.png,Reference,SourceData/AssetRipper/Assets/Texture2D/ezgif-frame-031_0.png,551d44cb8a9109341959120da46191f6
Texture2D/ezgif-frame-031_1.png,Reference,SourceData/AssetRipper/Assets/Texture2D/ezgif-frame-031_1.png,c471077507bc0fc41bd0caa648193b70
Texture2D/ezgif-frame-031_2.png,Reference,SourceData/AssetRipper/Assets/Texture2D/ezgif-frame-031_2.png,8d6424f06f3bab74a80fa044973e5173
Texture2D/ezgif-frame-031_3.png,Reference,SourceData/AssetRipper/Assets/Texture2D/ezgif-frame-031_3.png,fee6c4f6d69710f4d8681c4fc4a1c1fd
Texture2D/ezgif-frame-032.png,Reference,SourceData/AssetRipper/Assets/Texture2D/ezgif-frame-032.png,aa9e840fd967c634eb54e1b2901b4f31
Texture2D/ezgif-frame-032_0.png,Reference,SourceData/AssetRipper/Assets/Texture2D/ezgif-frame-032_0.png,37f130b6366d415498c571879f81b7d4
Texture2D/ezgif-frame-032_1.png,Reference,SourceData/AssetRipper/Assets/Texture2D/ezgif-frame-032_1.png,d2d3996ca8e0c5c4eb0d211ced8bc965
Texture2D/ezgif-frame-032_2.png,Reference,SourceData/AssetRipper/Assets/Texture2D/ezgif-frame-032_2.png,fa4b2f537f8dddf439c57449dac75051
Texture2D/ezgif-frame-032_3.png,Reference,SourceData/AssetRipper/Assets/Texture2D/ezgif-frame-032_3.png,47465ea51c00b1e46ac5c623d2fa8dcc
Texture2D/ezgif-frame-033.png,Reference,SourceData/AssetRipper/Assets/Texture2D/ezgif-frame-033.png,c447f663d42214c40b7f03e77f19a062
Texture2D/ezgif-frame-033_0.png,Reference,SourceData/AssetRipper/Assets/Texture2D/ezgif-frame-033_0.png,a92e0413837d92d44a07d4f46fd950cf
Texture2D/ezgif-frame-033_1.png,Reference,SourceData/AssetRipper/Assets/Texture2D/ezgif-frame-033_1.png,517328b82fc79e64cadc044501ee2115
Texture2D/ezgif-frame-033_2.png,Reference,SourceData/AssetRipper/Assets/Texture2D/ezgif-frame-033_2.png,edeb841324c954c42b33353e75b97216
Texture2D/ezgif-frame-033_3.png,Reference,SourceData/AssetRipper/Assets/Texture2D/ezgif-frame-033_3.png,4cedd41e1f7549a4fba92e845fb78e41
Texture2D/ezgif-frame-034.png,Reference,SourceData/AssetRipper/Assets/Texture2D/ezgif-frame-034.png,0216780896f9fff448f24f75a5869754
Texture2D/ezgif-frame-034_0.png,Reference,SourceData/AssetRipper/Assets/Texture2D/ezgif-frame-034_0.png,08b74e9918417d346aaba9a88552bf76
Texture2D/ezgif-frame-034_1.png,Reference,SourceData/AssetRipper/Assets/Texture2D/ezgif-frame-034_1.png,883a3e434203b80429f4eec0228f28dc
Texture2D/ezgif-frame-034_2.png,Reference,SourceData/AssetRipper/Assets/Texture2D/ezgif-frame-034_2.png,9e77d05196143f5448bffe0d9e5a5e2e
Texture2D/ezgif-frame-034_3.png,Reference,SourceData/AssetRipper/Assets/Texture2D/ezgif-frame-034_3.png,cf3142efcdfc24d4caff609e24b083a2
Texture2D/ezgif-frame-035.png,Reference,SourceData/AssetRipper/Assets/Texture2D/ezgif-frame-035.png,97bed91311d13e7468ac6bfccc52343f
Texture2D/ezgif-frame-035_0.png,Reference,SourceData/AssetRipper/Assets/Texture2D/ezgif-frame-035_0.png,390260bcfbca37f448224f28930aa47d
Texture2D/ezgif-frame-035_1.png,Reference,SourceData/AssetRipper/Assets/Texture2D/ezgif-frame-035_1.png,0a3677205e1150c4e85977285657e3ea
Texture2D/ezgif-frame-035_2.png,Reference,SourceData/AssetRipper/Assets/Texture2D/ezgif-frame-035_2.png,377673bd7fca1d9428de5b9a1a07f56d
Texture2D/ezgif-frame-036.png,Reference,SourceData/AssetRipper/Assets/Texture2D/ezgif-frame-036.png,2c2917c4b27f70446937bafa1fddb26a
Texture2D/ezgif-frame-036_0.png,Reference,SourceData/AssetRipper/Assets/Texture2D/ezgif-frame-036_0.png,4e720cc10c5359f44a59f0ad175c0d8d
Texture2D/ezgif-frame-036_1.png,Reference,SourceData/AssetRipper/Assets/Texture2D/ezgif-frame-036_1.png,28010a1727947794f80d4221a1ab572b
Texture2D/ezgif-frame-036_2.png,Reference,SourceData/AssetRipper/Assets/Texture2D/ezgif-frame-036_2.png,dca82512d0dcd904b846e5ac3dfc326f
Texture2D/ezgif-frame-037.png,Reference,SourceData/AssetRipper/Assets/Texture2D/ezgif-frame-037.png,9b3388fc0adc61b48b08bda46a98c668
Texture2D/ezgif-frame-037_0.png,Reference,SourceData/AssetRipper/Assets/Texture2D/ezgif-frame-037_0.png,f9679c89459a3be41822bf2a402eeb47
Texture2D/ezgif-frame-037_1.png,Reference,SourceData/AssetRipper/Assets/Texture2D/ezgif-frame-037_1.png,1b00b70b1f455374b825ffd724dc779a
Texture2D/ezgif-frame-037_2.png,Reference,SourceData/AssetRipper/Assets/Texture2D/ezgif-frame-037_2.png,b43af2764a3d10343874455c8eb08381
Texture2D/ezgif-frame-038.png,Reference,SourceData/AssetRipper/Assets/Texture2D/ezgif-frame-038.png,29b741d622f27cf4693c682065f3453d
Texture2D/ezgif-frame-038_0.png,Reference,SourceData/AssetRipper/Assets/Texture2D/ezgif-frame-038_0.png,5d40d76dd77809742aaf173d7e617baf
Texture2D/ezgif-frame-038_1.png,Reference,SourceData/AssetRipper/Assets/Texture2D/ezgif-frame-038_1.png,816db6a4cb270fa4ba20be6d5d6a01f1
Texture2D/ezgif-frame-038_2.png,Reference,SourceData/AssetRipper/Assets/Texture2D/ezgif-frame-038_2.png,b35a2160bc17ada4c9293200e400f42c
Texture2D/ezgif-frame-039.png,Reference,SourceData/AssetRipper/Assets/Texture2D/ezgif-frame-039.png,1700e40fc1d6bdd47bd17fc1b982f0dd
Texture2D/ezgif-frame-039_0.png,Reference,SourceData/AssetRipper/Assets/Texture2D/ezgif-frame-039_0.png,142412ace2239b4438b33b4a787cb912
Texture2D/ezgif-frame-039_1.png,Reference,SourceData/AssetRipper/Assets/Texture2D/ezgif-frame-039_1.png,11dc638830153c7438f861bcfb2396d1
Texture2D/ezgif-frame-039_2.png,Reference,SourceData/AssetRipper/Assets/Texture2D/ezgif-frame-039_2.png,ea1bb20c60a991046977d5e11a09a74c
Texture2D/ezgif-frame-040.png,Reference,SourceData/AssetRipper/Assets/Texture2D/ezgif-frame-040.png,2c7f143c41dc6be43af3e09c16d681d0
Texture2D/ezgif-frame-040_0.png,Reference,SourceData/AssetRipper/Assets/Texture2D/ezgif-frame-040_0.png,54b6db9d5e7625c4bba9bbfdbc0319e4
Texture2D/ezgif-frame-040_1.png,Reference,SourceData/AssetRipper/Assets/Texture2D/ezgif-frame-040_1.png,06adda0123b307b49bcb8502438d41da
Texture2D/ezgif-frame-040_2.png,Reference,SourceData/AssetRipper/Assets/Texture2D/ezgif-frame-040_2.png,62ba1209343e8784ca5da29a8277754c
Texture2D/ezgif-frame-041.png,Reference,SourceData/AssetRipper/Assets/Texture2D/ezgif-frame-041.png,4db9f399025c953438aa46ac1c0633d3
Texture2D/ezgif-frame-041_0.png,Reference,SourceData/AssetRipper/Assets/Texture2D/ezgif-frame-041_0.png,5d5f660e243498c4397ba56af773fca9
Texture2D/ezgif-frame-041_1.png,Reference,SourceData/AssetRipper/Assets/Texture2D/ezgif-frame-041_1.png,22f71e603f37f0b4d819a666dc16931c
Texture2D/ezgif-frame-041_2.png,Reference,SourceData/AssetRipper/Assets/Texture2D/ezgif-frame-041_2.png,24349f94199670b4c898f07e41c4e823
Texture2D/ezgif-frame-042.png,Reference,SourceData/AssetRipper/Assets/Texture2D/ezgif-frame-042.png,26c7e8dcc48951d4da1ae63b5febb6bb
Texture2D/ezgif-frame-042_0.png,Reference,SourceData/AssetRipper/Assets/Texture2D/ezgif-frame-042_0.png,98eefc9fcc4d77542b7d4e0b5be0e249
Texture2D/ezgif-frame-042_1.png,Reference,SourceData/AssetRipper/Assets/Texture2D/ezgif-frame-042_1.png,d777a4afd5b382a448cb192f7b878180
Texture2D/ezgif-frame-042_2.png,Reference,SourceData/AssetRipper/Assets/Texture2D/ezgif-frame-042_2.png,d14d0ea0deaed9d4995539ab621d92d2
Texture2D/ezgif-frame-043.png,Reference,SourceData/AssetRipper/Assets/Texture2D/ezgif-frame-043.png,00e2903bae1e3f448bef89417352efc1
Texture2D/ezgif-frame-043_0.png,Reference,SourceData/AssetRipper/Assets/Texture2D/ezgif-frame-043_0.png,a03e2d0adfd9c9d4c871664eba26eecd
Texture2D/ezgif-frame-043_1.png,Reference,SourceData/AssetRipper/Assets/Texture2D/ezgif-frame-043_1.png,ecb0f80b6fd80504aa5d349c6b5a750c
Texture2D/ezgif-frame-043_2.png,Reference,SourceData/AssetRipper/Assets/Texture2D/ezgif-frame-043_2.png,718140bf6b797c440bb6beabce5ef625
Texture2D/ezgif-frame-044.png,Reference,SourceData/AssetRipper/Assets/Texture2D/ezgif-frame-044.png,023cff78d34dc2a4ca1b5eda02703718
Texture2D/ezgif-frame-044_0.png,Reference,SourceData/AssetRipper/Assets/Texture2D/ezgif-frame-044_0.png,6f0d54d56da3af745b7fff88e22ffd4e
Texture2D/ezgif-frame-044_1.png,Reference,SourceData/AssetRipper/Assets/Texture2D/ezgif-frame-044_1.png,aeee49a91bead0f46a658819e13d21c7
Texture2D/ezgif-frame-044_2.png,Reference,SourceData/AssetRipper/Assets/Texture2D/ezgif-frame-044_2.png,f15cce3dbe62ff24c91a46a684fef6b8
Texture2D/ezgif-frame-045.png,Reference,SourceData/AssetRipper/Assets/Texture2D/ezgif-frame-045.png,b94f886608e5c8241a79eeff00b725eb
Texture2D/ezgif-frame-045_0.png,Reference,SourceData/AssetRipper/Assets/Texture2D/ezgif-frame-045_0.png,1466a3e0e2897b349a91fb6820992dee
Texture2D/ezgif-frame-045_1.png,Reference,SourceData/AssetRipper/Assets/Texture2D/ezgif-frame-045_1.png,835cd7d60535c7d4f9b4d06b6db0e3ed
Texture2D/ezgif-frame-046.png,Reference,SourceData/AssetRipper/Assets/Texture2D/ezgif-frame-046.png,edf4e0e995b6ef444906393dad65bef8
Texture2D/ezgif-frame-046_0.png,Reference,SourceData/AssetRipper/Assets/Texture2D/ezgif-frame-046_0.png,de8fa3468e8b7d24da89cdf1bb2d38b7
Texture2D/ezgif-frame-046_1.png,Reference,SourceData/AssetRipper/Assets/Texture2D/ezgif-frame-046_1.png,96ea52e1c405bf84981338edcaa9ab77
Texture2D/ezgif-frame-047.png,Reference,SourceData/AssetRipper/Assets/Texture2D/ezgif-frame-047.png,d95cef1c8c702464182947fdc512bff1
Texture2D/ezgif-frame-047_0.png,Reference,SourceData/AssetRipper/Assets/Texture2D/ezgif-frame-047_0.png,d943cc7b02aa94f4597fe20646252390
Texture2D/ezgif-frame-047_1.png,Reference,SourceData/AssetRipper/Assets/Texture2D/ezgif-frame-047_1.png,5f240e3e6eb18ec46bea2161ec1fbc0d
Texture2D/ezgif-frame-048.png,Reference,SourceData/AssetRipper/Assets/Texture2D/ezgif-frame-048.png,a7c94207f8775ad46acaed3d00b9b207
Texture2D/ezgif-frame-048_0.png,Reference,SourceData/AssetRipper/Assets/Texture2D/ezgif-frame-048_0.png,b12269d042a0cba4f944f68be0538701
Texture2D/ezgif-frame-048_1.png,Reference,SourceData/AssetRipper/Assets/Texture2D/ezgif-frame-048_1.png,e028c198ab1f5d4428ee1ca1617c07e7
Texture2D/ezgif-frame-049.png,Reference,SourceData/AssetRipper/Assets/Texture2D/ezgif-frame-049.png,5c9bb313f8b2d7947a58bab4126492db
Texture2D/ezgif-frame-049_0.png,Reference,SourceData/AssetRipper/Assets/Texture2D/ezgif-frame-049_0.png,2655516a36caec14b8b768ae0cd65cb9
Texture2D/ezgif-frame-049_1.png,Reference,SourceData/AssetRipper/Assets/Texture2D/ezgif-frame-049_1.png,af44da6623fa4ed41b6c54450ae4cf01
Texture2D/ezgif-frame-050.png,Reference,SourceData/AssetRipper/Assets/Texture2D/ezgif-frame-050.png,2099e9147cb2d634db24ed0b29728897
Texture2D/ezgif-frame-050_0.png,Reference,SourceData/AssetRipper/Assets/Texture2D/ezgif-frame-050_0.png,40ca8992196b0f34c94842fcecb8e80a
Texture2D/ezgif-frame-050_1.png,Reference,SourceData/AssetRipper/Assets/Texture2D/ezgif-frame-050_1.png,610681902289a9f4596b6354171cfc51
Texture2D/ezgif-frame-051.png,Reference,SourceData/AssetRipper/Assets/Texture2D/ezgif-frame-051.png,c8c534cbea444fb498bb5646f5b45226
Texture2D/ezgif-frame-051_0.png,Reference,SourceData/AssetRipper/Assets/Texture2D/ezgif-frame-051_0.png,919aa2f3967eaec4f86b6546fe7a00ed
Texture2D/ezgif-frame-051_1.png,Reference,SourceData/AssetRipper/Assets/Texture2D/ezgif-frame-051_1.png,4d596caa293bd6f49953c9f42ca3b4ef
Texture2D/ezgif-frame-052.png,Reference,SourceData/AssetRipper/Assets/Texture2D/ezgif-frame-052.png,43b4ccdc5b3fab94c8101b3f5249e96c
Texture2D/ezgif-frame-052_0.png,Reference,SourceData/AssetRipper/Assets/Texture2D/ezgif-frame-052_0.png,5362c89a9d8ec3c4fbf5e96ef0338f66
Texture2D/ezgif-frame-052_1.png,Reference,SourceData/AssetRipper/Assets/Texture2D/ezgif-frame-052_1.png,f9ffa0df0060aaa449cad6eea670d824
Texture2D/ezgif-frame-053.png,Reference,SourceData/AssetRipper/Assets/Texture2D/ezgif-frame-053.png,e6b03d6bab4e986448b9d0a07f54117d
Texture2D/ezgif-frame-053_0.png,Reference,SourceData/AssetRipper/Assets/Texture2D/ezgif-frame-053_0.png,c5a64410acf4eeb49b0d9d536bad3aed
Texture2D/ezgif-frame-053_1.png,Reference,SourceData/AssetRipper/Assets/Texture2D/ezgif-frame-053_1.png,06df879cac6b28545bfe87c462d415c7
Texture2D/ezgif-frame-054.png,Reference,SourceData/AssetRipper/Assets/Texture2D/ezgif-frame-054.png,05c7684b485ff174f875fb2737ac862c
Texture2D/ezgif-frame-054_0.png,Reference,SourceData/AssetRipper/Assets/Texture2D/ezgif-frame-054_0.png,d3129c0027e64824f96fb8e362ce8249
Texture2D/ezgif-frame-054_1.png,Reference,SourceData/AssetRipper/Assets/Texture2D/ezgif-frame-054_1.png,1fe9c5c75a33eaa428b48814c19003ca
Texture2D/ezgif-frame-055.png,Reference,SourceData/AssetRipper/Assets/Texture2D/ezgif-frame-055.png,3be725ccd5c124440a8cc547a2eb686e
Texture2D/ezgif-frame-055_0.png,Reference,SourceData/AssetRipper/Assets/Texture2D/ezgif-frame-055_0.png,a5b165b165847624d9b7d77308624e4e
Texture2D/ezgif-frame-055_1.png,Reference,SourceData/AssetRipper/Assets/Texture2D/ezgif-frame-055_1.png,a58f6ae083dd7704ea468a0266fad35e
Texture2D/ezgif-frame-056.png,Reference,SourceData/AssetRipper/Assets/Texture2D/ezgif-frame-056.png,685e5cd5552d85d4dbefabb709fd7233
Texture2D/ezgif-frame-056_0.png,Reference,SourceData/AssetRipper/Assets/Texture2D/ezgif-frame-056_0.png,8c1783e468f54a046af60f84f6da3f0b
Texture2D/ezgif-frame-056_1.png,Reference,SourceData/AssetRipper/Assets/Texture2D/ezgif-frame-056_1.png,3b5be57ba12088a4c86edd6982f1a967
Texture2D/ezgif-frame-057.png,Reference,SourceData/AssetRipper/Assets/Texture2D/ezgif-frame-057.png,7474aeac19ae5a64d94bb3a0491939da
Texture2D/ezgif-frame-057_0.png,Reference,SourceData/AssetRipper/Assets/Texture2D/ezgif-frame-057_0.png,5fd8a9895694f0d409600dd0cb6faa2a
Texture2D/ezgif-frame-057_1.png,Reference,SourceData/AssetRipper/Assets/Texture2D/ezgif-frame-057_1.png,e5cfe9b36447d0a48886218da6f16807
Texture2D/ezgif-frame-058.png,Reference,SourceData/AssetRipper/Assets/Texture2D/ezgif-frame-058.png,ae6405577f327224b8facbc2d48328ab
Texture2D/ezgif-frame-058_0.png,Reference,SourceData/AssetRipper/Assets/Texture2D/ezgif-frame-058_0.png,50a8531f3b7cf5645820adb4e80293ff
Texture2D/ezgif-frame-058_1.png,Reference,SourceData/AssetRipper/Assets/Texture2D/ezgif-frame-058_1.png,1cc4751f56a21ad409b190c0c1ef766a
Texture2D/ezgif-frame-059.png,Reference,SourceData/AssetRipper/Assets/Texture2D/ezgif-frame-059.png,8b698c82257ba9d4087f4c7d78e260b0
Texture2D/ezgif-frame-059_0.png,Reference,SourceData/AssetRipper/Assets/Texture2D/ezgif-frame-059_0.png,0930cc96a1b27354c8e90317c47749c4
Texture2D/ezgif-frame-060.png,Reference,SourceData/AssetRipper/Assets/Texture2D/ezgif-frame-060.png,506f599e6f705194e9a75f689b10ffd9
Texture2D/ezgif-frame-061.png,Reference,SourceData/AssetRipper/Assets/Texture2D/ezgif-frame-061.png,d075d07f51436704285bb847df9788fc
Texture2D/ezgif-frame-062.png,Reference,SourceData/AssetRipper/Assets/Texture2D/ezgif-frame-062.png,dd4fc297b7c943d4dabca7252cbeb2f7
Texture2D/ezgif-frame-063.png,Reference,SourceData/AssetRipper/Assets/Texture2D/ezgif-frame-063.png,300e3424d0d1f5545a38380e123b6141
Texture2D/ezgif-frame-064.png,Reference,SourceData/AssetRipper/Assets/Texture2D/ezgif-frame-064.png,fbcb041069e096349832812df8983735
Texture2D/ezgif-frame-065.png,Reference,SourceData/AssetRipper/Assets/Texture2D/ezgif-frame-065.png,962e9a0ee242eb54ab5939b7e1d38556
Texture2D/ezgif-frame-066.png,Reference,SourceData/AssetRipper/Assets/Texture2D/ezgif-frame-066.png,4ce768829ca4d7642b0bebc60b1e0932
Texture2D/ezgif-frame-067.png,Reference,SourceData/AssetRipper/Assets/Texture2D/ezgif-frame-067.png,ce7b0ae41e16a47478b0b5c50c1564b5
Texture2D/ezgif-frame-068.png,Reference,SourceData/AssetRipper/Assets/Texture2D/ezgif-frame-068.png,8be702236404ca94eb3f2ee160d41408
Texture2D/ezgif-frame-069.png,Reference,SourceData/AssetRipper/Assets/Texture2D/ezgif-frame-069.png,1d3756a9313e73e4bb6fa3c3e838165d
Texture2D/ezgif-frame-070.png,Reference,SourceData/AssetRipper/Assets/Texture2D/ezgif-frame-070.png,78c9a027585334c48b6b46d163834c79
Texture2D/Fail.png,Texture,Assets/RecoveredOriginal/Texture/Texture2D/Fail.png,629df0eeec6cd0545b79e8bbca2b3a38
Texture2D/fillbar-ingame.png,Texture,Assets/RecoveredOriginal/Texture/Texture2D/fillbar-ingame.png,01d658ff9bcc561489572f120c76cb15
Texture2D/fillbar-middle-cardCollection.png,Texture,Assets/RecoveredOriginal/Texture/Texture2D/fillbar-middle-cardCollection.png,62931f64d90b7354895bbba18ef72e43
Texture2D/fillbar-splashScene.png,Texture,Assets/RecoveredOriginal/Texture/Texture2D/fillbar-splashScene.png,90a47baba1d26b54e93b3fcbe4312865
Texture2D/fillbar-talentTree.png,Texture,Assets/RecoveredOriginal/Texture/Texture2D/fillbar-talentTree.png,d6ccb5e49223c7346aad31aa958e26d4
Texture2D/Filter-50.png,Texture,Assets/RecoveredOriginal/Texture/Texture2D/Filter-50.png,ef29ce5ac2ee9a84eb21392d87ee2432
Texture2D/fire2.png,Texture,Assets/RecoveredOriginal/Texture/Texture2D/fire2.png,e1f0b7de4d7d10844ba66af1594a828b
Texture2D/FirePurpleShots.png,Texture,Assets/RecoveredOriginal/Texture/Texture2D/FirePurpleShots.png,7feb5ad06991b2e49a6e440634d295ab
Texture2D/FireYellowShots.png,Texture,Assets/RecoveredOriginal/Texture/Texture2D/FireYellowShots.png,8758979c8d2f1fb48bd2540151749acd
Texture2D/fire_soft_spiky.png,Texture,Assets/RecoveredOriginal/Texture/Texture2D/fire_soft_spiky.png,22489ab23b8036b4998da2c8c7edde45
Texture2D/Flare01.png,Texture,Assets/RecoveredOriginal/Texture/Texture2D/Flare01.png,1c55a51ea141e2a47b26ca501a50f90e
Texture2D/FlareIcon.png,Texture,Assets/RecoveredOriginal/Texture/Texture2D/FlareIcon.png,8cae1dcef94f0fa4aaa78926723ed207
Texture2D/FlareIcon_0.png,Texture,Assets/RecoveredOriginal/Texture/Texture2D/FlareIcon_0.png,cbd1d0f3b96516b4192fe161536c94c1
Texture2D/FlareIcon_1.png,Texture,Assets/RecoveredOriginal/Texture/Texture2D/FlareIcon_1.png,5ba335ee24665a74090edf5d7c1da978
Texture2D/footer_lodyas.png,Texture,Assets/RecoveredOriginal/Texture/Texture2D/footer_lodyas.png,e8b048ae927f32e42b249681afb11f75
Texture2D/Frame 1-11.png,Texture,Assets/RecoveredOriginal/Texture/Texture2D/Frame 1-11.png,196edb3fdaab36841a7080dfa01082b0
Texture2D/Frame 12.png,Texture,Assets/RecoveredOriginal/Texture/Texture2D/Frame 12.png,477473380d5300e4ea1e753ca241229b
Texture2D/Frame 13.png,Texture,Assets/RecoveredOriginal/Texture/Texture2D/Frame 13.png,bfab3f3b183486c4b915ef4c984aeeee
Texture2D/Frame 16.png,Texture,Assets/RecoveredOriginal/Texture/Texture2D/Frame 16.png,df5a709b526eed142944d0e6c00cdc68
Texture2D/Frame 2.png,Texture,Assets/RecoveredOriginal/Texture/Texture2D/Frame 2.png,ddcdf8f299c70a74fa31ffb1cec91125
Texture2D/Frame 3-2.png,Texture,Assets/RecoveredOriginal/Texture/Texture2D/Frame 3-2.png,62f829cf5224e604681be18b2c9749c1
Texture2D/Frame 3.png,Texture,Assets/RecoveredOriginal/Texture/Texture2D/Frame 3.png,38f437babd0eaf5419880199df6fc11e
Texture2D/Frame 4.png,Texture,Assets/RecoveredOriginal/Texture/Texture2D/Frame 4.png,79b705cf0b53b0842816ce9eb27e1a7b
Texture2D/Frame 5.png,Texture,Assets/RecoveredOriginal/Texture/Texture2D/Frame 5.png,2c4a34c4804fab54db4432c379b78c33
Texture2D/Frame 6.png,Texture,Assets/RecoveredOriginal/Texture/Texture2D/Frame 6.png,e21247f0917fb9345841e163a8489684
Texture2D/Frame 7.png,Texture,Assets/RecoveredOriginal/Texture/Texture2D/Frame 7.png,3df2ff769030d734ab5caafd17c310a0
Texture2D/frame-avatar-blue.png,Texture,Assets/RecoveredOriginal/Texture/Texture2D/frame-avatar-blue.png,1b657eb5d0e3f1a42a0fcedfeb67ee85
Texture2D/frame-avatar-green.png,Texture,Assets/RecoveredOriginal/Texture/Texture2D/frame-avatar-green.png,fb999766cf55e264c827fcab8ebf6f0d
Texture2D/frame-avatar-purple.png,Texture,Assets/RecoveredOriginal/Texture/Texture2D/frame-avatar-purple.png,84ebe947214c44244ae76bcb77adec71
Texture2D/frame-avatar-yellow.png,Texture,Assets/RecoveredOriginal/Texture/Texture2D/frame-avatar-yellow.png,f2abe2925244f7848b3b658193c3cb57
Texture2D/Frame.png,Texture,Assets/RecoveredOriginal/Texture/Texture2D/Frame.png,ed5edc1ece6c8f44c99b9f24a66cb91f
Texture2D/frame_00_delay-0.14285714285714s.png,Texture,Assets/RecoveredOriginal/Texture/Texture2D/frame_00_delay-0.14285714285714s.png,c9949a8ad627cba4ab82603f6a2edf8d
Texture2D/frame_00_delay-0.14s.png,Texture,Assets/RecoveredOriginal/Texture/Texture2D/frame_00_delay-0.14s.png,6cbb95a8c84266244b25a66872d69de7
Texture2D/frame_00_delay-0.2s.png,Texture,Assets/RecoveredOriginal/Texture/Texture2D/frame_00_delay-0.2s.png,5a07735edd0452941b81fb8b3a81ee65
Texture2D/frame_01_delay-0.14285714285714s.png,Texture,Assets/RecoveredOriginal/Texture/Texture2D/frame_01_delay-0.14285714285714s.png,8a06640b7c3671840b01ad669e9dc665
Texture2D/frame_01_delay-0.15s.png,Texture,Assets/RecoveredOriginal/Texture/Texture2D/frame_01_delay-0.15s.png,01b66632dd9458c43a08faa99d2ee6f2
Texture2D/frame_01_delay-0.2s.png,Texture,Assets/RecoveredOriginal/Texture/Texture2D/frame_01_delay-0.2s.png,f7b0cc41511cff84b9fad34bb8bbc00a
Texture2D/frame_02_delay-0.14285714285714s.png,Texture,Assets/RecoveredOriginal/Texture/Texture2D/frame_02_delay-0.14285714285714s.png,2a383031bf262d446b528aae1be691c6
Texture2D/frame_02_delay-0.14s.png,Texture,Assets/RecoveredOriginal/Texture/Texture2D/frame_02_delay-0.14s.png,ca8dd8f2b671b78419a10291269feca6
Texture2D/frame_02_delay-0.2s.png,Texture,Assets/RecoveredOriginal/Texture/Texture2D/frame_02_delay-0.2s.png,0ea57338643d81e48acd25fcd9ddd646
Texture2D/frame_03_delay-0.14285714285714s.png,Texture,Assets/RecoveredOriginal/Texture/Texture2D/frame_03_delay-0.14285714285714s.png,4a6b216c6e8a9c542a33cd353dfee8f4
Texture2D/frame_03_delay-0.14s.png,Texture,Assets/RecoveredOriginal/Texture/Texture2D/frame_03_delay-0.14s.png,6db790dfb107ac148be513a4855a3411
Texture2D/frame_03_delay-0.2s.png,Texture,Assets/RecoveredOriginal/Texture/Texture2D/frame_03_delay-0.2s.png,5fc63f2cfe7c2b6459bf172fb6518860
Texture2D/frame_04_delay-0.14285714285714s.png,Texture,Assets/RecoveredOriginal/Texture/Texture2D/frame_04_delay-0.14285714285714s.png,8720ce1d06378ca4886151326ce6453f
Texture2D/frame_04_delay-0.14s.png,Texture,Assets/RecoveredOriginal/Texture/Texture2D/frame_04_delay-0.14s.png,b03af8644e0631c43a683e32fd756d12
Texture2D/frame_04_delay-0.2s.png,Texture,Assets/RecoveredOriginal/Texture/Texture2D/frame_04_delay-0.2s.png,aa277160fb4992b49aa674612ef158ef
Texture2D/frame_05_delay-0.14285714285714s.png,Texture,Assets/RecoveredOriginal/Texture/Texture2D/frame_05_delay-0.14285714285714s.png,20d61e8f380ca544798f13e543413eb1
Texture2D/frame_05_delay-0.15s.png,Texture,Assets/RecoveredOriginal/Texture/Texture2D/frame_05_delay-0.15s.png,72e42ed4ef723324294dce79bc049e3d
Texture2D/frame_05_delay-0.2s.png,Texture,Assets/RecoveredOriginal/Texture/Texture2D/frame_05_delay-0.2s.png,32d49b8678d6934418517ea9b4d427a2
Texture2D/frame_06_delay-0.14285714285714s.png,Texture,Assets/RecoveredOriginal/Texture/Texture2D/frame_06_delay-0.14285714285714s.png,c3c8ecd0f140b9b48b25a857d0b7055b
Texture2D/frame_06_delay-0.14s.png,Texture,Assets/RecoveredOriginal/Texture/Texture2D/frame_06_delay-0.14s.png,acb58c36811d76b4b983e5700f5e1d36
Texture2D/frame_06_delay-0.2s.png,Texture,Assets/RecoveredOriginal/Texture/Texture2D/frame_06_delay-0.2s.png,b0cf9e32b1bbbb74087e86952968ffc4
Texture2D/frame_07_delay-0.14285714285714s.png,Texture,Assets/RecoveredOriginal/Texture/Texture2D/frame_07_delay-0.14285714285714s.png,6ae6d46e99a01214aad354329939e3c1
Texture2D/frame_07_delay-0.14s.png,Texture,Assets/RecoveredOriginal/Texture/Texture2D/frame_07_delay-0.14s.png,ea81f725facfc624a828f1b0d9a61ef4
Texture2D/frame_07_delay-0.2s.png,Texture,Assets/RecoveredOriginal/Texture/Texture2D/frame_07_delay-0.2s.png,71cd546a8031b314995bcb7e0451e887
Texture2D/frame_08_delay-0.14285714285714s.png,Texture,Assets/RecoveredOriginal/Texture/Texture2D/frame_08_delay-0.14285714285714s.png,0244d3b6fa4029f45b549ad2cc61aa31
Texture2D/frame_08_delay-0.15s.png,Texture,Assets/RecoveredOriginal/Texture/Texture2D/frame_08_delay-0.15s.png,576de542a4b11144facea30c585d5c2b
Texture2D/frame_08_delay-0.2s.png,Texture,Assets/RecoveredOriginal/Texture/Texture2D/frame_08_delay-0.2s.png,f84bd8196fb0bbf4ab595894240cfd5e
Texture2D/frame_09_delay-0.14285714285714s.png,Texture,Assets/RecoveredOriginal/Texture/Texture2D/frame_09_delay-0.14285714285714s.png,ef036cb0203db0345a73efa01ad87096
Texture2D/frame_09_delay-0.14s.png,Texture,Assets/RecoveredOriginal/Texture/Texture2D/frame_09_delay-0.14s.png,6b85ec5495bd70e4c9efd07a6efee517
Texture2D/frame_09_delay-0.2s.png,Texture,Assets/RecoveredOriginal/Texture/Texture2D/frame_09_delay-0.2s.png,83f5751b27e6d5c41b25ef9042c1c39f
Texture2D/frame_10_delay-0.14285714285714s.png,Texture,Assets/RecoveredOriginal/Texture/Texture2D/frame_10_delay-0.14285714285714s.png,226a3f2a60225a64eaf24eef27cd5dcd
Texture2D/frame_10_delay-0.14s.png,Texture,Assets/RecoveredOriginal/Texture/Texture2D/frame_10_delay-0.14s.png,fa14c17a63f572a46ac2ba380e3381b3
Texture2D/frame_10_delay-0.2s.png,Texture,Assets/RecoveredOriginal/Texture/Texture2D/frame_10_delay-0.2s.png,1c4b4a08ec60b794e83c0736283314c7
Texture2D/frame_11_delay-0.14285714285714s.png,Texture,Assets/RecoveredOriginal/Texture/Texture2D/frame_11_delay-0.14285714285714s.png,81224d6f3c0eee548af0fdd80ae9ad62
Texture2D/frame_11_delay-0.14s.png,Texture,Assets/RecoveredOriginal/Texture/Texture2D/frame_11_delay-0.14s.png,98455c350c39abe46bbacc7a860d24cf
Texture2D/frame_11_delay-0.2s.png,Texture,Assets/RecoveredOriginal/Texture/Texture2D/frame_11_delay-0.2s.png,344c1ddc08a37f944a085973a63ed388
Texture2D/frame_12_delay-0.14285714285714s.png,Texture,Assets/RecoveredOriginal/Texture/Texture2D/frame_12_delay-0.14285714285714s.png,792ba4932cccd83419c0b529479a7401
Texture2D/frame_12_delay-0.15s.png,Texture,Assets/RecoveredOriginal/Texture/Texture2D/frame_12_delay-0.15s.png,b8d6903599b27aa4b844e4b1e977f6d8
Texture2D/frame_12_delay-0.2s.png,Texture,Assets/RecoveredOriginal/Texture/Texture2D/frame_12_delay-0.2s.png,11e09042793b7944891e556b5d9eca34
Texture2D/frame_13_delay-0.14285714285714s.png,Texture,Assets/RecoveredOriginal/Texture/Texture2D/frame_13_delay-0.14285714285714s.png,17a2ce254da0dde43a8d6676de598ea9
Texture2D/frame_13_delay-0.14s.png,Texture,Assets/RecoveredOriginal/Texture/Texture2D/frame_13_delay-0.14s.png,a75b6d2ea0d33574aa6277c97d211854
Texture2D/frame_13_delay-0.2s.png,Texture,Assets/RecoveredOriginal/Texture/Texture2D/frame_13_delay-0.2s.png,4d754d3e0a5b46f4b9b0cbd0f158b8c3
Texture2D/frame_14_delay-0.14285714285714s.png,Texture,Assets/RecoveredOriginal/Texture/Texture2D/frame_14_delay-0.14285714285714s.png,37c2877396f39a4409ec36391bb6b2e7
Texture2D/frame_14_delay-0.14s.png,Texture,Assets/RecoveredOriginal/Texture/Texture2D/frame_14_delay-0.14s.png,4858e6fcb295c2d47a174ef077326847
Texture2D/frame_14_delay-0.2s.png,Texture,Assets/RecoveredOriginal/Texture/Texture2D/frame_14_delay-0.2s.png,0c4f985c7e025ab48a6e4f893ec6ea06
Texture2D/frame_15_delay-0.14285714285714s.png,Texture,Assets/RecoveredOriginal/Texture/Texture2D/frame_15_delay-0.14285714285714s.png,d9ac70425e2f4d4428a1d595aa401639
Texture2D/frame_15_delay-0.15s.png,Texture,Assets/RecoveredOriginal/Texture/Texture2D/frame_15_delay-0.15s.png,ea16ab71b7f634b42aa3be1172323916
Texture2D/frame_15_delay-0.2s.png,Texture,Assets/RecoveredOriginal/Texture/Texture2D/frame_15_delay-0.2s.png,b7e0b932a8264d549aec0658b209bf0e
Texture2D/frame_16_delay-0.14285714285714s.png,Texture,Assets/RecoveredOriginal/Texture/Texture2D/frame_16_delay-0.14285714285714s.png,e74dc01e6832ae642af5e0e597c66b3e
Texture2D/frame_16_delay-0.14s.png,Texture,Assets/RecoveredOriginal/Texture/Texture2D/frame_16_delay-0.14s.png,cb5e4c1fe5e60d048ba84c498d35e589
Texture2D/frame_16_delay-0.2s.png,Texture,Assets/RecoveredOriginal/Texture/Texture2D/frame_16_delay-0.2s.png,f413f8389617c3b49b0618983af6367d
Texture2D/frame_17_delay-0.14285714285714s.png,Texture,Assets/RecoveredOriginal/Texture/Texture2D/frame_17_delay-0.14285714285714s.png,653c3fb756df51c4ea9168e4dfb8adcf
Texture2D/frame_17_delay-0.14s.png,Texture,Assets/RecoveredOriginal/Texture/Texture2D/frame_17_delay-0.14s.png,6010789e50dc2034799cef881bd14504
Texture2D/frame_17_delay-0.2s.png,Texture,Assets/RecoveredOriginal/Texture/Texture2D/frame_17_delay-0.2s.png,0b5f0ecef66f2264ba8edd7f7c91c50c
Texture2D/frame_18_delay-0.14285714285714s.png,Texture,Assets/RecoveredOriginal/Texture/Texture2D/frame_18_delay-0.14285714285714s.png,dd00377515e453049a877c51d6fb3ec9
Texture2D/frame_18_delay-0.14s.png,Texture,Assets/RecoveredOriginal/Texture/Texture2D/frame_18_delay-0.14s.png,ead05eaac6e04a3478b9d8c4ffac0e66
Texture2D/frame_18_delay-0.2s.png,Texture,Assets/RecoveredOriginal/Texture/Texture2D/frame_18_delay-0.2s.png,ca5b422e4f1747c47a378e2f64d0c2c5
Texture2D/frame_19_delay-0.14285714285714s.png,Texture,Assets/RecoveredOriginal/Texture/Texture2D/frame_19_delay-0.14285714285714s.png,41099beea50833a488b3efad25560549
Texture2D/frame_19_delay-0.15s.png,Texture,Assets/RecoveredOriginal/Texture/Texture2D/frame_19_delay-0.15s.png,75230dacbd7a79b4da674a643f56c68a
Texture2D/frame_19_delay-0.2s.png,Texture,Assets/RecoveredOriginal/Texture/Texture2D/frame_19_delay-0.2s.png,791bce843e512934bbedf0f48e5531ca
Texture2D/frame_20_delay-0.14285714285714s.png,Texture,Assets/RecoveredOriginal/Texture/Texture2D/frame_20_delay-0.14285714285714s.png,fd715b5c45efd8c44b88f4c1d5ba7edd
Texture2D/frame_20_delay-0.14s.png,Texture,Assets/RecoveredOriginal/Texture/Texture2D/frame_20_delay-0.14s.png,870ebec164b3d7f479b5fdce3d729b29
Texture2D/frame_20_delay-0.2s.png,Texture,Assets/RecoveredOriginal/Texture/Texture2D/frame_20_delay-0.2s.png,ef7c2c2d3ea8009458e9d65287acb386
Texture2D/frame_21_delay-0.14285714285714s.png,Texture,Assets/RecoveredOriginal/Texture/Texture2D/frame_21_delay-0.14285714285714s.png,0f70835b1381894429ed146433df2e6e
Texture2D/frame_21_delay-0.14s.png,Texture,Assets/RecoveredOriginal/Texture/Texture2D/frame_21_delay-0.14s.png,e5715f2b12d98f941a0a2304fe19ad1b
Texture2D/frame_21_delay-0.2s.png,Texture,Assets/RecoveredOriginal/Texture/Texture2D/frame_21_delay-0.2s.png,2e15ff58991889646a96452c24c6f336
Texture2D/frame_22_delay-0.14285714285714s.png,Texture,Assets/RecoveredOriginal/Texture/Texture2D/frame_22_delay-0.14285714285714s.png,e386f920b1fccec44845c8597e4d73b2
Texture2D/frame_22_delay-0.15s.png,Texture,Assets/RecoveredOriginal/Texture/Texture2D/frame_22_delay-0.15s.png,e5d24c3208a6b7e4d95628f4f9170c13
Texture2D/frame_22_delay-0.2s.png,Texture,Assets/RecoveredOriginal/Texture/Texture2D/frame_22_delay-0.2s.png,04b662e2d8e2ed948b439be0c1bf487e
Texture2D/frame_23_delay-0.14285714285714s.png,Texture,Assets/RecoveredOriginal/Texture/Texture2D/frame_23_delay-0.14285714285714s.png,2cfcdc8440224364fbed071bcd9ca33d
Texture2D/frame_23_delay-0.14s.png,Texture,Assets/RecoveredOriginal/Texture/Texture2D/frame_23_delay-0.14s.png,186637f51ceeabe4e8f67114551d408f
Texture2D/frame_23_delay-0.2s.png,Texture,Assets/RecoveredOriginal/Texture/Texture2D/frame_23_delay-0.2s.png,7143c17e9cc57fc458c611b9058274db
Texture2D/frame_24_delay-0.14285714285714s.png,Texture,Assets/RecoveredOriginal/Texture/Texture2D/frame_24_delay-0.14285714285714s.png,bb47ae2f36a802a4281638da46d71ce3
Texture2D/frame_24_delay-0.14s.png,Texture,Assets/RecoveredOriginal/Texture/Texture2D/frame_24_delay-0.14s.png,bd3e81a310e32df4986083607caacdc0
Texture2D/frame_24_delay-0.2s.png,Texture,Assets/RecoveredOriginal/Texture/Texture2D/frame_24_delay-0.2s.png,a13ac53b8afec46498e8e0fe696dc8a9
Texture2D/frame_25_delay-0.14285714285714s.png,Texture,Assets/RecoveredOriginal/Texture/Texture2D/frame_25_delay-0.14285714285714s.png,e59638ecdcc224d459716d99997c194d
Texture2D/frame_25_delay-0.14s.png,Texture,Assets/RecoveredOriginal/Texture/Texture2D/frame_25_delay-0.14s.png,0c1064ca59ed22543b6d5817cb91eedf
Texture2D/frame_25_delay-0.2s.png,Texture,Assets/RecoveredOriginal/Texture/Texture2D/frame_25_delay-0.2s.png,ccf6edd82f539124b931e75d66b9f7fa
Texture2D/frame_26_delay-0.14285714285714s.png,Texture,Assets/RecoveredOriginal/Texture/Texture2D/frame_26_delay-0.14285714285714s.png,a13825541d41e68438cbb699f01d8726
Texture2D/frame_26_delay-0.15s.png,Texture,Assets/RecoveredOriginal/Texture/Texture2D/frame_26_delay-0.15s.png,b548d8b937a1ceb47beb04172be3a26a
Texture2D/frame_26_delay-0.2s.png,Texture,Assets/RecoveredOriginal/Texture/Texture2D/frame_26_delay-0.2s.png,98c6bd4d94afee748b90108baccf1625
Texture2D/frame_27_delay-0.14285714285714s.png,Texture,Assets/RecoveredOriginal/Texture/Texture2D/frame_27_delay-0.14285714285714s.png,f36f060d15de2764db06f1893d21b1d4
Texture2D/frame_27_delay-0.14s.png,Texture,Assets/RecoveredOriginal/Texture/Texture2D/frame_27_delay-0.14s.png,36940d3596bef3f4197d41260d7d7f77
Texture2D/frame_27_delay-0.2s.png,Texture,Assets/RecoveredOriginal/Texture/Texture2D/frame_27_delay-0.2s.png,d2ac8fd7bfceb844793c6d9addc0f98c
Texture2D/frame_28_delay-0.14285714285714s.png,Texture,Assets/RecoveredOriginal/Texture/Texture2D/frame_28_delay-0.14285714285714s.png,e4ada3cba6ae728459ad7fb996ea49c7
Texture2D/frame_28_delay-0.14s.png,Texture,Assets/RecoveredOriginal/Texture/Texture2D/frame_28_delay-0.14s.png,7cf30e89cabe9b840a1317843681160e
Texture2D/frame_28_delay-0.2s.png,Texture,Assets/RecoveredOriginal/Texture/Texture2D/frame_28_delay-0.2s.png,b7a655b5cd9f6eb458d02c45cbef25cf
Texture2D/frame_29_delay-0.14285714285714s.png,Texture,Assets/RecoveredOriginal/Texture/Texture2D/frame_29_delay-0.14285714285714s.png,9999fdb7a074eee4881931d63ad8d171
Texture2D/frame_29_delay-0.15s.png,Texture,Assets/RecoveredOriginal/Texture/Texture2D/frame_29_delay-0.15s.png,8dc7495d51dcd294cb1fcf75be7da7ef
Texture2D/frame_29_delay-0.2s.png,Texture,Assets/RecoveredOriginal/Texture/Texture2D/frame_29_delay-0.2s.png,a66f825efc12d4a4fbfce9e2ba2eb3df
Texture2D/frame_30_delay-0.14285714285714s.png,Texture,Assets/RecoveredOriginal/Texture/Texture2D/frame_30_delay-0.14285714285714s.png,9f6c0cc59a89849418a9c1739375c3fa
Texture2D/frame_30_delay-0.14s.png,Texture,Assets/RecoveredOriginal/Texture/Texture2D/frame_30_delay-0.14s.png,c3f01c941f56efb4abe5508bfb4dfc02
Texture2D/frame_30_delay-0.2s.png,Texture,Assets/RecoveredOriginal/Texture/Texture2D/frame_30_delay-0.2s.png,43ecc5b7ce8cb744bbb1e9797a71cd61
Texture2D/frame_31_delay-0.14285714285714s.png,Texture,Assets/RecoveredOriginal/Texture/Texture2D/frame_31_delay-0.14285714285714s.png,05d0dcda201aea4458981b402f7bc2d0
Texture2D/frame_31_delay-0.14s.png,Texture,Assets/RecoveredOriginal/Texture/Texture2D/frame_31_delay-0.14s.png,86c0ae5aeff8d214b88fa5a2dc6c04b5
Texture2D/frame_32_delay-0.14285714285714s.png,Texture,Assets/RecoveredOriginal/Texture/Texture2D/frame_32_delay-0.14285714285714s.png,8da1ac2069787f84dac1fd359d9718ea
Texture2D/frame_32_delay-0.14s.png,Texture,Assets/RecoveredOriginal/Texture/Texture2D/frame_32_delay-0.14s.png,6958b563cb219a04c89e0c08260a094a
Texture2D/frame_33_delay-0.14285714285714s.png,Texture,Assets/RecoveredOriginal/Texture/Texture2D/frame_33_delay-0.14285714285714s.png,b21a6b02fdc1dc44dbb8c03e616efa07
Texture2D/frame_33_delay-0.15s.png,Texture,Assets/RecoveredOriginal/Texture/Texture2D/frame_33_delay-0.15s.png,9e1d0e9f0c0437f4aad0e21e5d436a98
Texture2D/frame_34_delay-0.14285714285714s.png,Texture,Assets/RecoveredOriginal/Texture/Texture2D/frame_34_delay-0.14285714285714s.png,4f7de67b216871544859af04caaddc7c
Texture2D/frame_34_delay-0.14s.png,Texture,Assets/RecoveredOriginal/Texture/Texture2D/frame_34_delay-0.14s.png,d67fe86d118fbb24eb8c21950842ebc6
Texture2D/frame_35_delay-0.14285714285714s.png,Texture,Assets/RecoveredOriginal/Texture/Texture2D/frame_35_delay-0.14285714285714s.png,e3b4da0aef1ff8645b1b0564b18de192
Texture2D/frame_35_delay-0.14s.png,Texture,Assets/RecoveredOriginal/Texture/Texture2D/frame_35_delay-0.14s.png,3a67c89c132d46042a020e567ff2607b
Texture2D/frame_36_delay-0.14285714285714s.png,Texture,Assets/RecoveredOriginal/Texture/Texture2D/frame_36_delay-0.14285714285714s.png,8780f6bc362b2604fb69b275ac5c1af8
Texture2D/frame_36_delay-0.15s.png,Texture,Assets/RecoveredOriginal/Texture/Texture2D/frame_36_delay-0.15s.png,10e9019b2062847448079690bedd092d
Texture2D/frame_37_delay-0.14285714285714s.png,Texture,Assets/RecoveredOriginal/Texture/Texture2D/frame_37_delay-0.14285714285714s.png,6fb03a89159618e46b84e6bff136e68d
Texture2D/frame_37_delay-0.14s.png,Texture,Assets/RecoveredOriginal/Texture/Texture2D/frame_37_delay-0.14s.png,cbba013bf59ff15469fbed6bd52e76d0
Texture2D/frame_38_delay-0.14285714285714s.png,Texture,Assets/RecoveredOriginal/Texture/Texture2D/frame_38_delay-0.14285714285714s.png,00e675ff924182a4c9c805c36ebf15b7
Texture2D/frame_39_delay-0.14285714285714s.png,Texture,Assets/RecoveredOriginal/Texture/Texture2D/frame_39_delay-0.14285714285714s.png,c1308cd83ac70c64ca3405b5b6cd2d07
Texture2D/fx_box_blur.png,Texture,Assets/RecoveredOriginal/Texture/Texture2D/fx_box_blur.png,33a794083887c4944a9861a10c768a21
Texture2D/fx_circle_blur 1.png,Texture,Assets/RecoveredOriginal/Texture/Texture2D/fx_circle_blur 1.png,ae30e78066f5cd74396fc44c75a8fed6
Texture2D/fx_rotate_line.png,Texture,Assets/RecoveredOriginal/Texture/Texture2D/fx_rotate_line.png,5d180de454af65b45961b38d84303130
Texture2D/fx_star_light.png,Texture,Assets/RecoveredOriginal/Texture/Texture2D/fx_star_light.png,da38e3958d15fc2439304ad3bbde9f44
Texture2D/gdpr_appstore.png,Texture,Assets/RecoveredOriginal/Texture/Texture2D/gdpr_appstore.png,ed6d93871c9db4a47bf47402cd4866f4
Texture2D/gdpr_bug.png,Texture,Assets/RecoveredOriginal/Texture/Texture2D/gdpr_bug.png,430651da8de872b469398ad524461b52
Texture2D/gdpr_cross.png,Texture,Assets/RecoveredOriginal/Texture/Texture2D/gdpr_cross.png,d03f21fa2be0a5141b98bfe4d6a8b7ad
Texture2D/gdpr_game.png,Texture,Assets/RecoveredOriginal/Texture/Texture2D/gdpr_game.png,cf0991c94fc5ca449a69b7977fac23d0
Texture2D/gdpr_link.png,Texture,Assets/RecoveredOriginal/Texture/Texture2D/gdpr_link.png,c08975243cd5e11448c3e13b4b60e142
Texture2D/gdpr_rounded_square.png,Texture,Assets/RecoveredOriginal/Texture/Texture2D/gdpr_rounded_square.png,fa5292597c39cb2479391b19d855cec0
Texture2D/gdpr_warning.png,Texture,Assets/RecoveredOriginal/Texture/Texture2D/gdpr_warning.png,dd35d09d27441dd4c859b49c6cf755d2
Texture2D/generalBackground-main.png,Texture,Assets/RecoveredOriginal/Texture/Texture2D/generalBackground-main.png,b1910dd10100fb44fb4402b8ddfd31e0
Texture2D/Glow.png,Texture,Assets/RecoveredOriginal/Texture/Texture2D/Glow.png,c39499d4640b2b34889125cc30eaf3b9
Texture2D/glow1.png,Texture,Assets/RecoveredOriginal/Texture/Texture2D/glow1.png,a0ddeadff137b014796c055d99cb73f3
Texture2D/glow1_0.png,Texture,Assets/RecoveredOriginal/Texture/Texture2D/glow1_0.png,e84fb379b8cf348488ce97ecf304c19a
Texture2D/glow4.png,Texture,Assets/RecoveredOriginal/Texture/Texture2D/glow4.png,9ecebd847a4a0334ab1c7c10249a1bad
Texture2D/glow4_0.png,Texture,Assets/RecoveredOriginal/Texture/Texture2D/glow4_0.png,259ab6c0fdf849e4281dd049f063705f
Texture2D/gradient_popup_darker.png,Texture,Assets/RecoveredOriginal/Texture/Texture2D/gradient_popup_darker.png,bc0f9a8fb00d6394da2c3e31bfa9b7c3
Texture2D/gradient_vertical_spiky.png,Texture,Assets/RecoveredOriginal/Texture/Texture2D/gradient_vertical_spiky.png,796cb290ff192fd4e961ed43ea2aaa9b
Texture2D/Ground.png,Texture,Assets/RecoveredOriginal/Texture/Texture2D/Ground.png,e941b43ee0100cb4984139241cbbadc8
Texture2D/Group 10082.png,Texture,Assets/RecoveredOriginal/Texture/Texture2D/Group 10082.png,10923e0f9b57ecc409270567f930ee3f
Texture2D/Group 10083.png,Texture,Assets/RecoveredOriginal/Texture/Texture2D/Group 10083.png,74dfa4144c27bcb4bbb4b3a31740f0af
Texture2D/Group 10250.png,Texture,Assets/RecoveredOriginal/Texture/Texture2D/Group 10250.png,531aca71077a44143b5638da19dbbd1a
Texture2D/Group 10251.png,Texture,Assets/RecoveredOriginal/Texture/Texture2D/Group 10251.png,e1fec4af4a0ee3a46aef55a6169b8d2f
Texture2D/Group 10252.png,Texture,Assets/RecoveredOriginal/Texture/Texture2D/Group 10252.png,ed596200e1244e545bc284894febf708
Texture2D/Group 10253.png,Texture,Assets/RecoveredOriginal/Texture/Texture2D/Group 10253.png,ae2788c34f9398e46b36cd7efec0c2af
Texture2D/Group 10254.png,Texture,Assets/RecoveredOriginal/Texture/Texture2D/Group 10254.png,beaadd62663afa54ea84c60f488d2f6a
Texture2D/Group 10255.png,Texture,Assets/RecoveredOriginal/Texture/Texture2D/Group 10255.png,d0bec32bff2e26d4987ef5aa6521d271
Texture2D/Group 10256.png,Texture,Assets/RecoveredOriginal/Texture/Texture2D/Group 10256.png,d97a323838b73944cbaf7daf9e81a684
Texture2D/Group 10257.png,Texture,Assets/RecoveredOriginal/Texture/Texture2D/Group 10257.png,b3589c7da17e3f244b2c29156b30b2f1
Texture2D/Group 10258.png,Texture,Assets/RecoveredOriginal/Texture/Texture2D/Group 10258.png,35e7fd1c874faa04e974f1a1f95833e6
Texture2D/Group 10259.png,Texture,Assets/RecoveredOriginal/Texture/Texture2D/Group 10259.png,2240f00c1b7fed64789d8aa4b29e7e7c
Texture2D/Group 10263.png,Texture,Assets/RecoveredOriginal/Texture/Texture2D/Group 10263.png,01fdcb5a6308c364680cb2f81d26f30b
Texture2D/Group 10292.png,Texture,Assets/RecoveredOriginal/Texture/Texture2D/Group 10292.png,a81b8856eea221c4bb5ff3f2f477be97
Texture2D/Group 10295.png,Texture,Assets/RecoveredOriginal/Texture/Texture2D/Group 10295.png,9b0b791ed7e03564ea40edcfad01fb57
Texture2D/Group 10297.png,Texture,Assets/RecoveredOriginal/Texture/Texture2D/Group 10297.png,c7cd904e08741af48a65ffe93edbbbaa
Texture2D/Group 10298.png,Texture,Assets/RecoveredOriginal/Texture/Texture2D/Group 10298.png,e33acb26b1687e944bc4ea9386f30737
Texture2D/Group 8781.png,Texture,Assets/RecoveredOriginal/Texture/Texture2D/Group 8781.png,aa3fcc4504582334fbe6fcfd594ea9d2
Texture2D/Group 9218.png,Texture,Assets/RecoveredOriginal/Texture/Texture2D/Group 9218.png,dccba1936cdfefd43985ab72cdbdfb6a
Texture2D/Group 9263.png,Texture,Assets/RecoveredOriginal/Texture/Texture2D/Group 9263.png,f80b79b12e0767e429f9e4abb4ae82bd
Texture2D/Group 9453.png,Texture,Assets/RecoveredOriginal/Texture/Texture2D/Group 9453.png,99d98887f8141994fb5025a2419cff1d
Texture2D/Group_mask.png,Texture,Assets/RecoveredOriginal/Texture/Texture2D/Group_mask.png,28df47fae486d4042b7b1eba1109f973
Texture2D/HandIcon.png,Texture,Assets/RecoveredOriginal/Texture/Texture2D/HandIcon.png,35acc5272b360b84d92956aa174d9630
Texture2D/HandIcon_0.png,Texture,Assets/RecoveredOriginal/Texture/Texture2D/HandIcon_0.png,902e40f613d09d34095188a4bfea6350
Texture2D/HandIcon_1.png,Texture,Assets/RecoveredOriginal/Texture/Texture2D/HandIcon_1.png,b349403721cacfc45b5701ef6f446820
Texture2D/header-splashScene.png,Texture,Assets/RecoveredOriginal/Texture/Texture2D/header-splashScene.png,e50818f005951f445a085e6e23676d3c
Texture2D/header-top-cardCollection.png,Texture,Assets/RecoveredOriginal/Texture/Texture2D/header-top-cardCollection.png,7aa1bfa09a3976e49a3ae7ef876b39bf
Texture2D/heart_monitor-64.png,Texture,Assets/RecoveredOriginal/Texture/Texture2D/heart_monitor-64.png,82ed3edc74e433c4eaf655000f6f4c9b
Texture2D/hert.png,Texture,Assets/RecoveredOriginal/Texture/Texture2D/hert.png,a86f27161299aa5489d323c838d6189c
Texture2D/hide.png,Texture,Assets/RecoveredOriginal/Texture/Texture2D/hide.png,b08992c8734853e478e17d290e7b79ec
Texture2D/holyLight.png,Texture,Assets/RecoveredOriginal/Texture/Texture2D/holyLight.png,1215f347941ab8c4f82e223e8d396538
Texture2D/IceMatCap.png,Texture,Assets/RecoveredOriginal/Texture/Texture2D/IceMatCap.png,6ddcb1399793aa447948f09b40f892d0
Texture2D/ice_new.png,Texture,Assets/RecoveredOriginal/Texture/Texture2D/ice_new.png,b1172f0d07942304fa33855cad060a81
Texture2D/icon-arrow-left-cardCollection.png,Texture,Assets/RecoveredOriginal/Texture/Texture2D/icon-arrow-left-cardCollection.png,21d14c5c8eccedf49adf6fd547bc47ab
Texture2D/icon-arrow-left-expand.png,Texture,Assets/RecoveredOriginal/Texture/Texture2D/icon-arrow-left-expand.png,69009f8a0b54cbc48971a292e00d8ae2
Texture2D/icon-booster-1.png,Texture,Assets/RecoveredOriginal/Texture/Texture2D/icon-booster-1.png,55155b73d98fc3e4083e743659107758
Texture2D/icon-booster-2.png,Texture,Assets/RecoveredOriginal/Texture/Texture2D/icon-booster-2.png,220a27bc90e73094689282491556c0d7
Texture2D/icon-booster-3.png,Texture,Assets/RecoveredOriginal/Texture/Texture2D/icon-booster-3.png,b45861d872061b34cb6ab8587b4cc0a7
Texture2D/icon-cards.png,Texture,Assets/RecoveredOriginal/Texture/Texture2D/icon-cards.png,a5664e95a1233b445a50d8e1f1183324
Texture2D/icon-coin-reward.png,Texture,Assets/RecoveredOriginal/Texture/Texture2D/icon-coin-reward.png,9ed1aee1cf72fd94eb00f7adc2a77148
Texture2D/icon-coin.png,Texture,Assets/RecoveredOriginal/Texture/Texture2D/icon-coin.png,1cee7815611eec74fa699e22171df5b6
Texture2D/icon-coin1-shop.png,Texture,Assets/RecoveredOriginal/Texture/Texture2D/icon-coin1-shop.png,9dc2e1ea0e237164fb2fa412276e7b75
Texture2D/icon-coin2-shop.png,Texture,Assets/RecoveredOriginal/Texture/Texture2D/icon-coin2-shop.png,8db07c909901f2046abd379be4346bc8
Texture2D/icon-coin3-shop.png,Texture,Assets/RecoveredOriginal/Texture/Texture2D/icon-coin3-shop.png,292ce3b9d23becb46be60b95fe5e7a85
Texture2D/icon-coin4-shop.png,Texture,Assets/RecoveredOriginal/Texture/Texture2D/icon-coin4-shop.png,2160301e88e057d4f8d05f52346b39a9
Texture2D/icon-coin5-shop.png,Texture,Assets/RecoveredOriginal/Texture/Texture2D/icon-coin5-shop.png,61173035f3281be44958f16a3c140acb
Texture2D/icon-coin6-shop.png,Texture,Assets/RecoveredOriginal/Texture/Texture2D/icon-coin6-shop.png,36d4d60520115bc4aa8da7cf8ba13234
Texture2D/icon-coin_0.png,Texture,Assets/RecoveredOriginal/Texture/Texture2D/icon-coin_0.png,ab8dd6828022727488ee05b6fc0efa2f
Texture2D/icon-coin_1.png,Texture,Assets/RecoveredOriginal/Texture/Texture2D/icon-coin_1.png,1db9ab4ce3d0be143ae0aa13d8669d30
Texture2D/icon-cup-easyLevel-v2.png,Texture,Assets/RecoveredOriginal/Texture/Texture2D/icon-cup-easyLevel-v2.png,a217aaad94d8554428bd8319c4b7eae2
Texture2D/icon-cup-hardLevel-v2.png,Texture,Assets/RecoveredOriginal/Texture/Texture2D/icon-cup-hardLevel-v2.png,abf66ac23dbabb548b13a8422749bcb5
Texture2D/icon-done.png,Texture,Assets/RecoveredOriginal/Texture/Texture2D/icon-done.png,ecff05a935bf26a458caf8ffe76769b4
Texture2D/icon-easyLevel-popUp-v2.png,Texture,Assets/RecoveredOriginal/Texture/Texture2D/icon-easyLevel-popUp-v2.png,c6787e17ed5ace241829306b9e9ba966
Texture2D/icon-easyLevel.png,Texture,Assets/RecoveredOriginal/Texture/Texture2D/icon-easyLevel.png,6d75a153bd9f6fb46bf9fecb7b94b06e
Texture2D/icon-flare.png,Texture,Assets/RecoveredOriginal/Texture/Texture2D/icon-flare.png,77c183f9f8fefef459e003ef5391d66f
Texture2D/icon-gift.png,Texture,Assets/RecoveredOriginal/Texture/Texture2D/icon-gift.png,ae895906e74d99844a3a104f05308391
Texture2D/icon-hardLevel-popUp-v2.png,Texture,Assets/RecoveredOriginal/Texture/Texture2D/icon-hardLevel-popUp-v2.png,49ae221db9e55dc4f959c036f1d8419e
Texture2D/icon-hardLevel.png,Texture,Assets/RecoveredOriginal/Texture/Texture2D/icon-hardLevel.png,363891745817b284fae8c0d7557758e0
Texture2D/icon-heard-big-enabled.png,Texture,Assets/RecoveredOriginal/Texture/Texture2D/icon-heard-big-enabled.png,a5a35df5036ef884aa1d3bcc53153ce3
Texture2D/icon-heard-small-disabled.png,Texture,Assets/RecoveredOriginal/Texture/Texture2D/icon-heard-small-disabled.png,3263b9b5c347b884b875d5b3a6fdff10
Texture2D/icon-heard-small-enabled.png,Texture,Assets/RecoveredOriginal/Texture/Texture2D/icon-heard-small-enabled.png,22e09501e728dd94486463ceceac12d8
Texture2D/icon-heart-big.png,Texture,Assets/RecoveredOriginal/Texture/Texture2D/icon-heart-big.png,197c43f3247913d498e3ec2f7c4541d2
Texture2D/icon-heart-shop.png,Texture,Assets/RecoveredOriginal/Texture/Texture2D/icon-heart-shop.png,47b2f8308386d954089ac9b2e0bc97b9
Texture2D/icon-home.png,Texture,Assets/RecoveredOriginal/Texture/Texture2D/icon-home.png,ebfc5ee1bd768c34f825f772d4b19a04
Texture2D/icon-iap.png,Texture,Assets/RecoveredOriginal/Texture/Texture2D/icon-iap.png,661e4c4583e400b4bbd5b3aff8ff738c
Texture2D/icon-lock-shadow.png,Texture,Assets/RecoveredOriginal/Texture/Texture2D/icon-lock-shadow.png,7da1195304182aa4c8f1f224c4504257
Texture2D/icon-lock.png,Texture,Assets/RecoveredOriginal/Texture/Texture2D/icon-lock.png,3b633006e019dde4ba0125e82c8be54d
Texture2D/icon-lock_0.png,Texture,Assets/RecoveredOriginal/Texture/Texture2D/icon-lock_0.png,a6164dc08e648334b87ab430e52564a7
Texture2D/icon-lock_1.png,Texture,Assets/RecoveredOriginal/Texture/Texture2D/icon-lock_1.png,4f6b6f332e86a5a48bb3a034ccdb144b
Texture2D/icon-noAds.png,Texture,Assets/RecoveredOriginal/Texture/Texture2D/icon-noAds.png,9d302002a09bf7e43a10279da092c7b7
Texture2D/icon-outofSpace-v2.png,Texture,Assets/RecoveredOriginal/Texture/Texture2D/icon-outofSpace-v2.png,576b09e08407e564ab7130d1b44ba7e0
Texture2D/icon-plus-v2.png,Texture,Assets/RecoveredOriginal/Texture/Texture2D/icon-plus-v2.png,5ecf4b1c948f5d14db36894b3eb22218
Texture2D/icon-questTime.png,Texture,Assets/RecoveredOriginal/Texture/Texture2D/icon-questTime.png,69f5e2d1f4ea76741b34b8ad738e7d27
Texture2D/icon-reward.png,Texture,Assets/RecoveredOriginal/Texture/Texture2D/icon-reward.png,f622b0703bf2ba949909c78508034ebf
Texture2D/icon-select.png,Texture,Assets/RecoveredOriginal/Texture/Texture2D/icon-select.png,51c81d71d531bac4caebefc5533c1cbe
Texture2D/icon-settings-v2.png,Texture,Assets/RecoveredOriginal/Texture/Texture2D/icon-settings-v2.png,63df7b73ae5c60a40bd5ff897ff019c7
Texture2D/icon-shop.png,Texture,Assets/RecoveredOriginal/Texture/Texture2D/icon-shop.png,2b36362fede13e34d9bff2e44fc41c86
Texture2D/icon-signBoard.png,Texture,Assets/RecoveredOriginal/Texture/Texture2D/icon-signBoard.png,8a5a95dac1865e14d9014c62165b8b15
Texture2D/icon-swap.png,Texture,Assets/RecoveredOriginal/Texture/Texture2D/icon-swap.png,4069383c82418d540a2c1d30da9759ab
Texture2D/icon-watch.png,Texture,Assets/RecoveredOriginal/Texture/Texture2D/icon-watch.png,b54cfa953507f254c98f62f7d0833df9
Texture2D/Icon.png,Texture,Assets/RecoveredOriginal/Texture/Texture2D/Icon.png,1e8dd001b9349ab4d9925e4205169425
Texture2D/iconRW.png,Texture,Assets/RecoveredOriginal/Texture/Texture2D/iconRW.png,ec6e9b7d8c41f3d4bb28749570615d6c
Texture2D/icons8-analytics-128.png,Texture,Assets/RecoveredOriginal/Texture/Texture2D/icons8-analytics-128.png,a42783d381284a648ac186a3146b6d34
Texture2D/icons8-back-arrow-48.png,Texture,Assets/RecoveredOriginal/Texture/Texture2D/icons8-back-arrow-48.png,f6feb7520424afb4b95083c9aae1dba2
Texture2D/icons8-bug-96.png,Texture,Assets/RecoveredOriginal/Texture/Texture2D/icons8-bug-96.png,5ac2ac8ccba53e2498f1e73f98fbb665
Texture2D/icons8-checkmark-104.png,Texture,Assets/RecoveredOriginal/Texture/Texture2D/icons8-checkmark-104.png,09c4137e69cc24e4aba26a12f98098a5
Texture2D/icons8-checkmark-background-104.png,Texture,Assets/RecoveredOriginal/Texture/Texture2D/icons8-checkmark-background-104.png,a1f608c128ad8124ca7898e61564bf7d
Texture2D/icons8-checkmark-border-104.png,Texture,Assets/RecoveredOriginal/Texture/Texture2D/icons8-checkmark-border-104.png,a3956b37387556944b080bfaabdf8a74
Texture2D/icons8-close-window-48.png,Texture,Assets/RecoveredOriginal/Texture/Texture2D/icons8-close-window-48.png,624e4faa44043124aa95baf7df5ba4c9
Texture2D/icons8-close-window-96.png,Texture,Assets/RecoveredOriginal/Texture/Texture2D/icons8-close-window-96.png,3a34a472cb90aac47aca440438445e30
Texture2D/icons8-close-window.png,Texture,Assets/RecoveredOriginal/Texture/Texture2D/icons8-close-window.png,8b307a5f64929234f91f7cbd3908a8ac
Texture2D/icons8-code-96.png,Texture,Assets/RecoveredOriginal/Texture/Texture2D/icons8-code-96.png,5990a6018af764441a758729d48a59e1
Texture2D/icons8-collapse-arrow-48-black.png,Texture,Assets/RecoveredOriginal/Texture/Texture2D/icons8-collapse-arrow-48-black.png,268fb52f213091647985271863d3c178
Texture2D/icons8-collapse-arrow-48.png,Texture,Assets/RecoveredOriginal/Texture/Texture2D/icons8-collapse-arrow-48.png,c5546559bfc50b244a0a084951f6fed5
Texture2D/icons8-copy-48.png,Texture,Assets/RecoveredOriginal/Texture/Texture2D/icons8-copy-48.png,746a6d3ddf688264480355583c39c118
Texture2D/icons8-domaine-96.png,Texture,Assets/RecoveredOriginal/Texture/Texture2D/icons8-domaine-96.png,24d9be8abd04108429660268ca5dca15
Texture2D/icons8-error-64.png,Texture,Assets/RecoveredOriginal/Texture/Texture2D/icons8-error-64.png,2b7139298980df049bdf7698a9247b1a
Texture2D/icons8-expand-arrow-48.png,Texture,Assets/RecoveredOriginal/Texture/Texture2D/icons8-expand-arrow-48.png,08d80bc099c8be048b7c59ec31180885
Texture2D/icons8-filter-96.png,Texture,Assets/RecoveredOriginal/Texture/Texture2D/icons8-filter-96.png,5c6c71f391f80144fa9a1ec5286fe79b
Texture2D/icons8-gdpr-96.png,Texture,Assets/RecoveredOriginal/Texture/Texture2D/icons8-gdpr-96.png,905fff5cfb581e04b93d4b5d427e8273
Texture2D/icons8-high-priority-48.png,Texture,Assets/RecoveredOriginal/Texture/Texture2D/icons8-high-priority-48.png,9b6748d7e7f21934ca511cf9cb959685
Texture2D/icons8-hourglass-96.png,Texture,Assets/RecoveredOriginal/Texture/Texture2D/icons8-hourglass-96.png,1fd8668aa227ffd42833f67d37de8b75
Texture2D/icons8-info-256.png,Texture,Assets/RecoveredOriginal/Texture/Texture2D/icons8-info-256.png,4cea891e4881965449b6dcd2ea8ebd97
Texture2D/icons8-info-48.png,Texture,Assets/RecoveredOriginal/Texture/Texture2D/icons8-info-48.png,85b3ea7cb3ce60442a0fbe9605212bc6
Texture2D/icons8-key-48.png,Texture,Assets/RecoveredOriginal/Texture/Texture2D/icons8-key-48.png,0788e8e66f9d877488686ac500afd809
Texture2D/icons8-money-100.png,Texture,Assets/RecoveredOriginal/Texture/Texture2D/icons8-money-100.png,4cd8e44d2cbd13a46bb277b1608e9704
Texture2D/icons8-note-48.png,Texture,Assets/RecoveredOriginal/Texture/Texture2D/icons8-note-48.png,ea5eb746d014ca34fb098c61ce0c6e2b
Texture2D/icons8-pause-52.png,Texture,Assets/RecoveredOriginal/Texture/Texture2D/icons8-pause-52.png,f8f364a8d97ae964a92eec2d6ea8f6c7
Texture2D/icons8-play-52.png,Texture,Assets/RecoveredOriginal/Texture/Texture2D/icons8-play-52.png,338b2167e65cd5948adc0b11d4a64fb9
Texture2D/icons8-popup-background-104.png,Texture,Assets/RecoveredOriginal/Texture/Texture2D/icons8-popup-background-104.png,4b3de26cdd24f2e45adb3c800c179151
Texture2D/icons8-resize-vertical-52.png,Texture,Assets/RecoveredOriginal/Texture/Texture2D/icons8-resize-vertical-52.png,0bb111cd2084e74429c0fa5b5a5389cc
Texture2D/icons8-test-tube-48.png,Texture,Assets/RecoveredOriginal/Texture/Texture2D/icons8-test-tube-48.png,95fb1ce8961b6e7419aecc66c400da30
Texture2D/icons8-toggle-off-48.png,Texture,Assets/RecoveredOriginal/Texture/Texture2D/icons8-toggle-off-48.png,180c4cb4071c6d74dadb59d6516b3b76
Texture2D/icons8-toggle-on-48.png,Texture,Assets/RecoveredOriginal/Texture/Texture2D/icons8-toggle-on-48.png,7f4d87c60f9d11b45af4e27580ee7289
Texture2D/icons8-trash-208.png,Texture,Assets/RecoveredOriginal/Texture/Texture2D/icons8-trash-208.png,5b1402cd470e0344dbb9bf996f9d3fb6
Texture2D/Icon_0.png,Texture,Assets/RecoveredOriginal/Texture/Texture2D/Icon_0.png,7d21596569c2f6840baafdda39996154
Texture2D/image-1-splashScene.png,Texture,Assets/RecoveredOriginal/Texture/Texture2D/image-1-splashScene.png,6262a02a0596f88478afc20c7f00c3c7
Texture2D/image-2-splashScene.png,Texture,Assets/RecoveredOriginal/Texture/Texture2D/image-2-splashScene.png,cd5f822a2726212478f96215c0d9b4ed
Texture2D/image-dash-expand.png,Texture,Assets/RecoveredOriginal/Texture/Texture2D/image-dash-expand.png,cb09e25f500ce3c4eb01cd75cd15f831
Texture2D/indicator.png,Texture,Assets/RecoveredOriginal/Texture/Texture2D/indicator.png,38720deb9877060438fb3f7b1cbfcb9f
Texture2D/info-64.png,Texture,Assets/RecoveredOriginal/Texture/Texture2D/info-64.png,03e4aeb886dcd3244937ceb554cc0d9c
Texture2D/info-icon.png,Texture,Assets/RecoveredOriginal/Texture/Texture2D/info-icon.png,7be9f814671aedf48888fd16ebb4fe19
Texture2D/ingame-win.png,Texture,Assets/RecoveredOriginal/Texture/Texture2D/ingame-win.png,bfb9bc1059f4bef4e82565e9839f199c
Texture2D/Large01.png,Texture,Assets/RecoveredOriginal/Texture/Texture2D/Large01.png,6b028cd4b066c4e448f539578740a9c6
Texture2D/Large02.png,Texture,Assets/RecoveredOriginal/Texture/Texture2D/Large02.png,ee34ea7e579ad1445ba78af699231bae
Texture2D/LDR_LLL1_0.png,Texture,Assets/RecoveredOriginal/Texture/Texture2D/LDR_LLL1_0.png,5e2ceb3b2c797524eb1744c9ee606d9e
Texture2D/LDR_LLL1_0_0.png,Texture,Assets/RecoveredOriginal/Texture/Texture2D/LDR_LLL1_0_0.png,2670b93f34f971d4da3bea0d02970493
Texture2D/LDR_LLL1_1.png,Texture,Assets/RecoveredOriginal/Texture/Texture2D/LDR_LLL1_1.png,acf7df2608debe947bd342367f89e0db
Texture2D/LDR_LLL1_10.png,Texture,Assets/RecoveredOriginal/Texture/Texture2D/LDR_LLL1_10.png,6587f6c4b2a39d741a3c72d51280f01e
Texture2D/LDR_LLL1_11.png,Texture,Assets/RecoveredOriginal/Texture/Texture2D/LDR_LLL1_11.png,fcae5d70085a61544a170874e6a403a9
Texture2D/LDR_LLL1_12.png,Texture,Assets/RecoveredOriginal/Texture/Texture2D/LDR_LLL1_12.png,35784732153bd7c4b927db4984384d7f
Texture2D/LDR_LLL1_13.png,Texture,Assets/RecoveredOriginal/Texture/Texture2D/LDR_LLL1_13.png,cf4dbecbfb8d4ca4c8e4f76a2fe53871
Texture2D/LDR_LLL1_14.png,Texture,Assets/RecoveredOriginal/Texture/Texture2D/LDR_LLL1_14.png,b5bb39cd98df36a43838c176c0396a45
Texture2D/LDR_LLL1_15.png,Texture,Assets/RecoveredOriginal/Texture/Texture2D/LDR_LLL1_15.png,afd9e16fea8cb9c479ecf457c51ea783
Texture2D/LDR_LLL1_16.png,Texture,Assets/RecoveredOriginal/Texture/Texture2D/LDR_LLL1_16.png,6971ef9f869b95844aec9831ea10436f
Texture2D/LDR_LLL1_17.png,Texture,Assets/RecoveredOriginal/Texture/Texture2D/LDR_LLL1_17.png,3dbbdfe90723c0f49b0fb881b43c0655
Texture2D/LDR_LLL1_18.png,Texture,Assets/RecoveredOriginal/Texture/Texture2D/LDR_LLL1_18.png,bc1e0da63e217f0458eb1670b9a08e25
Texture2D/LDR_LLL1_19.png,Texture,Assets/RecoveredOriginal/Texture/Texture2D/LDR_LLL1_19.png,5f974e4fa975afa4db201ccfd7ef005c
Texture2D/LDR_LLL1_2.png,Texture,Assets/RecoveredOriginal/Texture/Texture2D/LDR_LLL1_2.png,1cf73bbad7ee7f34098b73aa1daf8c7c
Texture2D/LDR_LLL1_20.png,Texture,Assets/RecoveredOriginal/Texture/Texture2D/LDR_LLL1_20.png,204e5060ca5ac25498cff2579b83389a
Texture2D/LDR_LLL1_21.png,Texture,Assets/RecoveredOriginal/Texture/Texture2D/LDR_LLL1_21.png,1eb92d55c102909489ef4e5f69adaff8
Texture2D/LDR_LLL1_22.png,Texture,Assets/RecoveredOriginal/Texture/Texture2D/LDR_LLL1_22.png,4d4839b7057b9ae4ba548a0a87fd9c47
Texture2D/LDR_LLL1_23.png,Texture,Assets/RecoveredOriginal/Texture/Texture2D/LDR_LLL1_23.png,6605b7e26d897e344bf6ccb95436bd25
Texture2D/LDR_LLL1_24.png,Texture,Assets/RecoveredOriginal/Texture/Texture2D/LDR_LLL1_24.png,f4c4668bc252dfa49a51e9535769d1dd
Texture2D/LDR_LLL1_25.png,Texture,Assets/RecoveredOriginal/Texture/Texture2D/LDR_LLL1_25.png,fa8bac0475dfb7f4c845bc69668a5ce3
Texture2D/LDR_LLL1_26.png,Texture,Assets/RecoveredOriginal/Texture/Texture2D/LDR_LLL1_26.png,2abfca6f5d625bf48bda45e8dfeb9c17
Texture2D/LDR_LLL1_27.png,Texture,Assets/RecoveredOriginal/Texture/Texture2D/LDR_LLL1_27.png,634055fe4e7cd3043a1e83baf2338b0e
Texture2D/LDR_LLL1_28.png,Texture,Assets/RecoveredOriginal/Texture/Texture2D/LDR_LLL1_28.png,8c468d1b24869b240a822c2a1fd37677
Texture2D/LDR_LLL1_29.png,Texture,Assets/RecoveredOriginal/Texture/Texture2D/LDR_LLL1_29.png,a412806fc76c7e64aa85ccdf663d2025
Texture2D/LDR_LLL1_3.png,Texture,Assets/RecoveredOriginal/Texture/Texture2D/LDR_LLL1_3.png,54ca4002cfbd7ad48a40dc960d23f6b3
Texture2D/LDR_LLL1_30.png,Texture,Assets/RecoveredOriginal/Texture/Texture2D/LDR_LLL1_30.png,56012c049ccfc92468828511d3ef4ef6
Texture2D/LDR_LLL1_31.png,Texture,Assets/RecoveredOriginal/Texture/Texture2D/LDR_LLL1_31.png,6b3c3d11e35903f41a22c16b77299c6b
Texture2D/LDR_LLL1_4.png,Texture,Assets/RecoveredOriginal/Texture/Texture2D/LDR_LLL1_4.png,c3fd6e75b8742bb4da1ab0b604a74920
Texture2D/LDR_LLL1_5.png,Texture,Assets/RecoveredOriginal/Texture/Texture2D/LDR_LLL1_5.png,eee1d819f053db24389d4916284d52f9
Texture2D/LDR_LLL1_6.png,Texture,Assets/RecoveredOriginal/Texture/Texture2D/LDR_LLL1_6.png,e27e97e747d5c3c49b494ee62aa77e7f
Texture2D/LDR_LLL1_7.png,Texture,Assets/RecoveredOriginal/Texture/Texture2D/LDR_LLL1_7.png,f61a4260c36050142b007a5ff030d626
Texture2D/LDR_LLL1_8.png,Texture,Assets/RecoveredOriginal/Texture/Texture2D/LDR_LLL1_8.png,4ce02763dd12efb46a132ebda73cf483
Texture2D/LDR_LLL1_9.png,Texture,Assets/RecoveredOriginal/Texture/Texture2D/LDR_LLL1_9.png,7898b1185e98a994c8f779e74cf6bc4f
Texture2D/LiberationSans SDF Atlas.png,Texture,Assets/RecoveredOriginal/Texture/Texture2D/LiberationSans SDF Atlas.png,b96334a3db2a7ec47a5d6260c66af0e1
Texture2D/light (1).png,Texture,Assets/RecoveredOriginal/Texture/Texture2D/light (1).png,5d614a004fe50a74386d814d749c1d60
Texture2D/light-2.png,Texture,Assets/RecoveredOriginal/Texture/Texture2D/light-2.png,d33372455e8e4e841adac0626ad0fc54
Texture2D/light-congrats.png,Texture,Assets/RecoveredOriginal/Texture/Texture2D/light-congrats.png,383c45ac77fd1144bb24f2f6e05b1cf6
Texture2D/light-congrats_0.png,Texture,Assets/RecoveredOriginal/Texture/Texture2D/light-congrats_0.png,c5d6f4bf9754e3b4bac36b569854103a
Texture2D/light-upgrade.png,Texture,Assets/RecoveredOriginal/Texture/Texture2D/light-upgrade.png,2e6f0ac379d485b469ff1500b8217a01
Texture2D/light-yellow-v2 1.png,Texture,Assets/RecoveredOriginal/Texture/Texture2D/light-yellow-v2 1.png,e0ed0be498c5ad144b7a5187fa69dc32
Texture2D/light.png,Texture,Assets/RecoveredOriginal/Texture/Texture2D/light.png,06281b70ad305ab40a84e24edc635577
Texture2D/lightray2.png,Texture,Assets/RecoveredOriginal/Texture/Texture2D/lightray2.png,92091659c0621834e992b19c9c63dfbf
Texture2D/light_0.png,Texture,Assets/RecoveredOriginal/Texture/Texture2D/light_0.png,a84edf1cf2177994ca9bf110defcb962
Texture2D/LilitaOne-Regular SDF Atlas.png,Texture,Assets/RecoveredOriginal/Texture/Texture2D/LilitaOne-Regular SDF Atlas.png,1f8e6655fbc310e4ba6187ac0c3f35ca
Texture2D/LilitaOne-Regular SDF Atlas_0.png,Texture,Assets/RecoveredOriginal/Texture/Texture2D/LilitaOne-Regular SDF Atlas_0.png,a961b39094fea52419238ebed3bb731d
Texture2D/LilitaOne-Regular SDF Atlas_1.png,Texture,Assets/RecoveredOriginal/Texture/Texture2D/LilitaOne-Regular SDF Atlas_1.png,15ddd9ef9cd7aa4479422840de84205c
Texture2D/LilitaOne-Regular SDF Atlas_2.png,Texture,Assets/RecoveredOriginal/Texture/Texture2D/LilitaOne-Regular SDF Atlas_2.png,5f4351eeac5bd6d4ba3a86226c0cbde0
Texture2D/LilitaOne-Regular SDF Atlas_3.png,Texture,Assets/RecoveredOriginal/Texture/Texture2D/LilitaOne-Regular SDF Atlas_3.png,5efaccefea250794b94b75c7999e4096
Texture2D/LilitaOne-Regular SDF Atlas_4.png,Texture,Assets/RecoveredOriginal/Texture/Texture2D/LilitaOne-Regular SDF Atlas_4.png,74272e214388628469a97d13a2c891fb
Texture2D/LilitaOne-Regular SDF Atlas_5.png,Texture,Assets/RecoveredOriginal/Texture/Texture2D/LilitaOne-Regular SDF Atlas_5.png,50205bf8240312e4e9e6521b85c3c9db
Texture2D/LilitaOne-Regular SDF Atlas_6.png,Texture,Assets/RecoveredOriginal/Texture/Texture2D/LilitaOne-Regular SDF Atlas_6.png,8e6b816a2c2802846b45f4d5348e445a
Texture2D/LilitaOne-Regular SDF Atlas_7.png,Texture,Assets/RecoveredOriginal/Texture/Texture2D/LilitaOne-Regular SDF Atlas_7.png,0b303d207a6a1b24ba294db190247d31
Texture2D/LilitaOne-Regular SDF Atlas_8.png,Texture,Assets/RecoveredOriginal/Texture/Texture2D/LilitaOne-Regular SDF Atlas_8.png,97aff4098cb9dc44fb68c9caa388d246
Texture2D/LilitaOne-Regular SDF Atlas_9.png,Texture,Assets/RecoveredOriginal/Texture/Texture2D/LilitaOne-Regular SDF Atlas_9.png,11de2a44ccac8954f8a6922d2eb0577f
Texture2D/loading@2x.png,Texture,Assets/RecoveredOriginal/Texture/Texture2D/loading@2x.png,86347a35acf584a4bafb301f846226bd
Texture2D/Lock_Color.png,Texture,Assets/RecoveredOriginal/Texture/Texture2D/Lock_Color.png,849c5f8cef5937641b59ac12d45c5333
Texture2D/logo.png,Texture,Assets/RecoveredOriginal/Texture/Texture2D/logo.png,9046da3e3f7e05b46bd9416f9129ed54
Texture2D/Logo@2x.png,Texture,Assets/RecoveredOriginal/Texture/Texture2D/Logo@2x.png,284a391bacf289b49b88271a43c6b08d
Texture2D/magic_line.png,Texture,Assets/RecoveredOriginal/Texture/Texture2D/magic_line.png,1d9ced1ce8aa123449ccc66c1e8a905f
Texture2D/MakeUp_1.png,Texture,Assets/RecoveredOriginal/Texture/Texture2D/MakeUp_1.png,6b34f11dd9b005048861403a09649965
Texture2D/Mask.png,Texture,Assets/RecoveredOriginal/Texture/Texture2D/Mask.png,1978a84e9cec1f646aa7b61ea8a15ad5
Texture2D/Medium01.png,Texture,Assets/RecoveredOriginal/Texture/Texture2D/Medium01.png,39384b6869559c042844f6d1479bf842
Texture2D/Medium02.png,Texture,Assets/RecoveredOriginal/Texture/Texture2D/Medium02.png,d6a81ec86d2161942b701448746987bb
Texture2D/Medium03.png,Texture,Assets/RecoveredOriginal/Texture/Texture2D/Medium03.png,969ece1097bd27e4eba844ba5eb2dc80
Texture2D/Medium04.png,Texture,Assets/RecoveredOriginal/Texture/Texture2D/Medium04.png,ee6f37a863ad3314cbcdd8739148d6b1
Texture2D/Medium05.png,Texture,Assets/RecoveredOriginal/Texture/Texture2D/Medium05.png,232e2547fddee17409d0f27e5af2f3dc
Texture2D/Medium06.png,Texture,Assets/RecoveredOriginal/Texture/Texture2D/Medium06.png,ddba6a400d3350f49953d4f8a87d1410
Texture2D/menu-32.png,Texture,Assets/RecoveredOriginal/Texture/Texture2D/menu-32.png,a936faaa73c348b44864caa7be7c71f5
Texture2D/menu-50.png,Texture,Assets/RecoveredOriginal/Texture/Texture2D/menu-50.png,8c43991a80b2d5f4dbb22efaad057c2c
Texture2D/New_Project_14.png,Texture,Assets/RecoveredOriginal/Texture/Texture2D/New_Project_14.png,a18a3472b868fa6468ed70596e6337f5
Texture2D/NumberButton_Fill@2x.png,Texture,Assets/RecoveredOriginal/Texture/Texture2D/NumberButton_Fill@2x.png,c14378951c1d4c84d8ac7de25adeb08a
Texture2D/NumberButton_Outline@2x.png,Texture,Assets/RecoveredOriginal/Texture/Texture2D/NumberButton_Outline@2x.png,77410b86c71b78340b145652ab7c289f
Texture2D/OkeyIcon.png,Texture,Assets/RecoveredOriginal/Texture/Texture2D/OkeyIcon.png,3075622a9137b1347b62f0c0883846f8
Texture2D/options.png,Texture,Assets/RecoveredOriginal/Texture/Texture2D/options.png,a95a68bd294aa0f46b6f60de48e5b73d
Texture2D/OrangeFull.png,Texture,Assets/RecoveredOriginal/Texture/Texture2D/OrangeFull.png,8f27c29944cd1a443919c8c0acf61a4c
Texture2D/outline-64.png,Texture,Assets/RecoveredOriginal/Texture/Texture2D/outline-64.png,1653137fecd305c4f859508135062384
Texture2D/outline-line.png,Texture,Assets/RecoveredOriginal/Texture/Texture2D/outline-line.png,336e1c62633b4b049b54bd0f2afe9a19
Texture2D/PaintBlueTiles.png,Texture,Assets/RecoveredOriginal/Texture/Texture2D/PaintBlueTiles.png,76118eb2284393d4287e749ea1f8f4b7
Texture2D/PaintGreenTiles.png,Texture,Assets/RecoveredOriginal/Texture/Texture2D/PaintGreenTiles.png,4423ce50cdfd0ef4c89d4abf5130eed6
Texture2D/PaintTiles.png,Texture,Assets/RecoveredOriginal/Texture/Texture2D/PaintTiles.png,73ef2af4594c719449165fc0c167dd55
Texture2D/palette-downwell.png,Texture,Assets/RecoveredOriginal/Texture/Texture2D/palette-downwell.png,7b5ba4d8f08ab7b4c863dc940ed31ccc
Texture2D/Pattern-Stripe.png,Texture,Assets/RecoveredOriginal/Texture/Texture2D/Pattern-Stripe.png,e9456ba74f26bdd48852a0976674294d
Texture2D/Perfumes_1.png,Texture,Assets/RecoveredOriginal/Texture/Texture2D/Perfumes_1.png,bb5216fbb2de6ed48a4902ff7774e2e6
Texture2D/pin-50.png,Texture,Assets/RecoveredOriginal/Texture/Texture2D/pin-50.png,b24376089fe2b6d4daa01425f11c7ddb
Texture2D/PinDot_Fill@2x.png,Texture,Assets/RecoveredOriginal/Texture/Texture2D/PinDot_Fill@2x.png,974f4ec083373764abd5bc9d43c44a2b
Texture2D/PinDot_Outline@2x.png,Texture,Assets/RecoveredOriginal/Texture/Texture2D/PinDot_Outline@2x.png,b8775ac7df07e6d499425f8b2dc7d3d8
Texture2D/polySpriteGlow.png,Texture,Assets/RecoveredOriginal/Texture/Texture2D/polySpriteGlow.png,505f5a153d4b18e458712779dcacbb68
Texture2D/prize.png,Texture,Assets/RecoveredOriginal/Texture/Texture2D/prize.png,3f74c39d87c5d9e4e8c8947410198d5c
Texture2D/quest-popUp-reward.png,Texture,Assets/RecoveredOriginal/Texture/Texture2D/quest-popUp-reward.png,fbccc6c2f9d101a4ab9d639eced0a3a3
Texture2D/quest-popUp.png,Texture,Assets/RecoveredOriginal/Texture/Texture2D/quest-popUp.png,a00f08e764f9273459b9bcb3674e50a3
Texture2D/question.png,Texture,Assets/RecoveredOriginal/Texture/Texture2D/question.png,bf48f4a88be0ff8409a599353eb211ea
Texture2D/rainbow.png,Texture,Assets/RecoveredOriginal/Texture/Texture2D/rainbow.png,bb16777cefd9e7b4985ebdf96fce8ab0
Texture2D/recording_logo_off.png,Texture,Assets/RecoveredOriginal/Texture/Texture2D/recording_logo_off.png,6bbdc2095e8d65745a854b55a564d9d7
Texture2D/recording_logo_on.png,Texture,Assets/RecoveredOriginal/Texture/Texture2D/recording_logo_on.png,1dfc93fda6abcb942829b00ff8027aa8
Texture2D/Rectangle 8416.png,Texture,Assets/RecoveredOriginal/Texture/Texture2D/Rectangle 8416.png,f4070c04b59a8f1419bd5e60d88ab26a
Texture2D/refresh-50.png,Texture,Assets/RecoveredOriginal/Texture/Texture2D/refresh-50.png,247a7fab07da08b45a8dd09c3b78c36e
Texture2D/ref_noads_popup.png,Texture,Assets/RecoveredOriginal/Texture/Texture2D/ref_noads_popup.png,457a27b6e74b8ee48be085eacdf42fcb
Texture2D/ref_reward_chest.png,Texture,Assets/RecoveredOriginal/Texture/Texture2D/ref_reward_chest.png,e969ef74f319e97458f93ac497ebeac9
Texture2D/ReportAdInfo.png,Texture,Assets/RecoveredOriginal/Texture/Texture2D/ReportAdInfo.png,c099190ba5260dc4c931f65f56b8430f
Texture2D/RevealCards.png,Texture,Assets/RecoveredOriginal/Texture/Texture2D/RevealCards.png,fabc488a3af0ce540ae25763bc320da8
Texture2D/Rewards BG.png,Texture,Assets/RecoveredOriginal/Texture/Texture2D/Rewards BG.png,cfa778d817cbe9d48afdff832323a033
Texture2D/Reward_Cell_Bg_Active.png,Texture,Assets/RecoveredOriginal/Texture/Texture2D/Reward_Cell_Bg_Active.png,7608cdad4b6df6540a8cee94e26c17f4
Texture2D/Reward_Cell_Bg_Deactive.png,Texture,Assets/RecoveredOriginal/Texture/Texture2D/Reward_Cell_Bg_Deactive.png,622eb02a18ad0f040976312b8d192c1f
Texture2D/Reward_Cell_Bg_Pressed.png,Texture,Assets/RecoveredOriginal/Texture/Texture2D/Reward_Cell_Bg_Pressed.png,81c561d465119664ca4e431cdde57ab9
Texture2D/ribbon-blue-v2.png,Texture,Assets/RecoveredOriginal/Texture/Texture2D/ribbon-blue-v2.png,148a36b982eee1940816ed89a5a0da48
Texture2D/ribbon-blue.png,Texture,Assets/RecoveredOriginal/Texture/Texture2D/ribbon-blue.png,7739b9ea1d0d3964eafb3fcc53fe65d2
Texture2D/ribbon-green-v2.png,Texture,Assets/RecoveredOriginal/Texture/Texture2D/ribbon-green-v2.png,ea751b530c86f0943acd59d952d84db6
Texture2D/ribbon-purple-v2.png,Texture,Assets/RecoveredOriginal/Texture/Texture2D/ribbon-purple-v2.png,59a951dce15454c44842ddd1f0097374
Texture2D/ribbon-red-v2.png,Texture,Assets/RecoveredOriginal/Texture/Texture2D/ribbon-red-v2.png,1ee299ac0bcc60d44ba93ed547588e0b
Texture2D/ribbon-yellow-v2.png,Texture,Assets/RecoveredOriginal/Texture/Texture2D/ribbon-yellow-v2.png,16497a0ed83cb8e40978d30186dcdf8c
Texture2D/ring.png,Texture,Assets/RecoveredOriginal/Texture/Texture2D/ring.png,20a494df723b9b447b43d9a87eede00b
Texture2D/rounded-frame.png,Texture,Assets/RecoveredOriginal/Texture/Texture2D/rounded-frame.png,8915e7715b731a34eaf6a80a617f51ba
Texture2D/rounded-rectangle.png,Texture,Assets/RecoveredOriginal/Texture/Texture2D/rounded-rectangle.png,f94c4bef60bba1048baad75634c8bcce
Texture2D/RoundedCorner-2px@2x.png,Texture,Assets/RecoveredOriginal/Texture/Texture2D/RoundedCorner-2px@2x.png,515f8a724b44e2844ab0e1dff59b021c
Texture2D/RoundedCorner-5px@2x.png,Texture,Assets/RecoveredOriginal/Texture/Texture2D/RoundedCorner-5px@2x.png,8a8530ccb43e97041937aa63cc29bfa9
Texture2D/sand-quest-2.png,Texture,Assets/RecoveredOriginal/Texture/Texture2D/sand-quest-2.png,abcdfc330ab8c6e4c84e6cff58d98969
Texture2D/Sand.png,Texture,Assets/RecoveredOriginal/Texture/Texture2D/Sand.png,8b7e1f70c41864647b4ab4f0db73a27d
Texture2D/School_1.png,Texture,Assets/RecoveredOriginal/Texture/Texture2D/School_1.png,1259881fa4a4a394eb5812c577348b12
Texture2D/sdk-512.png,Texture,Assets/RecoveredOriginal/Texture/Texture2D/sdk-512.png,a22b7c572d4c2014a8858398167507ae
Texture2D/seamlessNoise.png,Texture,Assets/RecoveredOriginal/Texture/Texture2D/seamlessNoise.png,1a5f8a12722133747ab3bdd85765e9ed
Texture2D/SearchTex.png,Texture,Assets/RecoveredOriginal/Texture/Texture2D/SearchTex.png,9b8530ed6932ce143a2914226da98328
Texture2D/separator.png,Texture,Assets/RecoveredOriginal/Texture/Texture2D/separator.png,3ced2f27001f4f843b57a802aa77ecbe
Texture2D/seperator-navbar.png,Texture,Assets/RecoveredOriginal/Texture/Texture2D/seperator-navbar.png,ab2fe9aa167424a4fa64260e5ecab305
Texture2D/seperator-popUp-booster.png,Texture,Assets/RecoveredOriginal/Texture/Texture2D/seperator-popUp-booster.png,990200fe08455a2468d66d27e8870563
Texture2D/SETTINGS.png,Texture,Assets/RecoveredOriginal/Texture/Texture2D/SETTINGS.png,85fd5a72afb52ee468bbcba8ee995e2e
Texture2D/shadow-talentTree.png,Texture,Assets/RecoveredOriginal/Texture/Texture2D/shadow-talentTree.png,187d086d059323d4eb05ac342934f7c2
Texture2D/shadow.png,Texture,Assets/RecoveredOriginal/Texture/Texture2D/shadow.png,24bcf743a5f78a04ea24cf15768b7b96
Texture2D/Shadow2.png,Texture,Assets/RecoveredOriginal/Texture/Texture2D/Shadow2.png,b2fb613f4dfd6b64e8ac537bb2d09f22
Texture2D/Shadow_0.png,Texture,Assets/RecoveredOriginal/Texture/Texture2D/Shadow_0.png,833212ee81573fd48bf31b6178ccf691
Texture2D/Shadow_White.png,Texture,Assets/RecoveredOriginal/Texture/Texture2D/Shadow_White.png,99a8d8505f06c6040bd55093967dae25
Texture2D/Shop.png,Texture,Assets/RecoveredOriginal/Texture/Texture2D/Shop.png,5fe499a0390e78f47b1e2e321e5e3765
Texture2D/ShotsFired.png,Texture,Assets/RecoveredOriginal/Texture/Texture2D/ShotsFired.png,3fb6a29f6fe5e8f49ba78fc089360d68
Texture2D/snowflake.png,Texture,Assets/RecoveredOriginal/Texture/Texture2D/snowflake.png,34cf01f37d204be4582c54e49a87997d
Texture2D/sound_off.png,Texture,Assets/RecoveredOriginal/Texture/Texture2D/sound_off.png,b3c3300263260fe45ab6be6b020ccd96
Texture2D/sound_on.png,Texture,Assets/RecoveredOriginal/Texture/Texture2D/sound_on.png,cf30e27bc208a6c41b8f61f0596dc11a
Texture2D/sparkle.png,Texture,Assets/RecoveredOriginal/Texture/Texture2D/sparkle.png,eb62b07af902a7f4d8dad710e018e302
Texture2D/sparkle3.png,Texture,Assets/RecoveredOriginal/Texture/Texture2D/sparkle3.png,111b2d03bedbdc34a8dfe005e4ff5e48
Texture2D/speaker-icon.png,Texture,Assets/RecoveredOriginal/Texture/Texture2D/speaker-icon.png,4e8622368edf8c04ba811c8f95ebb369
Texture2D/spider-64.png,Texture,Assets/RecoveredOriginal/Texture/Texture2D/spider-64.png,862cd08239349564ea98ce8a2995f9ee
Texture2D/spinner.png,Texture,Assets/RecoveredOriginal/Texture/Texture2D/spinner.png,4ee2510786cb14d42a3eba50ccfbe9ec
Texture2D/Splash.png,Texture,Assets/RecoveredOriginal/Texture/Texture2D/Splash.png,9ac6e5ae5e100084cb0f404be87912b5
Texture2D/SplashScreen.png,Texture,Assets/RecoveredOriginal/Texture/Texture2D/SplashScreen.png,a3fa60266729b8943888d35c60941188
Texture2D/Square.png,Texture,Assets/RecoveredOriginal/Texture/Texture2D/Square.png,fcd206d8547f04c4384d7b71015f9519
Texture2D/star.png,Texture,Assets/RecoveredOriginal/Texture/Texture2D/star.png,db66028663d08bf4fb418efa43664f2a
Texture2D/StarDisableSprite.png,Texture,Assets/RecoveredOriginal/Texture/Texture2D/StarDisableSprite.png,a54e64e046988fd49920c601c95b53b4
Texture2D/StarEnableSprite.png,Texture,Assets/RecoveredOriginal/Texture/Texture2D/StarEnableSprite.png,7deb8defc5adb71449e93eaef1c175c0
Texture2D/stompy_white_128.png,Texture,Assets/RecoveredOriginal/Texture/Texture2D/stompy_white_128.png,868a6b7c28138d049a7286cd8debb909
Texture2D/stop-icon.png,Texture,Assets/RecoveredOriginal/Texture/Texture2D/stop-icon.png,7b42565773ecc7549b3356d94c7acc40
Texture2D/Superb!Gif (1).png,Texture,Assets/RecoveredOriginal/Texture/Texture2D/Superb!Gif (1).png,ca143e1a105aaba4ca5f55b5fe85ae0b
Texture2D/SwapIcon.png,Texture,Assets/RecoveredOriginal/Texture/Texture2D/SwapIcon.png,0542cfced93da3d45bccb48534f06ad5
Texture2D/SwapIcon_0.png,Texture,Assets/RecoveredOriginal/Texture/Texture2D/SwapIcon_0.png,5de6e2f7a62b89548b5327e111673396
Texture2D/TaskLoaderOutline.png,Texture,Assets/RecoveredOriginal/Texture/Texture2D/TaskLoaderOutline.png,84dc58a01fb4b734db334dcdc928bb50
Texture2D/text-booster.png,Texture,Assets/RecoveredOriginal/Texture/Texture2D/text-booster.png,368e48869779720419b4f9bd167cd76d
Texture2D/text-congrats-v2.png,Texture,Assets/RecoveredOriginal/Texture/Texture2D/text-congrats-v2.png,df662b8806289fe4988999145240672a
Texture2D/text-exit.png,Texture,Assets/RecoveredOriginal/Texture/Texture2D/text-exit.png,3ee4b62a1eb00704880f30e353518ca6
Texture2D/text-hardLevel-v2.png,Texture,Assets/RecoveredOriginal/Texture/Texture2D/text-hardLevel-v2.png,6dacc7b46dc6d0843bfad99b5f95432a
Texture2D/text-levelCompleted-v2.png,Texture,Assets/RecoveredOriginal/Texture/Texture2D/text-levelCompleted-v2.png,0c99e0ebb4fc8b34cb1f90d30586b566
Texture2D/text-newArtStyle-v2.png,Texture,Assets/RecoveredOriginal/Texture/Texture2D/text-newArtStyle-v2.png,91ba3706123c2e84dac8027550c5bb19
Texture2D/text-newFeature-v2.png,Texture,Assets/RecoveredOriginal/Texture/Texture2D/text-newFeature-v2.png,35dcd60091f3827499a08e65060d25c0
Texture2D/text-noMoreLives.png,Texture,Assets/RecoveredOriginal/Texture/Texture2D/text-noMoreLives.png,4327875b98e95ca43b1d89b0fb20dc78
Texture2D/text-remove_ads.png,Texture,Assets/RecoveredOriginal/Texture/Texture2D/text-remove_ads.png,70c79a346a1f68f44876787935d51098
Texture2D/text-tryAgain-v2.png,Texture,Assets/RecoveredOriginal/Texture/Texture2D/text-tryAgain-v2.png,cf01b9a494cffdd46a17792e1bd3898c
Texture2D/text_ah_zz.png,Texture,Assets/RecoveredOriginal/Texture/Texture2D/text_ah_zz.png,16485885ca91a7445b39131b5f9233eb
Texture2D/Thin01.png,Texture,Assets/RecoveredOriginal/Texture/Texture2D/Thin01.png,73e3567b2aa72674ba207ddb5860b08d
Texture2D/Thin02.png,Texture,Assets/RecoveredOriginal/Texture/Texture2D/Thin02.png,607f9185795d14240a9bc26f769af165
Texture2D/timerIcon.png,Texture,Assets/RecoveredOriginal/Texture/Texture2D/timerIcon.png,19a84d048ca623d44bbe50dc3a6b8fad
Texture2D/Timer_Bg.png,Texture,Assets/RecoveredOriginal/Texture/Texture2D/Timer_Bg.png,d458c2c958c003544ad6b3c2b204c3f6
Texture2D/ToggleOff.png,Texture,Assets/RecoveredOriginal/Texture/Texture2D/ToggleOff.png,ad7e3a508dbc96e42a30a3cc6e400d58
Texture2D/ToggleOn.png,Texture,Assets/RecoveredOriginal/Texture/Texture2D/ToggleOn.png,4b8f2e519c5460b4eaee6e567080db9b
Texture2D/Transition-Horizontal.png,Texture,Assets/RecoveredOriginal/Texture/Texture2D/Transition-Horizontal.png,2bd7e0295cdd3b34e93c6d6106feb444
Texture2D/trash2-32.png,Texture,Assets/RecoveredOriginal/Texture/Texture2D/trash2-32.png,e801a89486032c24ea21f8be02a1aed0
Texture2D/trash2-50.png,Texture,Assets/RecoveredOriginal/Texture/Texture2D/trash2-50.png,2983ddc6d44e0974bb930a27f621ef2f
Texture2D/triangle_soft.png,Texture,Assets/RecoveredOriginal/Texture/Texture2D/triangle_soft.png,4d497988c8c1bc449af0b2ca66dba358
Texture2D/TryAgain Text.png,Texture,Assets/RecoveredOriginal/Texture/Texture2D/TryAgain Text.png,bc837b8822ee69f48882a61d7c68c9fc
Texture2D/Tutorial.png,Texture,Assets/RecoveredOriginal/Texture/Texture2D/Tutorial.png,c77f53acb0ed15c4eada3fb8f335469c
Texture2D/tutorial_hand_3 (1).png,Texture,Assets/RecoveredOriginal/Texture/Texture2D/tutorial_hand_3 (1).png,4f3445afca53b714fa1426888ee3da40
Texture2D/txt_omg.png,Texture,Assets/RecoveredOriginal/Texture/Texture2D/txt_omg.png,36d725437eadd3b4fa3bea25a04e6118
Texture2D/UICheckMark.png,Texture,Assets/RecoveredOriginal/Texture/Texture2D/UICheckMark.png,a8e493733229f5543bd19e58f0f94903
Texture2D/UIElement8px.png,Texture,Assets/RecoveredOriginal/Texture/Texture2D/UIElement8px.png,f089c4051617cca438925b1facfed876
Texture2D/UIFoldoutClosed.png,Texture,Assets/RecoveredOriginal/Texture/Texture2D/UIFoldoutClosed.png,1a2843d4e85ba284491c9433e788abee
Texture2D/UIFoldoutOpened.png,Texture,Assets/RecoveredOriginal/Texture/Texture2D/UIFoldoutOpened.png,d9fe52dc904c9474da3230d9cf1c407f
Texture2D/UseExtraSlotIcon.png,Texture,Assets/RecoveredOriginal/Texture/Texture2D/UseExtraSlotIcon.png,1b89cd204a8facf45a86811855ec892b
Texture2D/Victory.png,Texture,Assets/RecoveredOriginal/Texture/Texture2D/Victory.png,20d28cfe402a5f24d8b3c77822c2d5cb
Texture2D/victory_2 1.png,Texture,Assets/RecoveredOriginal/Texture/Texture2D/victory_2 1.png,54558e8a60c8d2a48bd5043d865e231c
Texture2D/voodoo-logo-noir.png,Texture,Assets/RecoveredOriginal/Texture/Texture2D/voodoo-logo-noir.png,2f7fa21db554a064992459e1ccd41900
Texture2D/VoodooLogoSquare.png,Texture,Assets/RecoveredOriginal/Texture/Texture2D/VoodooLogoSquare.png,11b44eb4c1b33d34191c1ab718cb4125
Texture2D/VoxelEdgeGlow.png,Texture,Assets/RecoveredOriginal/Texture/Texture2D/VoxelEdgeGlow.png,43452ca37a78a9049aa77e58955108b8
Texture2D/VoxelWhite.png,Texture,Assets/RecoveredOriginal/Texture/Texture2D/VoxelWhite.png,d7b1f47324177fd46a56afe14fb378f3
Texture2D/vs-logo.png,Texture,Assets/RecoveredOriginal/Texture/Texture2D/vs-logo.png,3f10c95bdf86d194db3154b4a869dff5
Texture2D/WeeklyTask-2.png,Texture,Assets/RecoveredOriginal/Texture/Texture2D/WeeklyTask-2.png,4eba63a78a63a974784c9a98e8a86d60
Texture2D/WeeklyTaskIcon.png,Texture,Assets/RecoveredOriginal/Texture/Texture2D/WeeklyTaskIcon.png,bb1bd858dbc7ff84c8cbb867bf6a4989
Texture2D/WeeklyTaskTaskBG.png,Texture,Assets/RecoveredOriginal/Texture/Texture2D/WeeklyTaskTaskBG.png,f5af4d9a99db5d543a32f7d5557a9674
Texture2D/WeeklyTaskWidgetActive.png,Texture,Assets/RecoveredOriginal/Texture/Texture2D/WeeklyTaskWidgetActive.png,3c2ded91ac22b434593ac33d08e35f23
Texture2D/WeeklyTaskWidgetDeactive.png,Texture,Assets/RecoveredOriginal/Texture/Texture2D/WeeklyTaskWidgetDeactive.png,c6f65c8f438afb14387479ed54ac67be
Texture2D/WeeklyTaskWidgetPressed.png,Texture,Assets/RecoveredOriginal/Texture/Texture2D/WeeklyTaskWidgetPressed.png,bfd6f0462012aef4f9b095dc381d8067
Texture2D/WeeklyTask_LoaderBG.png,Texture,Assets/RecoveredOriginal/Texture/Texture2D/WeeklyTask_LoaderBG.png,0e019dce7c27c104ba68a1abd48bf64d
Texture2D/WellDoneText.png,Texture,Assets/RecoveredOriginal/Texture/Texture2D/WellDoneText.png,c941a747fe7dc90449e5e7fecf52cff2
Texture2D/White1px.png,Texture,Assets/RecoveredOriginal/Texture/Texture2D/White1px.png,3e486cb009499794e956c62cd675ec72
Texture2D/wings-2.png,Texture,Assets/RecoveredOriginal/Texture/Texture2D/wings-2.png,711fd2bfb07eb50419a3ef3d918cf988
Texture2D/wording-settings.png,Texture,Assets/RecoveredOriginal/Texture/Texture2D/wording-settings.png,4a1eac0fd9fc8714e89c5f63534ed5d7
Texture2D/yellow.png,Texture,Assets/RecoveredOriginal/Texture/Texture2D/yellow.png,d70ae8139c6b6c340a0f388dc2c3ceb5
Editor/AssetRipperPatches/AudioMixerPostprocessor.cs,Reference,SourceData/AssetRipper/Assets/Editor/AssetRipperPatches/AudioMixerPostprocessor.cs,75db82bbb4dd3c74d9e3eb8459ca9271
Plugins/Assembly-CSharp-firstpass/SROptions.cs,Reference,SourceData/AssetRipper/Assets/Plugins/Assembly-CSharp-firstpass/SROptions.cs,d62486e5cf6d650bee9cee4a2d5fbd78
Plugins/Assembly-CSharp-firstpass/SROptionsPropertyChanged.cs,Reference,SourceData/AssetRipper/Assets/Plugins/Assembly-CSharp-firstpass/SROptionsPropertyChanged.cs,f808009f98481f24384beaeff6ded6d3
Plugins/Assembly-CSharp-firstpass/Properties/AssemblyInfo.cs,Reference,SourceData/AssetRipper/Assets/Plugins/Assembly-CSharp-firstpass/Properties/AssemblyInfo.cs,10dbc2a68de04604e98351cf025f4dc2
Resources/audio/audiomob-chime-soft.ogg,Audio,Assets/RecoveredOriginal/Audio/SourceResources/audio/audiomob-chime-soft.ogg,7163035cd87c98e409d08053fb2ed1d2
Resources/audio/AudiomobMixer.mixer,Reference,SourceData/AssetRipper/Assets/Resources/audio/AudiomobMixer.mixer,61e002b30bf0d1a49aff7904a19355dc
Resources/banners/medium-rectangle-banner.asset,Sprite,Assets/RecoveredOriginal/Sprite/SourceResources/banners/medium-rectangle-banner.asset,ce739896c2aa25d4dbb3bf99ff5c0ec8
Resources/banners/medium-rectangle-banner.png,Texture,Assets/RecoveredOriginal/Texture/SourceResources/banners/medium-rectangle-banner.png,852716e87f486f1459a97ce169069a68
Resources/banners/mobile-leaderboard-banner.asset,Sprite,Assets/RecoveredOriginal/Sprite/SourceResources/banners/mobile-leaderboard-banner.asset,4c4a303af62d6764c87840b59d20df81
Resources/banners/mobile-leaderboard-banner.png,Texture,Assets/RecoveredOriginal/Texture/SourceResources/banners/mobile-leaderboard-banner.png,ae8c29186c94c9c4b8c91fb3a39b5119
Resources/compressedlevels/112x84_Accessories_1.json,Data,Assets/RecoveredOriginal/Data/SourceResources/compressedlevels/112x84_Accessories_1.json,f717a48dee78eae4c8b8da46f52dd9c5
Resources/compressedlevels/112x84_Accessories_10.json,Data,Assets/RecoveredOriginal/Data/SourceResources/compressedlevels/112x84_Accessories_10.json,59f9795150f4e6a48ac8f74e3884658b
Resources/compressedlevels/112x84_Accessories_11.json,Data,Assets/RecoveredOriginal/Data/SourceResources/compressedlevels/112x84_Accessories_11.json,a95f67276cf57904484b49c2e030e093
Resources/compressedlevels/112x84_Accessories_12.json,Data,Assets/RecoveredOriginal/Data/SourceResources/compressedlevels/112x84_Accessories_12.json,5d8844f137088d54d9da7ceeaaa77339
Resources/compressedlevels/112x84_Accessories_13.json,Data,Assets/RecoveredOriginal/Data/SourceResources/compressedlevels/112x84_Accessories_13.json,c0ebe0ca571aae74fb034a6b47df357c
Resources/compressedlevels/112x84_Accessories_14.json,Data,Assets/RecoveredOriginal/Data/SourceResources/compressedlevels/112x84_Accessories_14.json,0f85b1158b8d9c342bf86261ec45b1ec
Resources/compressedlevels/112x84_Accessories_15.json,Data,Assets/RecoveredOriginal/Data/SourceResources/compressedlevels/112x84_Accessories_15.json,0ad2d277950fe4f4d9ac08e34d0c6790
Resources/compressedlevels/112x84_Accessories_2.json,Data,Assets/RecoveredOriginal/Data/SourceResources/compressedlevels/112x84_Accessories_2.json,351046d6028f4ee4c998f83cf53a4f62
Resources/compressedlevels/112x84_Accessories_3.json,Data,Assets/RecoveredOriginal/Data/SourceResources/compressedlevels/112x84_Accessories_3.json,5692985def0955c46a8c07f0ee181a49
Resources/compressedlevels/112x84_Accessories_4.json,Data,Assets/RecoveredOriginal/Data/SourceResources/compressedlevels/112x84_Accessories_4.json,fa4ce9d53ae4f0641b9db108b4402aaf
Resources/compressedlevels/112x84_Accessories_5.json,Data,Assets/RecoveredOriginal/Data/SourceResources/compressedlevels/112x84_Accessories_5.json,32b5c00821b1edb47a0778dd9e56f587
Resources/compressedlevels/112x84_Accessories_6.json,Data,Assets/RecoveredOriginal/Data/SourceResources/compressedlevels/112x84_Accessories_6.json,766257de8ebd14e4a872c0a891b10800
Resources/compressedlevels/112x84_Accessories_7.json,Data,Assets/RecoveredOriginal/Data/SourceResources/compressedlevels/112x84_Accessories_7.json,c6fb669afd10d9440af8ba29db69806b
Resources/compressedlevels/112x84_Accessories_8.json,Data,Assets/RecoveredOriginal/Data/SourceResources/compressedlevels/112x84_Accessories_8.json,c6787a652d77f49439f57b2dedd70ed6
Resources/compressedlevels/112x84_Accessories_9.json,Data,Assets/RecoveredOriginal/Data/SourceResources/compressedlevels/112x84_Accessories_9.json,c22cfd10acb34704195184d0c96b138f
Resources/compressedlevels/112x84_AnimalPortrait_1.json,Data,Assets/RecoveredOriginal/Data/SourceResources/compressedlevels/112x84_AnimalPortrait_1.json,1553b25eaee21dd44b3959f0d36d7d89
Resources/compressedlevels/112x84_AnimalPortrait_10.json,Data,Assets/RecoveredOriginal/Data/SourceResources/compressedlevels/112x84_AnimalPortrait_10.json,d051ed57300e7a14296d0f6f4d3bac4a
Resources/compressedlevels/112x84_AnimalPortrait_11.json,Data,Assets/RecoveredOriginal/Data/SourceResources/compressedlevels/112x84_AnimalPortrait_11.json,29bad1c1b1337ba418753713caa4ed4a
Resources/compressedlevels/112x84_AnimalPortrait_12.json,Data,Assets/RecoveredOriginal/Data/SourceResources/compressedlevels/112x84_AnimalPortrait_12.json,ab820f5005894664096bd8e67c8a7ea7
Resources/compressedlevels/112x84_AnimalPortrait_13.json,Data,Assets/RecoveredOriginal/Data/SourceResources/compressedlevels/112x84_AnimalPortrait_13.json,01a525708a200cd418953f5b7a615be5
Resources/compressedlevels/112x84_AnimalPortrait_14.json,Data,Assets/RecoveredOriginal/Data/SourceResources/compressedlevels/112x84_AnimalPortrait_14.json,e1b7c6ba506616047be0c5ee74af2ddb
Resources/compressedlevels/112x84_AnimalPortrait_15.json,Data,Assets/RecoveredOriginal/Data/SourceResources/compressedlevels/112x84_AnimalPortrait_15.json,bc16527aa6a1b2f4499c07d7b84a5a73
Resources/compressedlevels/112x84_AnimalPortrait_2.json,Data,Assets/RecoveredOriginal/Data/SourceResources/compressedlevels/112x84_AnimalPortrait_2.json,1de86bf08d5ae69409ba419a5cce5998
Resources/compressedlevels/112x84_AnimalPortrait_3.json,Data,Assets/RecoveredOriginal/Data/SourceResources/compressedlevels/112x84_AnimalPortrait_3.json,d3e517b3a56548947ba5d602d22ade51
Resources/compressedlevels/112x84_AnimalPortrait_4.json,Data,Assets/RecoveredOriginal/Data/SourceResources/compressedlevels/112x84_AnimalPortrait_4.json,02be64fb2cd74524f84136231566b915
Resources/compressedlevels/112x84_AnimalPortrait_5.json,Data,Assets/RecoveredOriginal/Data/SourceResources/compressedlevels/112x84_AnimalPortrait_5.json,41d31b5033e9a6443b3b3e9e9035a7b5
Resources/compressedlevels/112x84_AnimalPortrait_6.json,Data,Assets/RecoveredOriginal/Data/SourceResources/compressedlevels/112x84_AnimalPortrait_6.json,1d56760a1a8551247a36152be71f3261
Resources/compressedlevels/112x84_AnimalPortrait_7.json,Data,Assets/RecoveredOriginal/Data/SourceResources/compressedlevels/112x84_AnimalPortrait_7.json,4ff27a7f42aa77145b5e72458b062e0c
Resources/compressedlevels/112x84_AnimalPortrait_8.json,Data,Assets/RecoveredOriginal/Data/SourceResources/compressedlevels/112x84_AnimalPortrait_8.json,bff57a00af1501941ba6a936e3c655b9
Resources/compressedlevels/112x84_AnimalPortrait_9.json,Data,Assets/RecoveredOriginal/Data/SourceResources/compressedlevels/112x84_AnimalPortrait_9.json,9afc516c34fc0394fbcd654662efde5b
Resources/compressedlevels/112x84_Cartoon_1.json,Data,Assets/RecoveredOriginal/Data/SourceResources/compressedlevels/112x84_Cartoon_1.json,cfab98501b181c540b7da3f8894756f3
Resources/compressedlevels/112x84_Cartoon_10.json,Data,Assets/RecoveredOriginal/Data/SourceResources/compressedlevels/112x84_Cartoon_10.json,9fbd680fa788f0e478d92ac211f56d70
Resources/compressedlevels/112x84_Cartoon_10_Dupe.json,Data,Assets/RecoveredOriginal/Data/SourceResources/compressedlevels/112x84_Cartoon_10_Dupe.json,52d76b4d45b98d04e89cf750dfefd68d
Resources/compressedlevels/112x84_Cartoon_11.json,Data,Assets/RecoveredOriginal/Data/SourceResources/compressedlevels/112x84_Cartoon_11.json,a8666679f410e4e41a3fd255f8ac8996
Resources/compressedlevels/112x84_Cartoon_12.json,Data,Assets/RecoveredOriginal/Data/SourceResources/compressedlevels/112x84_Cartoon_12.json,ef387becf25bda248b4816d0d6e1184c
Resources/compressedlevels/112x84_Cartoon_12_Dupe.json,Data,Assets/RecoveredOriginal/Data/SourceResources/compressedlevels/112x84_Cartoon_12_Dupe.json,0f9d53e29878dc849bd9ec6574927e28
Resources/compressedlevels/112x84_Cartoon_13.json,Data,Assets/RecoveredOriginal/Data/SourceResources/compressedlevels/112x84_Cartoon_13.json,fe7d8f037a1713b46b168a93e6d0eddd
Resources/compressedlevels/112x84_Cartoon_14.json,Data,Assets/RecoveredOriginal/Data/SourceResources/compressedlevels/112x84_Cartoon_14.json,7799aa93eb7081d459efe706aeeb3526
Resources/compressedlevels/112x84_Cartoon_15.json,Data,Assets/RecoveredOriginal/Data/SourceResources/compressedlevels/112x84_Cartoon_15.json,a539b7cf932ce7e45b249d407809b463
Resources/compressedlevels/112x84_Cartoon_15_Dupe.json,Data,Assets/RecoveredOriginal/Data/SourceResources/compressedlevels/112x84_Cartoon_15_Dupe.json,5fe0984049ca5294e87b804a7eeeca54
Resources/compressedlevels/112x84_Cartoon_2.json,Data,Assets/RecoveredOriginal/Data/SourceResources/compressedlevels/112x84_Cartoon_2.json,8e9f832d87fa6c94daf696a66336957c
Resources/compressedlevels/112x84_Cartoon_2_Dupe.json,Data,Assets/RecoveredOriginal/Data/SourceResources/compressedlevels/112x84_Cartoon_2_Dupe.json,6c71cbca705c91745be8649b61223ae8
Resources/compressedlevels/112x84_Cartoon_3.json,Data,Assets/RecoveredOriginal/Data/SourceResources/compressedlevels/112x84_Cartoon_3.json,cbfa289ac245c3947ba7c736e1391e64
Resources/compressedlevels/112x84_Cartoon_4.json,Data,Assets/RecoveredOriginal/Data/SourceResources/compressedlevels/112x84_Cartoon_4.json,5aa71175fba42cd4d92586fafab3c2e6
Resources/compressedlevels/112x84_Cartoon_4_Dupe.json,Data,Assets/RecoveredOriginal/Data/SourceResources/compressedlevels/112x84_Cartoon_4_Dupe.json,ee25320b6c35eda4d9c8fdeab9fd7b07
Resources/compressedlevels/112x84_Cartoon_5.json,Data,Assets/RecoveredOriginal/Data/SourceResources/compressedlevels/112x84_Cartoon_5.json,6318d1da42b6a3940be91a03d83d920a
Resources/compressedlevels/112x84_Cartoon_6.json,Data,Assets/RecoveredOriginal/Data/SourceResources/compressedlevels/112x84_Cartoon_6.json,38e69ce3157e48847b191551ffcf4afe
Resources/compressedlevels/112x84_Cartoon_6_Dupe.json,Data,Assets/RecoveredOriginal/Data/SourceResources/compressedlevels/112x84_Cartoon_6_Dupe.json,43b1f19608f68cc4aa5a93bbde0d316b
Resources/compressedlevels/112x84_Cartoon_7.json,Data,Assets/RecoveredOriginal/Data/SourceResources/compressedlevels/112x84_Cartoon_7.json,749a59faad57738449972737bf2c1914
Resources/compressedlevels/112x84_Cartoon_7_Dupe.json,Data,Assets/RecoveredOriginal/Data/SourceResources/compressedlevels/112x84_Cartoon_7_Dupe.json,4ffef657f61d3e74992ae5e4b0cdb11c
Resources/compressedlevels/112x84_Cartoon_8.json,Data,Assets/RecoveredOriginal/Data/SourceResources/compressedlevels/112x84_Cartoon_8.json,6923b916f46dca44fab1c82416e5f7d1
Resources/compressedlevels/112x84_Cartoon_8_Dupe.json,Data,Assets/RecoveredOriginal/Data/SourceResources/compressedlevels/112x84_Cartoon_8_Dupe.json,3a739c2468b22ea4d868e8b28648585a
Resources/compressedlevels/112x84_Cartoon_9.json,Data,Assets/RecoveredOriginal/Data/SourceResources/compressedlevels/112x84_Cartoon_9.json,cc0b3da70be367845843fd498f68e23f
Resources/compressedlevels/112x84_Celebs_1.json,Data,Assets/RecoveredOriginal/Data/SourceResources/compressedlevels/112x84_Celebs_1.json,408aa68cd2ca759448c2a0fb38eea01b
Resources/compressedlevels/112x84_Celebs_2.json,Data,Assets/RecoveredOriginal/Data/SourceResources/compressedlevels/112x84_Celebs_2.json,fb990e0364e4dac4381b360aacb095df
Resources/compressedlevels/112x84_Celebs_3.json,Data,Assets/RecoveredOriginal/Data/SourceResources/compressedlevels/112x84_Celebs_3.json,7d1247cd8e147c2458524ce52c4270c8
Resources/compressedlevels/112x84_Celebs_4.json,Data,Assets/RecoveredOriginal/Data/SourceResources/compressedlevels/112x84_Celebs_4.json,c293d675372f9984482d09257e120112
Resources/compressedlevels/112x84_Celebs_4_Dupe.json,Data,Assets/RecoveredOriginal/Data/SourceResources/compressedlevels/112x84_Celebs_4_Dupe.json,ed722ce48eee9c846956a37535f94342
Resources/compressedlevels/112x84_Celebs_5.json,Data,Assets/RecoveredOriginal/Data/SourceResources/compressedlevels/112x84_Celebs_5.json,79b98c34dabda0b4291989b6395e5acb
Resources/compressedlevels/112x84_Celebs_6.json,Data,Assets/RecoveredOriginal/Data/SourceResources/compressedlevels/112x84_Celebs_6.json,a6dc8b9e4d8c50243b90db2c8ca94fcd
Resources/compressedlevels/112x84_Celebs_7.json,Data,Assets/RecoveredOriginal/Data/SourceResources/compressedlevels/112x84_Celebs_7.json,742344e65194a2e4881127d1d75e7580
Resources/compressedlevels/112x84_Celebs_7_Dupe.json,Data,Assets/RecoveredOriginal/Data/SourceResources/compressedlevels/112x84_Celebs_7_Dupe.json,2697277729899c74cb616d31d826a993
Resources/compressedlevels/112x84_Dance_1.json,Data,Assets/RecoveredOriginal/Data/SourceResources/compressedlevels/112x84_Dance_1.json,a191804a466f04b47825154f7759383a
Resources/compressedlevels/112x84_Dance_10.json,Data,Assets/RecoveredOriginal/Data/SourceResources/compressedlevels/112x84_Dance_10.json,2cbc76ad4e20f0144a752a7b27693660
Resources/compressedlevels/112x84_Dance_11.json,Data,Assets/RecoveredOriginal/Data/SourceResources/compressedlevels/112x84_Dance_11.json,0cad52d67009c5c41928e2bcaf270d62
Resources/compressedlevels/112x84_Dance_12.json,Data,Assets/RecoveredOriginal/Data/SourceResources/compressedlevels/112x84_Dance_12.json,6230390c546590d479160a597ebf857b
Resources/compressedlevels/112x84_Dance_13.json,Data,Assets/RecoveredOriginal/Data/SourceResources/compressedlevels/112x84_Dance_13.json,5080b33bdd1dd974b960acbecbee2e3b
Resources/compressedlevels/112x84_Dance_14.json,Data,Assets/RecoveredOriginal/Data/SourceResources/compressedlevels/112x84_Dance_14.json,f13f2f8b8d91fb44ab5a16144f8f04c8
Resources/compressedlevels/112x84_Dance_15.json,Data,Assets/RecoveredOriginal/Data/SourceResources/compressedlevels/112x84_Dance_15.json,cf3ddd4aa079d1142bfd82b32660c18b
Resources/compressedlevels/112x84_Dance_2.json,Data,Assets/RecoveredOriginal/Data/SourceResources/compressedlevels/112x84_Dance_2.json,7742384440c059940a0221989e9141c6
Resources/compressedlevels/112x84_Dance_3.json,Data,Assets/RecoveredOriginal/Data/SourceResources/compressedlevels/112x84_Dance_3.json,5abce4f272fff294aa9b46c26a0d0d42
Resources/compressedlevels/112x84_Dance_4.json,Data,Assets/RecoveredOriginal/Data/SourceResources/compressedlevels/112x84_Dance_4.json,586a7ba77b0e39c4f8f50a3000843233
Resources/compressedlevels/112x84_Dance_5.json,Data,Assets/RecoveredOriginal/Data/SourceResources/compressedlevels/112x84_Dance_5.json,88cf6bc413bb51e4aa2cf97b41940656
Resources/compressedlevels/112x84_Dance_6.json,Data,Assets/RecoveredOriginal/Data/SourceResources/compressedlevels/112x84_Dance_6.json,9460f9cc612e7a14b8e226a05d5b4eb1
Resources/compressedlevels/112x84_Dance_7.json,Data,Assets/RecoveredOriginal/Data/SourceResources/compressedlevels/112x84_Dance_7.json,8b3655b6c11edb74ebcce64eeaba799e
Resources/compressedlevels/112x84_Dance_8.json,Data,Assets/RecoveredOriginal/Data/SourceResources/compressedlevels/112x84_Dance_8.json,fc4c6915656c3794d94ce10ccbd531f9
Resources/compressedlevels/112x84_Dance_9.json,Data,Assets/RecoveredOriginal/Data/SourceResources/compressedlevels/112x84_Dance_9.json,c2bdd7f08b821a543838fe4a631e5d47
Resources/compressedlevels/112x84_EventFigures_1.json,Data,Assets/RecoveredOriginal/Data/SourceResources/compressedlevels/112x84_EventFigures_1.json,5c80dadc44a3aed4b8319a95fc527966
Resources/compressedlevels/112x84_EventFigures_10.json,Data,Assets/RecoveredOriginal/Data/SourceResources/compressedlevels/112x84_EventFigures_10.json,ecdb0ae17ebd81242b98dc1f23dec65a
Resources/compressedlevels/112x84_EventFigures_11.json,Data,Assets/RecoveredOriginal/Data/SourceResources/compressedlevels/112x84_EventFigures_11.json,d2cf61c5f750ccf42892a18cc4faa307
Resources/compressedlevels/112x84_EventFigures_12.json,Data,Assets/RecoveredOriginal/Data/SourceResources/compressedlevels/112x84_EventFigures_12.json,533088737d2745b47aed576934d1fa82
Resources/compressedlevels/112x84_EventFigures_13.json,Data,Assets/RecoveredOriginal/Data/SourceResources/compressedlevels/112x84_EventFigures_13.json,4d9c3d9889f463648ab7bacd288a5749
Resources/compressedlevels/112x84_EventFigures_14.json,Data,Assets/RecoveredOriginal/Data/SourceResources/compressedlevels/112x84_EventFigures_14.json,1714f9495c4188e43955a70e10cd44c7
Resources/compressedlevels/112x84_EventFigures_15.json,Data,Assets/RecoveredOriginal/Data/SourceResources/compressedlevels/112x84_EventFigures_15.json,ca831e716a6700547b002c9762c99f40
Resources/compressedlevels/112x84_EventFigures_2.json,Data,Assets/RecoveredOriginal/Data/SourceResources/compressedlevels/112x84_EventFigures_2.json,bddd298844e406d4ea03382500c91c91
Resources/compressedlevels/112x84_EventFigures_3.json,Data,Assets/RecoveredOriginal/Data/SourceResources/compressedlevels/112x84_EventFigures_3.json,47654d1c3c71f2e4db6f0c7eed5a566b
Resources/compressedlevels/112x84_EventFigures_4.json,Data,Assets/RecoveredOriginal/Data/SourceResources/compressedlevels/112x84_EventFigures_4.json,3d82b4cba9e39a54986a9446a7c7f9fa
Resources/compressedlevels/112x84_EventFigures_5.json,Data,Assets/RecoveredOriginal/Data/SourceResources/compressedlevels/112x84_EventFigures_5.json,85493c03a48cfdb4ea598fa91267718c
Resources/compressedlevels/112x84_EventFigures_6.json,Data,Assets/RecoveredOriginal/Data/SourceResources/compressedlevels/112x84_EventFigures_6.json,ed7dfde7019d1d64f928097790d5550b
Resources/compressedlevels/112x84_EventFigures_7.json,Data,Assets/RecoveredOriginal/Data/SourceResources/compressedlevels/112x84_EventFigures_7.json,69cec0ca12bfbb94e99f375443c93fd6
Resources/compressedlevels/112x84_EventFigures_8.json,Data,Assets/RecoveredOriginal/Data/SourceResources/compressedlevels/112x84_EventFigures_8.json,55d777ea4d749424c86e5b9785b9a349
Resources/compressedlevels/112x84_EventFigures_9.json,Data,Assets/RecoveredOriginal/Data/SourceResources/compressedlevels/112x84_EventFigures_9.json,44e42469d86b4c9469ffb6cc69de3b79
Resources/compressedlevels/112x84_Family_1.json,Data,Assets/RecoveredOriginal/Data/SourceResources/compressedlevels/112x84_Family_1.json,fa8fe6747f0835c429371fe2553bcc83
Resources/compressedlevels/112x84_Family_10.json,Data,Assets/RecoveredOriginal/Data/SourceResources/compressedlevels/112x84_Family_10.json,413cfcfa03c9b4742b3b11de4f628095
Resources/compressedlevels/112x84_Family_11.json,Data,Assets/RecoveredOriginal/Data/SourceResources/compressedlevels/112x84_Family_11.json,74b239d0f03a10648a2227db71cae27b
Resources/compressedlevels/112x84_Family_11_Dupe.json,Data,Assets/RecoveredOriginal/Data/SourceResources/compressedlevels/112x84_Family_11_Dupe.json,ffa6da4e278e0bc45a1c7c7352879e8d
Resources/compressedlevels/112x84_Family_12.json,Data,Assets/RecoveredOriginal/Data/SourceResources/compressedlevels/112x84_Family_12.json,567f332e38545c1488cfa4e54ad6e605
Resources/compressedlevels/112x84_Family_12_Dupe.json,Data,Assets/RecoveredOriginal/Data/SourceResources/compressedlevels/112x84_Family_12_Dupe.json,7f64f33d4eab63149b9694f5daff86cb
Resources/compressedlevels/112x84_Family_13.json,Data,Assets/RecoveredOriginal/Data/SourceResources/compressedlevels/112x84_Family_13.json,e3c56323d54b98f41b43f799c18ae466
Resources/compressedlevels/112x84_Family_14.json,Data,Assets/RecoveredOriginal/Data/SourceResources/compressedlevels/112x84_Family_14.json,a521db2c6d089fb42bc8beba82a1355f
Resources/compressedlevels/112x84_Family_14_Dupe.json,Data,Assets/RecoveredOriginal/Data/SourceResources/compressedlevels/112x84_Family_14_Dupe.json,1909947218dba834daf6a263f4bbaf5c
Resources/compressedlevels/112x84_Family_15.json,Data,Assets/RecoveredOriginal/Data/SourceResources/compressedlevels/112x84_Family_15.json,53cd2583b02346c43b520ebf0b6b5ff7
Resources/compressedlevels/112x84_Family_1_Dupe.json,Data,Assets/RecoveredOriginal/Data/SourceResources/compressedlevels/112x84_Family_1_Dupe.json,406c437121b658047bd30133e891e3db
Resources/compressedlevels/112x84_Family_2.json,Data,Assets/RecoveredOriginal/Data/SourceResources/compressedlevels/112x84_Family_2.json,6a123e547e3cb7b41bb5361021f6c05c
Resources/compressedlevels/112x84_Family_2_Dupe.json,Data,Assets/RecoveredOriginal/Data/SourceResources/compressedlevels/112x84_Family_2_Dupe.json,3a3f1017f29b0394b85d43ac1ae42d0e
Resources/compressedlevels/112x84_Family_3.json,Data,Assets/RecoveredOriginal/Data/SourceResources/compressedlevels/112x84_Family_3.json,4e40d1e2af8786f4fa8e740b3bce163e
Resources/compressedlevels/112x84_Family_3_Dupe.json,Data,Assets/RecoveredOriginal/Data/SourceResources/compressedlevels/112x84_Family_3_Dupe.json,d9b358883b65cf34ca56ba4dc3f61f43
Resources/compressedlevels/112x84_Family_4.json,Data,Assets/RecoveredOriginal/Data/SourceResources/compressedlevels/112x84_Family_4.json,e2e560bc85657a444917e43d8589f17f
Resources/compressedlevels/112x84_Family_4_Dupe.json,Data,Assets/RecoveredOriginal/Data/SourceResources/compressedlevels/112x84_Family_4_Dupe.json,5fec71f09fbc2574c99b4ebfa42f2dd4
Resources/compressedlevels/112x84_Family_5.json,Data,Assets/RecoveredOriginal/Data/SourceResources/compressedlevels/112x84_Family_5.json,d7d80669f777ceb43ae496703c69d9d0
Resources/compressedlevels/112x84_Family_5_Dupe.json,Data,Assets/RecoveredOriginal/Data/SourceResources/compressedlevels/112x84_Family_5_Dupe.json,1f033bd82e8ea9044993a8269271495e
Resources/compressedlevels/112x84_Family_6.json,Data,Assets/RecoveredOriginal/Data/SourceResources/compressedlevels/112x84_Family_6.json,fe1c896430b7c6046ae1a11ee69acd48
Resources/compressedlevels/112x84_Family_6_Dupe.json,Data,Assets/RecoveredOriginal/Data/SourceResources/compressedlevels/112x84_Family_6_Dupe.json,ff5cc3b7f098bd64e948f306103243d0
Resources/compressedlevels/112x84_Family_7.json,Data,Assets/RecoveredOriginal/Data/SourceResources/compressedlevels/112x84_Family_7.json,1f55aeb414a602c4c9c7c35a83c74e33
Resources/compressedlevels/112x84_Family_7_Dupe.json,Data,Assets/RecoveredOriginal/Data/SourceResources/compressedlevels/112x84_Family_7_Dupe.json,3bbb61520689d6649a6a0e34aaf1fc0f
Resources/compressedlevels/112x84_Family_8.json,Data,Assets/RecoveredOriginal/Data/SourceResources/compressedlevels/112x84_Family_8.json,eaa29c0fba0985c4ca1d80d14e594c65
Resources/compressedlevels/112x84_Family_8_Dupe.json,Data,Assets/RecoveredOriginal/Data/SourceResources/compressedlevels/112x84_Family_8_Dupe.json,f38da49f6aaa5ff42aa14f46fb3d6e93
Resources/compressedlevels/112x84_Family_9.json,Data,Assets/RecoveredOriginal/Data/SourceResources/compressedlevels/112x84_Family_9.json,5b1801b78b0ce6c41867a4d42649e69c
Resources/compressedlevels/112x84_Family_9_Dupe.json,Data,Assets/RecoveredOriginal/Data/SourceResources/compressedlevels/112x84_Family_9_Dupe.json,dffbb82251e2105479e031b27964d9d1
Resources/compressedlevels/112x84_Flower_10.json,Data,Assets/RecoveredOriginal/Data/SourceResources/compressedlevels/112x84_Flower_10.json,b31763c2aea251c43b426ff4a1db4aac
Resources/compressedlevels/112x84_Flower_10_Dupe.json,Data,Assets/RecoveredOriginal/Data/SourceResources/compressedlevels/112x84_Flower_10_Dupe.json,0e0008c77bbd2384790e91a3440b8e98
Resources/compressedlevels/112x84_Flower_11.json,Data,Assets/RecoveredOriginal/Data/SourceResources/compressedlevels/112x84_Flower_11.json,40b8fa6d57e851d499718fc57012e957
Resources/compressedlevels/112x84_Flower_11_Dupe.json,Data,Assets/RecoveredOriginal/Data/SourceResources/compressedlevels/112x84_Flower_11_Dupe.json,9e63d2cd4cc82fa4a9c8d07f5225463a
Resources/compressedlevels/112x84_Flower_12.json,Data,Assets/RecoveredOriginal/Data/SourceResources/compressedlevels/112x84_Flower_12.json,3b2dd116eeb2d4348ad0be75e3683c64
Resources/compressedlevels/112x84_Flower_13.json,Data,Assets/RecoveredOriginal/Data/SourceResources/compressedlevels/112x84_Flower_13.json,5a7257134e742a84eb50115c0837af32
Resources/compressedlevels/112x84_Flower_13_Dupe.json,Data,Assets/RecoveredOriginal/Data/SourceResources/compressedlevels/112x84_Flower_13_Dupe.json,9719f6299eb5ea840a07cb0cbd812211
Resources/compressedlevels/112x84_Flower_14.json,Data,Assets/RecoveredOriginal/Data/SourceResources/compressedlevels/112x84_Flower_14.json,15712be000a915d4094962891310c4d0
Resources/compressedlevels/112x84_Flower_15.json,Data,Assets/RecoveredOriginal/Data/SourceResources/compressedlevels/112x84_Flower_15.json,62f53b8a85afe4a4e8f423d3a1185159
Resources/compressedlevels/112x84_Flower_2.json,Data,Assets/RecoveredOriginal/Data/SourceResources/compressedlevels/112x84_Flower_2.json,2211291e693cf0b41873cdcb49caa421
Resources/compressedlevels/112x84_Flower_3.json,Data,Assets/RecoveredOriginal/Data/SourceResources/compressedlevels/112x84_Flower_3.json,8600a438d9332794f824e5e477761de8
Resources/compressedlevels/112x84_Flower_3_Dupe.json,Data,Assets/RecoveredOriginal/Data/SourceResources/compressedlevels/112x84_Flower_3_Dupe.json,e302c4b02893d574396a938aff04efbe
Resources/compressedlevels/112x84_Flower_4.json,Data,Assets/RecoveredOriginal/Data/SourceResources/compressedlevels/112x84_Flower_4.json,0194f319c0d2ff34cb9460c37aecdc31
Resources/compressedlevels/112x84_Flower_5.json,Data,Assets/RecoveredOriginal/Data/SourceResources/compressedlevels/112x84_Flower_5.json,c7a5178062a364b4b9bf7c91ff2c01c7
Resources/compressedlevels/112x84_Flower_6.json,Data,Assets/RecoveredOriginal/Data/SourceResources/compressedlevels/112x84_Flower_6.json,20ec822ce94a53d48a855804967cca66
Resources/compressedlevels/112x84_Flower_7.json,Data,Assets/RecoveredOriginal/Data/SourceResources/compressedlevels/112x84_Flower_7.json,5cdb2b061ef064049b3fb24790b55470
Resources/compressedlevels/112x84_Flower_7_Dupe.json,Data,Assets/RecoveredOriginal/Data/SourceResources/compressedlevels/112x84_Flower_7_Dupe.json,994aa09d319aece4f94b46da43074c2a
Resources/compressedlevels/112x84_Flower_8.json,Data,Assets/RecoveredOriginal/Data/SourceResources/compressedlevels/112x84_Flower_8.json,c60015064dc4b3d488eee6d44e66e247
Resources/compressedlevels/112x84_Flower_9.json,Data,Assets/RecoveredOriginal/Data/SourceResources/compressedlevels/112x84_Flower_9.json,609672ff1c4bb2944837d28d8f98df47
Resources/compressedlevels/112x84_Flower_9_Dupe.json,Data,Assets/RecoveredOriginal/Data/SourceResources/compressedlevels/112x84_Flower_9_Dupe.json,3b2449ef1248e1449aba47bb4fa35dbb
Resources/compressedlevels/112x84_FoodAndDrinks_1.json,Data,Assets/RecoveredOriginal/Data/SourceResources/compressedlevels/112x84_FoodAndDrinks_1.json,af6bec5c1df9f5c4b9fa29cf2c396d64
Resources/compressedlevels/112x84_FoodAndDrinks_10.json,Data,Assets/RecoveredOriginal/Data/SourceResources/compressedlevels/112x84_FoodAndDrinks_10.json,a000cd5e23638b440b212ca7e57e98fd
Resources/compressedlevels/112x84_FoodAndDrinks_11.json,Data,Assets/RecoveredOriginal/Data/SourceResources/compressedlevels/112x84_FoodAndDrinks_11.json,52ac40688e8cc924895fcbcf0ed685e6
Resources/compressedlevels/112x84_FoodAndDrinks_12.json,Data,Assets/RecoveredOriginal/Data/SourceResources/compressedlevels/112x84_FoodAndDrinks_12.json,33f74e8b21f854047937d4a8a2584ef4
Resources/compressedlevels/112x84_FoodAndDrinks_13.json,Data,Assets/RecoveredOriginal/Data/SourceResources/compressedlevels/112x84_FoodAndDrinks_13.json,3a4d3c63990233440bbffc91fe25ddde
Resources/compressedlevels/112x84_FoodAndDrinks_14.json,Data,Assets/RecoveredOriginal/Data/SourceResources/compressedlevels/112x84_FoodAndDrinks_14.json,547c4258441561f45be41ef1d9122bcf
Resources/compressedlevels/112x84_FoodAndDrinks_15.json,Data,Assets/RecoveredOriginal/Data/SourceResources/compressedlevels/112x84_FoodAndDrinks_15.json,a5ecbabd389928841ae5b4bae4dd922f
Resources/compressedlevels/112x84_FoodAndDrinks_2.json,Data,Assets/RecoveredOriginal/Data/SourceResources/compressedlevels/112x84_FoodAndDrinks_2.json,0e5ddcc94a68f234d8521c1fdb3267dc
Resources/compressedlevels/112x84_FoodAndDrinks_3.json,Data,Assets/RecoveredOriginal/Data/SourceResources/compressedlevels/112x84_FoodAndDrinks_3.json,c75cf24b2c2710a48bca9dd19a056d1a
Resources/compressedlevels/112x84_FoodAndDrinks_4.json,Data,Assets/RecoveredOriginal/Data/SourceResources/compressedlevels/112x84_FoodAndDrinks_4.json,d622a683b1221e047b86f11e1b8b5ae2
Resources/compressedlevels/112x84_FoodAndDrinks_5.json,Data,Assets/RecoveredOriginal/Data/SourceResources/compressedlevels/112x84_FoodAndDrinks_5.json,b4d09fbd492830844951a13d8fe58d15
Resources/compressedlevels/112x84_FoodAndDrinks_6.json,Data,Assets/RecoveredOriginal/Data/SourceResources/compressedlevels/112x84_FoodAndDrinks_6.json,3023d538b63205d43a20fc0cf7845142
Resources/compressedlevels/112x84_FoodAndDrinks_7.json,Data,Assets/RecoveredOriginal/Data/SourceResources/compressedlevels/112x84_FoodAndDrinks_7.json,1607f676a83d75f428d8176d0e05bfda
Resources/compressedlevels/112x84_FoodAndDrinks_8.json,Data,Assets/RecoveredOriginal/Data/SourceResources/compressedlevels/112x84_FoodAndDrinks_8.json,38180152adab39f44846d8fa56647718
Resources/compressedlevels/112x84_FoodAndDrinks_9.json,Data,Assets/RecoveredOriginal/Data/SourceResources/compressedlevels/112x84_FoodAndDrinks_9.json,94d8442ee5700e444ab7018ca6928b6f
Resources/compressedlevels/112x84_Halloween_1.json,Data,Assets/RecoveredOriginal/Data/SourceResources/compressedlevels/112x84_Halloween_1.json,b075b8e986063a24eb77a9a817502368
Resources/compressedlevels/112x84_Halloween_10.json,Data,Assets/RecoveredOriginal/Data/SourceResources/compressedlevels/112x84_Halloween_10.json,086fca8d32f9ce74d8bd692320a5273e
Resources/compressedlevels/112x84_Halloween_11.json,Data,Assets/RecoveredOriginal/Data/SourceResources/compressedlevels/112x84_Halloween_11.json,7ee4579747ec51e46a5f39ad85b275b7
Resources/compressedlevels/112x84_Halloween_12.json,Data,Assets/RecoveredOriginal/Data/SourceResources/compressedlevels/112x84_Halloween_12.json,a53797e2ccbea4d49919d04d21a99f25
Resources/compressedlevels/112x84_Halloween_13.json,Data,Assets/RecoveredOriginal/Data/SourceResources/compressedlevels/112x84_Halloween_13.json,d4cb7582f55802b44ac77ee3cdc9a95b
Resources/compressedlevels/112x84_Halloween_14.json,Data,Assets/RecoveredOriginal/Data/SourceResources/compressedlevels/112x84_Halloween_14.json,c38944e7ba7340f4baa5c49f4cb7701e
Resources/compressedlevels/112x84_Halloween_15.json,Data,Assets/RecoveredOriginal/Data/SourceResources/compressedlevels/112x84_Halloween_15.json,1df599ecd04c7c2408de8ede0c83ac08
Resources/compressedlevels/112x84_Halloween_2.json,Data,Assets/RecoveredOriginal/Data/SourceResources/compressedlevels/112x84_Halloween_2.json,b3f704999220ee846a28c42be69003a9
Resources/compressedlevels/112x84_Halloween_3.json,Data,Assets/RecoveredOriginal/Data/SourceResources/compressedlevels/112x84_Halloween_3.json,f8d26d2f9c0dfc040ad9b660785484e1
Resources/compressedlevels/112x84_Halloween_4.json,Data,Assets/RecoveredOriginal/Data/SourceResources/compressedlevels/112x84_Halloween_4.json,de7c644601211dc4596abe2c54f564ef
Resources/compressedlevels/112x84_Halloween_5.json,Data,Assets/RecoveredOriginal/Data/SourceResources/compressedlevels/112x84_Halloween_5.json,e8425a3daf37fc148b3a819ee78b4e3d
Resources/compressedlevels/112x84_Halloween_6.json,Data,Assets/RecoveredOriginal/Data/SourceResources/compressedlevels/112x84_Halloween_6.json,914ceaa1ddd54324783c1e36eda42f42
Resources/compressedlevels/112x84_Halloween_7.json,Data,Assets/RecoveredOriginal/Data/SourceResources/compressedlevels/112x84_Halloween_7.json,6e5b35bafa72c18449cd29ed0b27069e
Resources/compressedlevels/112x84_Halloween_8.json,Data,Assets/RecoveredOriginal/Data/SourceResources/compressedlevels/112x84_Halloween_8.json,8ff9e912470c65e4fa9b8b33ad3d20c8
Resources/compressedlevels/112x84_Halloween_9.json,Data,Assets/RecoveredOriginal/Data/SourceResources/compressedlevels/112x84_Halloween_9.json,a6686066921b1454d90ccceb20a00677
Resources/compressedlevels/112x84_Level10_C.json,Data,Assets/RecoveredOriginal/Data/SourceResources/compressedlevels/112x84_Level10_C.json,545f000661d9427458772a05a2017205
Resources/compressedlevels/112x84_Level11_D.json,Data,Assets/RecoveredOriginal/Data/SourceResources/compressedlevels/112x84_Level11_D.json,2ebca16086fca5547befb208f0cb2ad0
Resources/compressedlevels/112x84_Level11_D_Dupe.json,Data,Assets/RecoveredOriginal/Data/SourceResources/compressedlevels/112x84_Level11_D_Dupe.json,b4d8ef2fe5ce60846826caeda9648ab2
Resources/compressedlevels/112x84_Level12_D.json,Data,Assets/RecoveredOriginal/Data/SourceResources/compressedlevels/112x84_Level12_D.json,a3515175397e08b4eac75f19ad601051
Resources/compressedlevels/112x84_Level13_D.json,Data,Assets/RecoveredOriginal/Data/SourceResources/compressedlevels/112x84_Level13_D.json,5512f781af3f0a84385ce4f03a5fa01c
Resources/compressedlevels/112x84_Level14_E.json,Data,Assets/RecoveredOriginal/Data/SourceResources/compressedlevels/112x84_Level14_E.json,f3c076f4fc3cb82488df5c2b545df924
Resources/compressedlevels/112x84_Level14_E_Dupe.json,Data,Assets/RecoveredOriginal/Data/SourceResources/compressedlevels/112x84_Level14_E_Dupe.json,697710626021007468a4a7b34085cf64
Resources/compressedlevels/112x84_Level15_D.json,Data,Assets/RecoveredOriginal/Data/SourceResources/compressedlevels/112x84_Level15_D.json,85b2a472f09772540917f75c334f8faa
Resources/compressedlevels/112x84_Level16_F.json,Data,Assets/RecoveredOriginal/Data/SourceResources/compressedlevels/112x84_Level16_F.json,d7124adfb730b594ebd4e96a675126f5
Resources/compressedlevels/112x84_Level17_G.json,Data,Assets/RecoveredOriginal/Data/SourceResources/compressedlevels/112x84_Level17_G.json,e75999c5a6ec43442927c1ad1ffbf2ba
Resources/compressedlevels/112x84_Level18_H.json,Data,Assets/RecoveredOriginal/Data/SourceResources/compressedlevels/112x84_Level18_H.json,7da167cd17040094191c38cd2e567cd4
Resources/compressedlevels/112x84_Level18_H_Dupe.json,Data,Assets/RecoveredOriginal/Data/SourceResources/compressedlevels/112x84_Level18_H_Dupe.json,31af7eb997273fd40ade07abf65497a3
Resources/compressedlevels/112x84_Level19_G.json,Data,Assets/RecoveredOriginal/Data/SourceResources/compressedlevels/112x84_Level19_G.json,b23028e8c6ad86b49b08725999805b8a
Resources/compressedlevels/112x84_Level19_G_Dupe.json,Data,Assets/RecoveredOriginal/Data/SourceResources/compressedlevels/112x84_Level19_G_Dupe.json,106ba68130d09624588dcfa4574ebe72
Resources/compressedlevels/112x84_Level20_G.json,Data,Assets/RecoveredOriginal/Data/SourceResources/compressedlevels/112x84_Level20_G.json,c167e859f97b63a41872972ddde74043
Resources/compressedlevels/112x84_Level20_G_Dupe.json,Data,Assets/RecoveredOriginal/Data/SourceResources/compressedlevels/112x84_Level20_G_Dupe.json,eda12a96d5adaa34ea41ec9cb6d650c5
Resources/compressedlevels/112x84_Level21_G.json,Data,Assets/RecoveredOriginal/Data/SourceResources/compressedlevels/112x84_Level21_G.json,3782c613d83bfa54aaf2758e7f19cdc4
Resources/compressedlevels/112x84_Level21_G_Dupe.json,Data,Assets/RecoveredOriginal/Data/SourceResources/compressedlevels/112x84_Level21_G_Dupe.json,8289f09847f8c5c4eb2327d046d52772
Resources/compressedlevels/112x84_Level22_D.json,Data,Assets/RecoveredOriginal/Data/SourceResources/compressedlevels/112x84_Level22_D.json,0852e2a9106d7f046863bb03f0e1eb16
Resources/compressedlevels/112x84_Level24_A.json,Data,Assets/RecoveredOriginal/Data/SourceResources/compressedlevels/112x84_Level24_A.json,972edece59ece534fbfaf62f40869f3c
Resources/compressedlevels/112x84_Level25_A.json,Data,Assets/RecoveredOriginal/Data/SourceResources/compressedlevels/112x84_Level25_A.json,ab3edf9f303fba94f8b3bcccf42d4390
Resources/compressedlevels/112x84_Level26_A.json,Data,Assets/RecoveredOriginal/Data/SourceResources/compressedlevels/112x84_Level26_A.json,97e80024a9e498b44baad1e4686298fe
Resources/compressedlevels/112x84_Level26_A_Dupe.json,Data,Assets/RecoveredOriginal/Data/SourceResources/compressedlevels/112x84_Level26_A_Dupe.json,f53a418c6ecc1df4ea442985db764c49
Resources/compressedlevels/112x84_Level27_A.json,Data,Assets/RecoveredOriginal/Data/SourceResources/compressedlevels/112x84_Level27_A.json,62adf762d5fc3774d9e326aad0180231
Resources/compressedlevels/112x84_Level27_A_Dupe.json,Data,Assets/RecoveredOriginal/Data/SourceResources/compressedlevels/112x84_Level27_A_Dupe.json,7fac7c81eefa246408085be22d043eef
Resources/compressedlevels/112x84_Level28_A.json,Data,Assets/RecoveredOriginal/Data/SourceResources/compressedlevels/112x84_Level28_A.json,a5c18802bd0914945b23c140cb9f2bf8
Resources/compressedlevels/112x84_Level29_A.json,Data,Assets/RecoveredOriginal/Data/SourceResources/compressedlevels/112x84_Level29_A.json,74f70fdad85f733419926bf3053e56c2
Resources/compressedlevels/112x84_Level29_A_Dupe.json,Data,Assets/RecoveredOriginal/Data/SourceResources/compressedlevels/112x84_Level29_A_Dupe.json,25208a45790a2244a8b22c4dc5088e46
Resources/compressedlevels/112x84_Level2_B.json,Data,Assets/RecoveredOriginal/Data/SourceResources/compressedlevels/112x84_Level2_B.json,b22f14adbef8bce43a3b5b85bd9a15ee
Resources/compressedlevels/112x84_Level2_B_Dupe.json,Data,Assets/RecoveredOriginal/Data/SourceResources/compressedlevels/112x84_Level2_B_Dupe.json,c6f32bccd21f08c40add7e807deb423e
Resources/compressedlevels/112x84_Level30_A.json,Data,Assets/RecoveredOriginal/Data/SourceResources/compressedlevels/112x84_Level30_A.json,428787678c7edb84b8e91a3ded03afa4
Resources/compressedlevels/112x84_Level31_ArtDrawing.json,Data,Assets/RecoveredOriginal/Data/SourceResources/compressedlevels/112x84_Level31_ArtDrawing.json,d5f5ea16f4d6cb440a474a137b70a867
Resources/compressedlevels/112x84_Level31_Bird 1.json,Data,Assets/RecoveredOriginal/Data/SourceResources/compressedlevels/112x84_Level31_Bird 1.json,0cba966fd3922a1478f16ba52bcf2718
Resources/compressedlevels/112x84_Level31_Bird 1_Dupe.json,Data,Assets/RecoveredOriginal/Data/SourceResources/compressedlevels/112x84_Level31_Bird 1_Dupe.json,b86df376e93d84242ace56275aca944e
Resources/compressedlevels/112x84_Level31_Bird.json,Data,Assets/RecoveredOriginal/Data/SourceResources/compressedlevels/112x84_Level31_Bird.json,eacdcb0393aacc54eb445d502b1f94a3
Resources/compressedlevels/112x84_Level31_Bird_Dupe.json,Data,Assets/RecoveredOriginal/Data/SourceResources/compressedlevels/112x84_Level31_Bird_Dupe.json,a05c0aa6f4a1e7f4cb71c378864ee723
Resources/compressedlevels/112x84_Level31_Charlie.json,Data,Assets/RecoveredOriginal/Data/SourceResources/compressedlevels/112x84_Level31_Charlie.json,85df7eb4232d6714a91f54d0c355a880
Resources/compressedlevels/112x84_Level31_Charlie_Dupe.json,Data,Assets/RecoveredOriginal/Data/SourceResources/compressedlevels/112x84_Level31_Charlie_Dupe.json,d7f3fcea5e6b8614d8d744ade793cc10
Resources/compressedlevels/112x84_Level31_Cubist.json,Data,Assets/RecoveredOriginal/Data/SourceResources/compressedlevels/112x84_Level31_Cubist.json,7b53b083b02eac943bf403650095243b
Resources/compressedlevels/112x84_Level31_Cubist2.json,Data,Assets/RecoveredOriginal/Data/SourceResources/compressedlevels/112x84_Level31_Cubist2.json,499a9687eaedf624bb4a5fb866506044
Resources/compressedlevels/112x84_Level31_Cubist2_Dupe.json,Data,Assets/RecoveredOriginal/Data/SourceResources/compressedlevels/112x84_Level31_Cubist2_Dupe.json,0b8dfc75e3f7ed34fa393d6b8ca2b3da
Resources/compressedlevels/112x84_Level31_D.json,Data,Assets/RecoveredOriginal/Data/SourceResources/compressedlevels/112x84_Level31_D.json,ad234efc12ebd0c4da109cb7cea57023
Resources/compressedlevels/112x84_Level31_Desert.json,Data,Assets/RecoveredOriginal/Data/SourceResources/compressedlevels/112x84_Level31_Desert.json,d2840d423b506f04eacda43ea6736ebb
Resources/compressedlevels/112x84_Level31_Desert_Dupe.json,Data,Assets/RecoveredOriginal/Data/SourceResources/compressedlevels/112x84_Level31_Desert_Dupe.json,5ff0029cf3a02b2488d92e6b0fe65c3d
Resources/compressedlevels/112x84_Level31_Drum.json,Data,Assets/RecoveredOriginal/Data/SourceResources/compressedlevels/112x84_Level31_Drum.json,8fd658c1363aee84c83c52166ff82ae5
Resources/compressedlevels/112x84_Level31_Einstein.json,Data,Assets/RecoveredOriginal/Data/SourceResources/compressedlevels/112x84_Level31_Einstein.json,1279578c06a4e6a46b9ae8f98887f6d7
Resources/compressedlevels/112x84_Level31_Einstein_Dupe.json,Data,Assets/RecoveredOriginal/Data/SourceResources/compressedlevels/112x84_Level31_Einstein_Dupe.json,a9400eaa9949d4e419ab2ab2be2d4792
Resources/compressedlevels/112x84_Level31_ElonMusk.json,Data,Assets/RecoveredOriginal/Data/SourceResources/compressedlevels/112x84_Level31_ElonMusk.json,6fa2c1e93084cea4ab4cfe9c962036e7
Resources/compressedlevels/112x84_Level31_ElonMusk_Dupe.json,Data,Assets/RecoveredOriginal/Data/SourceResources/compressedlevels/112x84_Level31_ElonMusk_Dupe.json,feb54551fd8809c459a3cdc558dd0d3d
Resources/compressedlevels/112x84_Level31_EyeDost.json,Data,Assets/RecoveredOriginal/Data/SourceResources/compressedlevels/112x84_Level31_EyeDost.json,c3677c6aeaf09624b9e19363f52e660d
Resources/compressedlevels/112x84_Level31_EyeDost_Dupe.json,Data,Assets/RecoveredOriginal/Data/SourceResources/compressedlevels/112x84_Level31_EyeDost_Dupe.json,0a83fefa9f0b7b043882bb744c374c2d
Resources/compressedlevels/112x84_Level31_Fish.json,Data,Assets/RecoveredOriginal/Data/SourceResources/compressedlevels/112x84_Level31_Fish.json,c1aaf4394a54a3e4eb55d1b29503e294
Resources/compressedlevels/112x84_Level31_Fish_Dupe.json,Data,Assets/RecoveredOriginal/Data/SourceResources/compressedlevels/112x84_Level31_Fish_Dupe.json,7dcaea2381e7897489330eb33a01a4f8
Resources/compressedlevels/112x84_Level31_GirlFlower.json,Data,Assets/RecoveredOriginal/Data/SourceResources/compressedlevels/112x84_Level31_GirlFlower.json,d7a213e5cfd6b7e4086bbd1714cc3f17
Resources/compressedlevels/112x84_Level31_GirlFlower_Dupe.json,Data,Assets/RecoveredOriginal/Data/SourceResources/compressedlevels/112x84_Level31_GirlFlower_Dupe.json,0836c0048ee20fe4484bd9a06de3b6fb
Resources/compressedlevels/112x84_Level31_GreenGirl.json,Data,Assets/RecoveredOriginal/Data/SourceResources/compressedlevels/112x84_Level31_GreenGirl.json,d6fab8640bd55c24bb23de5f2c50b264
Resources/compressedlevels/112x84_Level31_Heros 1.json,Data,Assets/RecoveredOriginal/Data/SourceResources/compressedlevels/112x84_Level31_Heros 1.json,9391b8b1ed5ad624c9e274340caa3395
Resources/compressedlevels/112x84_Level31_Heros 1_Dupe.json,Data,Assets/RecoveredOriginal/Data/SourceResources/compressedlevels/112x84_Level31_Heros 1_Dupe.json,a78cbfdec806c3942a29b1eef477c379
Resources/compressedlevels/112x84_Level31_Heros 2.json,Data,Assets/RecoveredOriginal/Data/SourceResources/compressedlevels/112x84_Level31_Heros 2.json,e135d35829daa9f4b97895c819f0b247
Resources/compressedlevels/112x84_Level31_Heros 3.json,Data,Assets/RecoveredOriginal/Data/SourceResources/compressedlevels/112x84_Level31_Heros 3.json,fdccee99bbc25694eaa2c2c46f9ee9ec
Resources/compressedlevels/112x84_Level31_Heros.json,Data,Assets/RecoveredOriginal/Data/SourceResources/compressedlevels/112x84_Level31_Heros.json,6eebed227d01eaa418020ef3dbfc1544
Resources/compressedlevels/112x84_Level31_Heros_Dupe.json,Data,Assets/RecoveredOriginal/Data/SourceResources/compressedlevels/112x84_Level31_Heros_Dupe.json,539cbd14325b5154bb765a7a4a4e4087
Resources/compressedlevels/112x84_Level31_Land.json,Data,Assets/RecoveredOriginal/Data/SourceResources/compressedlevels/112x84_Level31_Land.json,78fec9f3d47437f48a1ec50439f660d5
Resources/compressedlevels/112x84_Level31_Lotus.json,Data,Assets/RecoveredOriginal/Data/SourceResources/compressedlevels/112x84_Level31_Lotus.json,f62d20def0167d34292f4cab7d606601
Resources/compressedlevels/112x84_Level31_Mandala.json,Data,Assets/RecoveredOriginal/Data/SourceResources/compressedlevels/112x84_Level31_Mandala.json,c49b52b48643b014a8ddd53f120af6ba
Resources/compressedlevels/112x84_Level31_Mandala_Dupe.json,Data,Assets/RecoveredOriginal/Data/SourceResources/compressedlevels/112x84_Level31_Mandala_Dupe.json,c31574f552e6ee145a00b4ffbcecc5d6
Resources/compressedlevels/112x84_Level31_Mantar.json,Data,Assets/RecoveredOriginal/Data/SourceResources/compressedlevels/112x84_Level31_Mantar.json,f840e6012f8486c4fb5f3f55f0a2d23b
Resources/compressedlevels/112x84_Level31_Owl.json,Data,Assets/RecoveredOriginal/Data/SourceResources/compressedlevels/112x84_Level31_Owl.json,d5c5100760bd4294da1791464c1f97dd
Resources/compressedlevels/112x84_Level31_Owl_Dupe.json,Data,Assets/RecoveredOriginal/Data/SourceResources/compressedlevels/112x84_Level31_Owl_Dupe.json,02192f9b18e2eb34f952627fd6de671d
Resources/compressedlevels/112x84_Level31_Plant 1.json,Data,Assets/RecoveredOriginal/Data/SourceResources/compressedlevels/112x84_Level31_Plant 1.json,68110175f8b93714eb9800de5e8dd9c5
Resources/compressedlevels/112x84_Level31_Plant 1_Dupe.json,Data,Assets/RecoveredOriginal/Data/SourceResources/compressedlevels/112x84_Level31_Plant 1_Dupe.json,e72c9c21ce633e141acac152fa1627c0
Resources/compressedlevels/112x84_Level31_Plant 2.json,Data,Assets/RecoveredOriginal/Data/SourceResources/compressedlevels/112x84_Level31_Plant 2.json,027fcd85e086e05408a25ca1027b7242
Resources/compressedlevels/112x84_Level31_Plant 2_Dupe.json,Data,Assets/RecoveredOriginal/Data/SourceResources/compressedlevels/112x84_Level31_Plant 2_Dupe.json,06c7863c1808bec4c90712fee9c416e0
Resources/compressedlevels/112x84_Level31_Plant.json,Data,Assets/RecoveredOriginal/Data/SourceResources/compressedlevels/112x84_Level31_Plant.json,59e6e8ab60852f24a8d6fa9f43dbc524
Resources/compressedlevels/112x84_Level31_RedWoman.json,Data,Assets/RecoveredOriginal/Data/SourceResources/compressedlevels/112x84_Level31_RedWoman.json,8c0ac73b61bfb96418f1fcdc0f2f3b07
Resources/compressedlevels/112x84_Level31_Saksafon.json,Data,Assets/RecoveredOriginal/Data/SourceResources/compressedlevels/112x84_Level31_Saksafon.json,89c4dbc8aae6af946b8d4617c8db7219
Resources/compressedlevels/112x84_Level31_Saksafon_Dupe.json,Data,Assets/RecoveredOriginal/Data/SourceResources/compressedlevels/112x84_Level31_Saksafon_Dupe.json,861a328eea399c64aa2aac409e6509ba
Resources/compressedlevels/112x84_Level31_Strawberry.json,Data,Assets/RecoveredOriginal/Data/SourceResources/compressedlevels/112x84_Level31_Strawberry.json,f9547513fd01f5d4c904177cdd745847
Resources/compressedlevels/112x84_Level31_Strawberry_Dupe.json,Data,Assets/RecoveredOriginal/Data/SourceResources/compressedlevels/112x84_Level31_Strawberry_Dupe.json,5f9ca703c717c6246b60521fe7932532
Resources/compressedlevels/112x84_Level31_Sunview.json,Data,Assets/RecoveredOriginal/Data/SourceResources/compressedlevels/112x84_Level31_Sunview.json,437f36e88cb75ac40b5120d5d237d91b
Resources/compressedlevels/112x84_Level31_Sunview_Dupe.json,Data,Assets/RecoveredOriginal/Data/SourceResources/compressedlevels/112x84_Level31_Sunview_Dupe.json,77a7b6be847797c48a9869c3020852a1
Resources/compressedlevels/112x84_Level31_TeaPot.json,Data,Assets/RecoveredOriginal/Data/SourceResources/compressedlevels/112x84_Level31_TeaPot.json,4ea32ee3a863b00448fd8fc63a8b1393
Resources/compressedlevels/112x84_Level31_TeaPot_Dupe.json,Data,Assets/RecoveredOriginal/Data/SourceResources/compressedlevels/112x84_Level31_TeaPot_Dupe.json,bcc244663ffa2bd41a23ea81c5560833
Resources/compressedlevels/112x84_Level31_Tutorial.json,Data,Assets/RecoveredOriginal/Data/SourceResources/compressedlevels/112x84_Level31_Tutorial.json,934f7ee3b19bbf14f89f16e724ee4149
Resources/compressedlevels/112x84_Level31_ViewColor.json,Data,Assets/RecoveredOriginal/Data/SourceResources/compressedlevels/112x84_Level31_ViewColor.json,caa93cfc8b1dca64c8efff57bd58a291
Resources/compressedlevels/112x84_Level31_ViewColor_Dupe.json,Data,Assets/RecoveredOriginal/Data/SourceResources/compressedlevels/112x84_Level31_ViewColor_Dupe.json,a22d48ce48989ab4eb3fd88bd8ba5bf0
Resources/compressedlevels/112x84_Level31_violin.json,Data,Assets/RecoveredOriginal/Data/SourceResources/compressedlevels/112x84_Level31_violin.json,463b0e40b228d504b871d2cdda4ea62f
Resources/compressedlevels/112x84_Level31_violin_Dupe.json,Data,Assets/RecoveredOriginal/Data/SourceResources/compressedlevels/112x84_Level31_violin_Dupe.json,8cfd7236c7047d14cb0bb3f5eaf279a4
Resources/compressedlevels/112x84_Level31_vWomanBlack.json,Data,Assets/RecoveredOriginal/Data/SourceResources/compressedlevels/112x84_Level31_vWomanBlack.json,b90b125ccd0b7f74d87f92a058b0c445
Resources/compressedlevels/112x84_Level31_vWomanBlack_Dupe.json,Data,Assets/RecoveredOriginal/Data/SourceResources/compressedlevels/112x84_Level31_vWomanBlack_Dupe.json,4cbb9ac6325d2d140abd81f25085b7de
Resources/compressedlevels/112x84_Level32_D.json,Data,Assets/RecoveredOriginal/Data/SourceResources/compressedlevels/112x84_Level32_D.json,a0b27fe7f04ef3945aaeb7745b835a35
Resources/compressedlevels/112x84_Level32_D_Dupe.json,Data,Assets/RecoveredOriginal/Data/SourceResources/compressedlevels/112x84_Level32_D_Dupe.json,0d8a517cf54a5b24d8f1853672ff0c97
Resources/compressedlevels/112x84_Level33_D.json,Data,Assets/RecoveredOriginal/Data/SourceResources/compressedlevels/112x84_Level33_D.json,1cf885e365160604c930db511e825eb2
Resources/compressedlevels/112x84_Level34_C.json,Data,Assets/RecoveredOriginal/Data/SourceResources/compressedlevels/112x84_Level34_C.json,35f4339cabdfb694781ba11e8f1c70f2
Resources/compressedlevels/112x84_Level35_C.json,Data,Assets/RecoveredOriginal/Data/SourceResources/compressedlevels/112x84_Level35_C.json,184ae45e5f687184ab78a1af4b6e20fd
Resources/compressedlevels/112x84_Level36_C.json,Data,Assets/RecoveredOriginal/Data/SourceResources/compressedlevels/112x84_Level36_C.json,136890c1db76659428a3d9bff7a96a1a
Resources/compressedlevels/112x84_Level37_C.json,Data,Assets/RecoveredOriginal/Data/SourceResources/compressedlevels/112x84_Level37_C.json,3a9265f667d868842b86c4ef6dad6191
Resources/compressedlevels/112x84_Level38_F.json,Data,Assets/RecoveredOriginal/Data/SourceResources/compressedlevels/112x84_Level38_F.json,dab5d4fbca5641743b83dd9e3281b1ff
Resources/compressedlevels/112x84_Level38_F_Dupe.json,Data,Assets/RecoveredOriginal/Data/SourceResources/compressedlevels/112x84_Level38_F_Dupe.json,1110f381c35c53e449f55ab3632675d7
Resources/compressedlevels/112x84_Level3_B.json,Data,Assets/RecoveredOriginal/Data/SourceResources/compressedlevels/112x84_Level3_B.json,80f7fcdd37309284f8cbc70adb5fea35
Resources/compressedlevels/112x84_Level4_B.json,Data,Assets/RecoveredOriginal/Data/SourceResources/compressedlevels/112x84_Level4_B.json,729c7dd96ef1f0f4e982f67055d43013
Resources/compressedlevels/112x84_Level5_B.json,Data,Assets/RecoveredOriginal/Data/SourceResources/compressedlevels/112x84_Level5_B.json,469c58f60acb38e4daf9220be582fce6
Resources/compressedlevels/112x84_Level5_B_Dupe.json,Data,Assets/RecoveredOriginal/Data/SourceResources/compressedlevels/112x84_Level5_B_Dupe.json,cf4faeacae02cf3428f776222d1a5658
Resources/compressedlevels/112x84_Level6_B.json,Data,Assets/RecoveredOriginal/Data/SourceResources/compressedlevels/112x84_Level6_B.json,2eaa7955808aff047a4e8ae06d5b0229
Resources/compressedlevels/112x84_Level6_B_Dupe.json,Data,Assets/RecoveredOriginal/Data/SourceResources/compressedlevels/112x84_Level6_B_Dupe.json,f7b86cac323658044ad8fc0624b74b26
Resources/compressedlevels/112x84_Level7_B.json,Data,Assets/RecoveredOriginal/Data/SourceResources/compressedlevels/112x84_Level7_B.json,86ad6ba060b9da94798d73a65f3b9d05
Resources/compressedlevels/112x84_Level8_B.json,Data,Assets/RecoveredOriginal/Data/SourceResources/compressedlevels/112x84_Level8_B.json,8dee15b179bf1ea489fd022c83c8da7e
Resources/compressedlevels/112x84_Level8_B_Dupe.json,Data,Assets/RecoveredOriginal/Data/SourceResources/compressedlevels/112x84_Level8_B_Dupe.json,fb704fb64da4a654ab23b43cf01f026c
Resources/compressedlevels/112x84_Level9_B.json,Data,Assets/RecoveredOriginal/Data/SourceResources/compressedlevels/112x84_Level9_B.json,2e9ed3d824e9c784cb3bbd45284a7132
Resources/compressedlevels/112x84_ModernPosters_1.json,Data,Assets/RecoveredOriginal/Data/SourceResources/compressedlevels/112x84_ModernPosters_1.json,5195328964ad87d4faf5b3ce5ef49fde
Resources/compressedlevels/112x84_ModernPosters_10.json,Data,Assets/RecoveredOriginal/Data/SourceResources/compressedlevels/112x84_ModernPosters_10.json,28d2c0860887ea64bae07910cb98ac79
Resources/compressedlevels/112x84_ModernPosters_11.json,Data,Assets/RecoveredOriginal/Data/SourceResources/compressedlevels/112x84_ModernPosters_11.json,78cb4dbdd2f0fa143b64767a36af19eb
Resources/compressedlevels/112x84_ModernPosters_12.json,Data,Assets/RecoveredOriginal/Data/SourceResources/compressedlevels/112x84_ModernPosters_12.json,de6989ca578ab0e4db336b5477e896e9
Resources/compressedlevels/112x84_ModernPosters_13.json,Data,Assets/RecoveredOriginal/Data/SourceResources/compressedlevels/112x84_ModernPosters_13.json,b8c9803aadbff7d49bc3dabb4092e723
Resources/compressedlevels/112x84_ModernPosters_14.json,Data,Assets/RecoveredOriginal/Data/SourceResources/compressedlevels/112x84_ModernPosters_14.json,e2b31fa27beabb34a8719c1ff0d10257
Resources/compressedlevels/112x84_ModernPosters_15.json,Data,Assets/RecoveredOriginal/Data/SourceResources/compressedlevels/112x84_ModernPosters_15.json,e9242c2cd99494f418fcdf0fa8d85e9e
Resources/compressedlevels/112x84_ModernPosters_2.json,Data,Assets/RecoveredOriginal/Data/SourceResources/compressedlevels/112x84_ModernPosters_2.json,ada01df2b75efef459b8b202cd8d52b1
Resources/compressedlevels/112x84_ModernPosters_3.json,Data,Assets/RecoveredOriginal/Data/SourceResources/compressedlevels/112x84_ModernPosters_3.json,a550b10d962d23946a727f60202299c0
Resources/compressedlevels/112x84_ModernPosters_4.json,Data,Assets/RecoveredOriginal/Data/SourceResources/compressedlevels/112x84_ModernPosters_4.json,4002883c336e5e54e9735efc84c7392b
Resources/compressedlevels/112x84_ModernPosters_5.json,Data,Assets/RecoveredOriginal/Data/SourceResources/compressedlevels/112x84_ModernPosters_5.json,5b5ca6576550e154dbdb1fcae03a4c1f
Resources/compressedlevels/112x84_ModernPosters_6.json,Data,Assets/RecoveredOriginal/Data/SourceResources/compressedlevels/112x84_ModernPosters_6.json,fce09eb7ab85b3444b52ce1ea0187386
Resources/compressedlevels/112x84_ModernPosters_7.json,Data,Assets/RecoveredOriginal/Data/SourceResources/compressedlevels/112x84_ModernPosters_7.json,910c14a01df5f654d88544f246b1b6a3
Resources/compressedlevels/112x84_ModernPosters_8.json,Data,Assets/RecoveredOriginal/Data/SourceResources/compressedlevels/112x84_ModernPosters_8.json,049fced562c50444baab00a3151ddbd6
Resources/compressedlevels/112x84_ModernPosters_9.json,Data,Assets/RecoveredOriginal/Data/SourceResources/compressedlevels/112x84_ModernPosters_9.json,c2d043aa6f824aa4d9206594db256a2b
Resources/compressedlevels/112x84_musicians_1.json,Data,Assets/RecoveredOriginal/Data/SourceResources/compressedlevels/112x84_musicians_1.json,bb86e9c6b4202064aa8a3bddae275929
Resources/compressedlevels/112x84_musicians_10.json,Data,Assets/RecoveredOriginal/Data/SourceResources/compressedlevels/112x84_musicians_10.json,223403146b47f6742b60f955af3628f1
Resources/compressedlevels/112x84_musicians_11.json,Data,Assets/RecoveredOriginal/Data/SourceResources/compressedlevels/112x84_musicians_11.json,861f305799c28cb42946b930b5852016
Resources/compressedlevels/112x84_musicians_11_Dupe.json,Data,Assets/RecoveredOriginal/Data/SourceResources/compressedlevels/112x84_musicians_11_Dupe.json,fd9860bc9a1e69c458284309659e8048
Resources/compressedlevels/112x84_musicians_12.json,Data,Assets/RecoveredOriginal/Data/SourceResources/compressedlevels/112x84_musicians_12.json,449bae73fd57a8a4f9c2f34a08e40654
Resources/compressedlevels/112x84_musicians_13.json,Data,Assets/RecoveredOriginal/Data/SourceResources/compressedlevels/112x84_musicians_13.json,c1ace18ef55076942bb2356d3ae02846
Resources/compressedlevels/112x84_musicians_14.json,Data,Assets/RecoveredOriginal/Data/SourceResources/compressedlevels/112x84_musicians_14.json,d418dd376dcde6149bdd7d73b5e985b5
Resources/compressedlevels/112x84_musicians_15.json,Data,Assets/RecoveredOriginal/Data/SourceResources/compressedlevels/112x84_musicians_15.json,53d98d8c08934794b941b2d82b3ad0b5
Resources/compressedlevels/112x84_musicians_15_Dupe.json,Data,Assets/RecoveredOriginal/Data/SourceResources/compressedlevels/112x84_musicians_15_Dupe.json,7161c6093271a90458f884b9fb54f729
Resources/compressedlevels/112x84_musicians_1_Dupe.json,Data,Assets/RecoveredOriginal/Data/SourceResources/compressedlevels/112x84_musicians_1_Dupe.json,6585896a5fc13ad4e81da44223e914ce
Resources/compressedlevels/112x84_musicians_2.json,Data,Assets/RecoveredOriginal/Data/SourceResources/compressedlevels/112x84_musicians_2.json,9c8a392ccfef4d845bfa6d15f72f4e42
Resources/compressedlevels/112x84_musicians_2_Dupe.json,Data,Assets/RecoveredOriginal/Data/SourceResources/compressedlevels/112x84_musicians_2_Dupe.json,3b9d49e1fefe82b4ca7d79da90b41bc7
Resources/compressedlevels/112x84_musicians_3.json,Data,Assets/RecoveredOriginal/Data/SourceResources/compressedlevels/112x84_musicians_3.json,32e7f2f877ad55740ba37cd11b3c2ff1
Resources/compressedlevels/112x84_musicians_4.json,Data,Assets/RecoveredOriginal/Data/SourceResources/compressedlevels/112x84_musicians_4.json,05fc3fc3e024f3a41b3ec1815ca10acf
Resources/compressedlevels/112x84_musicians_5.json,Data,Assets/RecoveredOriginal/Data/SourceResources/compressedlevels/112x84_musicians_5.json,4ad8b475b0526284b9d3271a57c49115
Resources/compressedlevels/112x84_musicians_6.json,Data,Assets/RecoveredOriginal/Data/SourceResources/compressedlevels/112x84_musicians_6.json,8e028fda589137542b67abe40f2e5a85
Resources/compressedlevels/112x84_musicians_6_Dupe.json,Data,Assets/RecoveredOriginal/Data/SourceResources/compressedlevels/112x84_musicians_6_Dupe.json,d8cb50553294cac49a220ffc208bb16f
Resources/compressedlevels/112x84_musicians_7.json,Data,Assets/RecoveredOriginal/Data/SourceResources/compressedlevels/112x84_musicians_7.json,4acb1e9aeaeeb59429fecab9023abd3b
Resources/compressedlevels/112x84_musicians_8.json,Data,Assets/RecoveredOriginal/Data/SourceResources/compressedlevels/112x84_musicians_8.json,68febadd7d96bc147b6c3bcb905ccef0
Resources/compressedlevels/112x84_musicians_9.json,Data,Assets/RecoveredOriginal/Data/SourceResources/compressedlevels/112x84_musicians_9.json,d3a7f2c044eb1bd49909858e5d39ecb8
Resources/compressedlevels/112x84_musicians_9_Dupe.json,Data,Assets/RecoveredOriginal/Data/SourceResources/compressedlevels/112x84_musicians_9_Dupe.json,737cbc98cafc5c94fb088555f3a1df6b
Resources/compressedlevels/112x84_NewLevel_Princess_1.json,Data,Assets/RecoveredOriginal/Data/SourceResources/compressedlevels/112x84_NewLevel_Princess_1.json,f169007d36264874c9b3a0899fcce4e8
Resources/compressedlevels/112x84_NewLevel_Princess_10.json,Data,Assets/RecoveredOriginal/Data/SourceResources/compressedlevels/112x84_NewLevel_Princess_10.json,172e6443043d37146985ec8c5b40d541
Resources/compressedlevels/112x84_NewLevel_Princess_11.json,Data,Assets/RecoveredOriginal/Data/SourceResources/compressedlevels/112x84_NewLevel_Princess_11.json,b83ce90cb720d1a47acf332dde426074
Resources/compressedlevels/112x84_NewLevel_Princess_11_Dupe.json,Data,Assets/RecoveredOriginal/Data/SourceResources/compressedlevels/112x84_NewLevel_Princess_11_Dupe.json,13441a6e283eabf4aaadf9d7c9466f8c
Resources/compressedlevels/112x84_NewLevel_Princess_12.json,Data,Assets/RecoveredOriginal/Data/SourceResources/compressedlevels/112x84_NewLevel_Princess_12.json,0ac5940507f638c43ab7d8edb2af97e5
Resources/compressedlevels/112x84_NewLevel_Princess_13.json,Data,Assets/RecoveredOriginal/Data/SourceResources/compressedlevels/112x84_NewLevel_Princess_13.json,2d7371d350dee984e81ccad0769a060b
Resources/compressedlevels/112x84_NewLevel_Princess_13_Dupe.json,Data,Assets/RecoveredOriginal/Data/SourceResources/compressedlevels/112x84_NewLevel_Princess_13_Dupe.json,887af56347b1beb449f569b7f45d00ad
Resources/compressedlevels/112x84_NewLevel_Princess_14.json,Data,Assets/RecoveredOriginal/Data/SourceResources/compressedlevels/112x84_NewLevel_Princess_14.json,4d4e786e8811ebc46ac439f888ed290f
Resources/compressedlevels/112x84_NewLevel_Princess_14_Dupe.json,Data,Assets/RecoveredOriginal/Data/SourceResources/compressedlevels/112x84_NewLevel_Princess_14_Dupe.json,ed8c2860566347246a87c6fb478ee778
Resources/compressedlevels/112x84_NewLevel_Princess_15.json,Data,Assets/RecoveredOriginal/Data/SourceResources/compressedlevels/112x84_NewLevel_Princess_15.json,8d672dcb0c3fda3438e08e2f89228dcc
Resources/compressedlevels/112x84_NewLevel_Princess_15_Dupe.json,Data,Assets/RecoveredOriginal/Data/SourceResources/compressedlevels/112x84_NewLevel_Princess_15_Dupe.json,e8d7893fb7137e142a74f43663ecc68d
Resources/compressedlevels/112x84_NewLevel_Princess_2.json,Data,Assets/RecoveredOriginal/Data/SourceResources/compressedlevels/112x84_NewLevel_Princess_2.json,2d82cc4e04fae254ca64763221f10871
Resources/compressedlevels/112x84_NewLevel_Princess_3.json,Data,Assets/RecoveredOriginal/Data/SourceResources/compressedlevels/112x84_NewLevel_Princess_3.json,1aa4b64c488b509448dd792880180297
Resources/compressedlevels/112x84_NewLevel_Princess_3_Dupe.json,Data,Assets/RecoveredOriginal/Data/SourceResources/compressedlevels/112x84_NewLevel_Princess_3_Dupe.json,cf28cf29932a8e64abed58e341b30a3e
Resources/compressedlevels/112x84_NewLevel_Princess_4.json,Data,Assets/RecoveredOriginal/Data/SourceResources/compressedlevels/112x84_NewLevel_Princess_4.json,0e92091250eb09b45899ee7dc2219419
Resources/compressedlevels/112x84_NewLevel_Princess_5.json,Data,Assets/RecoveredOriginal/Data/SourceResources/compressedlevels/112x84_NewLevel_Princess_5.json,bd5f5e5e0052908459ee932d230c1b25
Resources/compressedlevels/112x84_NewLevel_Princess_5_Dupe.json,Data,Assets/RecoveredOriginal/Data/SourceResources/compressedlevels/112x84_NewLevel_Princess_5_Dupe.json,71ccc7e61c638ad4291230f5dd2f6015
Resources/compressedlevels/112x84_NewLevel_Princess_6.json,Data,Assets/RecoveredOriginal/Data/SourceResources/compressedlevels/112x84_NewLevel_Princess_6.json,f3d85f32f15c23341ae9cda74e3b0db1
Resources/compressedlevels/112x84_NewLevel_Princess_6_Dupe.json,Data,Assets/RecoveredOriginal/Data/SourceResources/compressedlevels/112x84_NewLevel_Princess_6_Dupe.json,2a7f54825f22a8b4a93c3a83fa79a234
Resources/compressedlevels/112x84_NewLevel_Princess_7.json,Data,Assets/RecoveredOriginal/Data/SourceResources/compressedlevels/112x84_NewLevel_Princess_7.json,52fae0cc6b684884589d8d19d96a33ab
Resources/compressedlevels/112x84_NewLevel_Princess_7_Dupe.json,Data,Assets/RecoveredOriginal/Data/SourceResources/compressedlevels/112x84_NewLevel_Princess_7_Dupe.json,cbd26106a94faa24e921560a60369daf
Resources/compressedlevels/112x84_NewLevel_Princess_8.json,Data,Assets/RecoveredOriginal/Data/SourceResources/compressedlevels/112x84_NewLevel_Princess_8.json,638f371f958dd694aa3d1d66a98beef8
Resources/compressedlevels/112x84_NewLevel_Princess_8_Dupe.json,Data,Assets/RecoveredOriginal/Data/SourceResources/compressedlevels/112x84_NewLevel_Princess_8_Dupe.json,e54bf7d07cd95b94b9218761f8cf1b2f
Resources/compressedlevels/112x84_NewLevel_Princess_9.json,Data,Assets/RecoveredOriginal/Data/SourceResources/compressedlevels/112x84_NewLevel_Princess_9.json,946178edff2ebbd48b30f02595a7b59a
Resources/compressedlevels/112x84_NewLevel_SummerVibe_10.json,Data,Assets/RecoveredOriginal/Data/SourceResources/compressedlevels/112x84_NewLevel_SummerVibe_10.json,bcc72085cb794be4eafc6d6f2546ea7c
Resources/compressedlevels/112x84_NewLevel_SummerVibe_10_Dupe.json,Data,Assets/RecoveredOriginal/Data/SourceResources/compressedlevels/112x84_NewLevel_SummerVibe_10_Dupe.json,29be9616a71bfdf4ea4799bdfc2de3d7
Resources/compressedlevels/112x84_NewLevel_SummerVibe_11.json,Data,Assets/RecoveredOriginal/Data/SourceResources/compressedlevels/112x84_NewLevel_SummerVibe_11.json,3363917477d7811449358b2b5236397d
Resources/compressedlevels/112x84_NewLevel_SummerVibe_11_Dupe.json,Data,Assets/RecoveredOriginal/Data/SourceResources/compressedlevels/112x84_NewLevel_SummerVibe_11_Dupe.json,ea167239c87441a49b9399c217ca20b4
Resources/compressedlevels/112x84_NewLevel_SummerVibe_12.json,Data,Assets/RecoveredOriginal/Data/SourceResources/compressedlevels/112x84_NewLevel_SummerVibe_12.json,d69d6c35061fc924598baabd21e42728
Resources/compressedlevels/112x84_NewLevel_SummerVibe_12_Dupe.json,Data,Assets/RecoveredOriginal/Data/SourceResources/compressedlevels/112x84_NewLevel_SummerVibe_12_Dupe.json,c97f49cb17b5c914a85f23e476ba2349
Resources/compressedlevels/112x84_NewLevel_SummerVibe_13.json,Data,Assets/RecoveredOriginal/Data/SourceResources/compressedlevels/112x84_NewLevel_SummerVibe_13.json,b3e0c89fe2b20f14bb9ea400451757b5
Resources/compressedlevels/112x84_NewLevel_SummerVibe_13_Dupe.json,Data,Assets/RecoveredOriginal/Data/SourceResources/compressedlevels/112x84_NewLevel_SummerVibe_13_Dupe.json,4bdeab77af1eee84f9b0b222e5aeb1b0
Resources/compressedlevels/112x84_NewLevel_SummerVibe_14.json,Data,Assets/RecoveredOriginal/Data/SourceResources/compressedlevels/112x84_NewLevel_SummerVibe_14.json,0fedda0d6a6128e479078bec8da3e7e7
Resources/compressedlevels/112x84_NewLevel_SummerVibe_3.json,Data,Assets/RecoveredOriginal/Data/SourceResources/compressedlevels/112x84_NewLevel_SummerVibe_3.json,68e8b5fde9edb9641a2eb5849910bf03
Resources/compressedlevels/112x84_NewLevel_SummerVibe_4.json,Data,Assets/RecoveredOriginal/Data/SourceResources/compressedlevels/112x84_NewLevel_SummerVibe_4.json,9b105c71d88fc7147aef5b00547f4abb
Resources/compressedlevels/112x84_NewLevel_SummerVibe_5.json,Data,Assets/RecoveredOriginal/Data/SourceResources/compressedlevels/112x84_NewLevel_SummerVibe_5.json,12962ca4158e53c4aa98dc104a2ae640
Resources/compressedlevels/112x84_NewLevel_SummerVibe_5_Dupe.json,Data,Assets/RecoveredOriginal/Data/SourceResources/compressedlevels/112x84_NewLevel_SummerVibe_5_Dupe.json,8415e7744ab914e4c8f415288ef3b36b
Resources/compressedlevels/112x84_NewLevel_SummerVibe_6.json,Data,Assets/RecoveredOriginal/Data/SourceResources/compressedlevels/112x84_NewLevel_SummerVibe_6.json,81a1e3b5ecf82e544886dc23f4e173ca
Resources/compressedlevels/112x84_NewLevel_SummerVibe_7.json,Data,Assets/RecoveredOriginal/Data/SourceResources/compressedlevels/112x84_NewLevel_SummerVibe_7.json,06f2f13414ded324faf2d3263d530405
Resources/compressedlevels/112x84_NewLevel_SummerVibe_7_Dupe.json,Data,Assets/RecoveredOriginal/Data/SourceResources/compressedlevels/112x84_NewLevel_SummerVibe_7_Dupe.json,cfe39a52a45f4cb438f95f30c3db95d0
Resources/compressedlevels/112x84_NewLevel_SummerVibe_8.json,Data,Assets/RecoveredOriginal/Data/SourceResources/compressedlevels/112x84_NewLevel_SummerVibe_8.json,fd27519ac9cbb2049a5c95ec2050a81e
Resources/compressedlevels/112x84_NewLevel_SummerVibe_9.json,Data,Assets/RecoveredOriginal/Data/SourceResources/compressedlevels/112x84_NewLevel_SummerVibe_9.json,533763f334ab8f14f849251cf47d120b
Resources/compressedlevels/112x84_NewLevel_SummerVibe_9_Dupe.json,Data,Assets/RecoveredOriginal/Data/SourceResources/compressedlevels/112x84_NewLevel_SummerVibe_9_Dupe.json,a7b226d0e2094d541a5ba9b1e303d297
Resources/compressedlevels/112x84_New_Level10-wildlife.json,Data,Assets/RecoveredOriginal/Data/SourceResources/compressedlevels/112x84_New_Level10-wildlife.json,7b6443df3dadaf047ab243825218ef8f
Resources/compressedlevels/112x84_New_Level10-wildlife_Dupe.json,Data,Assets/RecoveredOriginal/Data/SourceResources/compressedlevels/112x84_New_Level10-wildlife_Dupe.json,f2bd264a33f2c6448adbb309e193a48b
Resources/compressedlevels/112x84_New_Level11-wildlife.json,Data,Assets/RecoveredOriginal/Data/SourceResources/compressedlevels/112x84_New_Level11-wildlife.json,e8eb0299b7c9f974cb8366227e48217f
Resources/compressedlevels/112x84_New_Level11-wildlife_Dupe.json,Data,Assets/RecoveredOriginal/Data/SourceResources/compressedlevels/112x84_New_Level11-wildlife_Dupe.json,8ce66edcb32bd494e97c874aa3b7fcf1
Resources/compressedlevels/112x84_New_Level18-womeninart.json,Data,Assets/RecoveredOriginal/Data/SourceResources/compressedlevels/112x84_New_Level18-womeninart.json,b2fd87e7c33de564bba8c50a99790251
Resources/compressedlevels/112x84_New_Level19-abstract.json,Data,Assets/RecoveredOriginal/Data/SourceResources/compressedlevels/112x84_New_Level19-abstract.json,ef419fcc2a77a944eba98369bd41c83a
Resources/compressedlevels/112x84_New_Level19-abstract_Dupe.json,Data,Assets/RecoveredOriginal/Data/SourceResources/compressedlevels/112x84_New_Level19-abstract_Dupe.json,cfba3d5bcf11a5e4b9d18f135b242c49
Resources/compressedlevels/112x84_New_Level20-landscape_portrait.json,Data,Assets/RecoveredOriginal/Data/SourceResources/compressedlevels/112x84_New_Level20-landscape_portrait.json,d534be9ce99a43a469a48a61939e0a26
Resources/compressedlevels/112x84_New_Level20-landscape_portrait_Dupe.json,Data,Assets/RecoveredOriginal/Data/SourceResources/compressedlevels/112x84_New_Level20-landscape_portrait_Dupe.json,543595b22e629b341b8522cdfade3bff
Resources/compressedlevels/112x84_New_Level21-womeninart.json,Data,Assets/RecoveredOriginal/Data/SourceResources/compressedlevels/112x84_New_Level21-womeninart.json,2dabd8e91b19a664dacc3dd38e2a888d
Resources/compressedlevels/112x84_New_Level21-womeninart_Dupe.json,Data,Assets/RecoveredOriginal/Data/SourceResources/compressedlevels/112x84_New_Level21-womeninart_Dupe.json,0ea0ce1174b4eac46be7b688ee7c2e7e
Resources/compressedlevels/112x84_New_Level23-summervibes.json,Data,Assets/RecoveredOriginal/Data/SourceResources/compressedlevels/112x84_New_Level23-summervibes.json,ab82ae8b8dd7458429544359cdf2d649
Resources/compressedlevels/112x84_New_Level23-summervibes_Dupe.json,Data,Assets/RecoveredOriginal/Data/SourceResources/compressedlevels/112x84_New_Level23-summervibes_Dupe.json,d23c277245cacdf4c97cf13af3fb0fa8
Resources/compressedlevels/112x84_New_Level25-summervibes.json,Data,Assets/RecoveredOriginal/Data/SourceResources/compressedlevels/112x84_New_Level25-summervibes.json,5caad380498952d4d91680241c4ec591
Resources/compressedlevels/112x84_New_Level4-flower.json,Data,Assets/RecoveredOriginal/Data/SourceResources/compressedlevels/112x84_New_Level4-flower.json,744d5b23d04f86a43bb38bb957f1990c
Resources/compressedlevels/112x84_New_Level4-flower_Dupe.json,Data,Assets/RecoveredOriginal/Data/SourceResources/compressedlevels/112x84_New_Level4-flower_Dupe.json,58fd39d24ae35f545ac6ca300c467a4b
Resources/compressedlevels/112x84_New_Level5-wildlife.json,Data,Assets/RecoveredOriginal/Data/SourceResources/compressedlevels/112x84_New_Level5-wildlife.json,7682672c7e01cb64784740fe67d748a5
Resources/compressedlevels/112x84_New_Level5-wildlife_Dupe.json,Data,Assets/RecoveredOriginal/Data/SourceResources/compressedlevels/112x84_New_Level5-wildlife_Dupe.json,ae4152d572bab9b4aaad86a22762b69f
Resources/compressedlevels/112x84_New_Level7-summervibes.json,Data,Assets/RecoveredOriginal/Data/SourceResources/compressedlevels/112x84_New_Level7-summervibes.json,d7a7c910b28afad439a881fbd93bf4c8
Resources/compressedlevels/112x84_New_Level9-womeninart.json,Data,Assets/RecoveredOriginal/Data/SourceResources/compressedlevels/112x84_New_Level9-womeninart.json,fced8473525f2e84ea2549161bd43a0b
Resources/compressedlevels/112x84_New_Level9-womeninart_Dupe.json,Data,Assets/RecoveredOriginal/Data/SourceResources/compressedlevels/112x84_New_Level9-womeninart_Dupe.json,43d58612e44a72d42a09250dfa643edb
Resources/compressedlevels/112x84_New_Magic_1.json,Data,Assets/RecoveredOriginal/Data/SourceResources/compressedlevels/112x84_New_Magic_1.json,ebfbe719e73f65443a2908f022414642
Resources/compressedlevels/112x84_New_Magic_10.json,Data,Assets/RecoveredOriginal/Data/SourceResources/compressedlevels/112x84_New_Magic_10.json,c8898066b3fd4fd4eae228ce327eea6a
Resources/compressedlevels/112x84_New_Magic_10_Dupe.json,Data,Assets/RecoveredOriginal/Data/SourceResources/compressedlevels/112x84_New_Magic_10_Dupe.json,50d2d1dfc81f02d428849059425b77c6
Resources/compressedlevels/112x84_New_Magic_11.json,Data,Assets/RecoveredOriginal/Data/SourceResources/compressedlevels/112x84_New_Magic_11.json,ec6eefe067b8a3e46bd2cc0aed361380
Resources/compressedlevels/112x84_New_Magic_11_Dupe.json,Data,Assets/RecoveredOriginal/Data/SourceResources/compressedlevels/112x84_New_Magic_11_Dupe.json,157696bc6fe080f4286222ad575c9686
Resources/compressedlevels/112x84_New_Magic_12.json,Data,Assets/RecoveredOriginal/Data/SourceResources/compressedlevels/112x84_New_Magic_12.json,61d50aa40e11c1148bac66a94e8314e7
Resources/compressedlevels/112x84_New_Magic_13.json,Data,Assets/RecoveredOriginal/Data/SourceResources/compressedlevels/112x84_New_Magic_13.json,48ff98f9449317d43aa068585099c4ba
Resources/compressedlevels/112x84_New_Magic_13_Dupe.json,Data,Assets/RecoveredOriginal/Data/SourceResources/compressedlevels/112x84_New_Magic_13_Dupe.json,bece95c8a8723d14b993625538860ec9
Resources/compressedlevels/112x84_New_Magic_14.json,Data,Assets/RecoveredOriginal/Data/SourceResources/compressedlevels/112x84_New_Magic_14.json,15b79d5b8143f5b429c08e52815e300a
Resources/compressedlevels/112x84_New_Magic_14_Dupe.json,Data,Assets/RecoveredOriginal/Data/SourceResources/compressedlevels/112x84_New_Magic_14_Dupe.json,b63d22763dca0a140bdea5c1160b4ea7
Resources/compressedlevels/112x84_New_Magic_15.json,Data,Assets/RecoveredOriginal/Data/SourceResources/compressedlevels/112x84_New_Magic_15.json,07fa1f2c96ee0e7428d76124c3d8c133
Resources/compressedlevels/112x84_New_Magic_1_Dupe.json,Data,Assets/RecoveredOriginal/Data/SourceResources/compressedlevels/112x84_New_Magic_1_Dupe.json,27a72ed5632f0d94cb077efd968a42d3
Resources/compressedlevels/112x84_New_Magic_2.json,Data,Assets/RecoveredOriginal/Data/SourceResources/compressedlevels/112x84_New_Magic_2.json,67e0e5bc452ef8b43bd675636489fe7d
Resources/compressedlevels/112x84_New_Magic_3.json,Data,Assets/RecoveredOriginal/Data/SourceResources/compressedlevels/112x84_New_Magic_3.json,21df71b5dc9466648bfd0b3946874c9c
Resources/compressedlevels/112x84_New_Magic_3_Dupe.json,Data,Assets/RecoveredOriginal/Data/SourceResources/compressedlevels/112x84_New_Magic_3_Dupe.json,ce76b7d3d97b22a45b000aaa9f22eebe
Resources/compressedlevels/112x84_New_Magic_4.json,Data,Assets/RecoveredOriginal/Data/SourceResources/compressedlevels/112x84_New_Magic_4.json,9bf3b7ef78445e84a9b05615813c4996
Resources/compressedlevels/112x84_New_Magic_4_Dupe.json,Data,Assets/RecoveredOriginal/Data/SourceResources/compressedlevels/112x84_New_Magic_4_Dupe.json,f505894dffdf75d45902bfdfab9ce507
Resources/compressedlevels/112x84_New_Magic_5.json,Data,Assets/RecoveredOriginal/Data/SourceResources/compressedlevels/112x84_New_Magic_5.json,ab706c2379698f84e879f12c521a73f2
Resources/compressedlevels/112x84_New_Magic_5_Dupe.json,Data,Assets/RecoveredOriginal/Data/SourceResources/compressedlevels/112x84_New_Magic_5_Dupe.json,7d9ec04a024b3df4ba9f563e20a24898
Resources/compressedlevels/112x84_New_Magic_6.json,Data,Assets/RecoveredOriginal/Data/SourceResources/compressedlevels/112x84_New_Magic_6.json,ff1f78601107e2c469d78fb91d4eabcb
Resources/compressedlevels/112x84_New_Magic_7.json,Data,Assets/RecoveredOriginal/Data/SourceResources/compressedlevels/112x84_New_Magic_7.json,f9ea679378099534091ae2b4ae67a795
Resources/compressedlevels/112x84_New_Magic_8.json,Data,Assets/RecoveredOriginal/Data/SourceResources/compressedlevels/112x84_New_Magic_8.json,6afdb66a9d84f8949a66acba102ff932
Resources/compressedlevels/112x84_New_Magic_8_Dupe.json,Data,Assets/RecoveredOriginal/Data/SourceResources/compressedlevels/112x84_New_Magic_8_Dupe.json,6664160d663f221458434b4d8902319e
Resources/compressedlevels/112x84_New_Magic_9.json,Data,Assets/RecoveredOriginal/Data/SourceResources/compressedlevels/112x84_New_Magic_9.json,b01ac30a2d57d914da13a0f9b67d499d
Resources/compressedlevels/112x84_New_Magic_9_Dupe.json,Data,Assets/RecoveredOriginal/Data/SourceResources/compressedlevels/112x84_New_Magic_9_Dupe.json,328045d5d98dd7d4ab052804b73976a7
Resources/compressedlevels/112x84_New_PopArt_1.json,Data,Assets/RecoveredOriginal/Data/SourceResources/compressedlevels/112x84_New_PopArt_1.json,ec000d5ddae3dec45b147132bfeda1a7
Resources/compressedlevels/112x84_New_PopArt_10.json,Data,Assets/RecoveredOriginal/Data/SourceResources/compressedlevels/112x84_New_PopArt_10.json,b8bc75efd71f4644a94301acb296acf4
Resources/compressedlevels/112x84_New_PopArt_10_Dupe.json,Data,Assets/RecoveredOriginal/Data/SourceResources/compressedlevels/112x84_New_PopArt_10_Dupe.json,424b489b876712940acedf49dca3337c
Resources/compressedlevels/112x84_New_PopArt_11.json,Data,Assets/RecoveredOriginal/Data/SourceResources/compressedlevels/112x84_New_PopArt_11.json,9a892fb9f54842045943e289a0782d84
Resources/compressedlevels/112x84_New_PopArt_12.json,Data,Assets/RecoveredOriginal/Data/SourceResources/compressedlevels/112x84_New_PopArt_12.json,1f1aeb25d77e96b41a3857353483ac41
Resources/compressedlevels/112x84_New_PopArt_12_Dupe.json,Data,Assets/RecoveredOriginal/Data/SourceResources/compressedlevels/112x84_New_PopArt_12_Dupe.json,be38e92d9fdd5f547a12d8f377efd3b4
Resources/compressedlevels/112x84_New_PopArt_13.json,Data,Assets/RecoveredOriginal/Data/SourceResources/compressedlevels/112x84_New_PopArt_13.json,dd8ba2fa03ca4c047a183c53dd131280
Resources/compressedlevels/112x84_New_PopArt_13_Dupe.json,Data,Assets/RecoveredOriginal/Data/SourceResources/compressedlevels/112x84_New_PopArt_13_Dupe.json,da3a64e63034bf244903a5206c260a71
Resources/compressedlevels/112x84_New_PopArt_14.json,Data,Assets/RecoveredOriginal/Data/SourceResources/compressedlevels/112x84_New_PopArt_14.json,79c0c50f4897a8b4bbb6e5650ec7f1e1
Resources/compressedlevels/112x84_New_PopArt_14_Dupe.json,Data,Assets/RecoveredOriginal/Data/SourceResources/compressedlevels/112x84_New_PopArt_14_Dupe.json,5158918c7a0cec44bb812c3c9120f1cd
Resources/compressedlevels/112x84_New_PopArt_15.json,Data,Assets/RecoveredOriginal/Data/SourceResources/compressedlevels/112x84_New_PopArt_15.json,71ff04e07ea98534993c0b354d466d84
Resources/compressedlevels/112x84_New_PopArt_15_Dupe.json,Data,Assets/RecoveredOriginal/Data/SourceResources/compressedlevels/112x84_New_PopArt_15_Dupe.json,022077c151f9d22419f77da0d03a385c
Resources/compressedlevels/112x84_New_PopArt_1_Dupe.json,Data,Assets/RecoveredOriginal/Data/SourceResources/compressedlevels/112x84_New_PopArt_1_Dupe.json,4bbbfe6aff7cb6b4d828ed13229b583c
Resources/compressedlevels/112x84_New_PopArt_2.json,Data,Assets/RecoveredOriginal/Data/SourceResources/compressedlevels/112x84_New_PopArt_2.json,3e409a9ffb8774f4d8436cebb3439f46
Resources/compressedlevels/112x84_New_PopArt_3.json,Data,Assets/RecoveredOriginal/Data/SourceResources/compressedlevels/112x84_New_PopArt_3.json,3a945fbcf1379244096471c9afe815e5
Resources/compressedlevels/112x84_New_PopArt_4.json,Data,Assets/RecoveredOriginal/Data/SourceResources/compressedlevels/112x84_New_PopArt_4.json,d9806f36178a55a44a6b921e38873c23
Resources/compressedlevels/112x84_New_PopArt_5.json,Data,Assets/RecoveredOriginal/Data/SourceResources/compressedlevels/112x84_New_PopArt_5.json,257f802a0087e6145895a6781d573525
Resources/compressedlevels/112x84_New_PopArt_5_Dupe.json,Data,Assets/RecoveredOriginal/Data/SourceResources/compressedlevels/112x84_New_PopArt_5_Dupe.json,f9257b87b1698bb48b6dc73b26553a49
Resources/compressedlevels/112x84_New_PopArt_6.json,Data,Assets/RecoveredOriginal/Data/SourceResources/compressedlevels/112x84_New_PopArt_6.json,54e05b98706563c4b8e4bcc582097553
Resources/compressedlevels/112x84_New_PopArt_6_Dupe.json,Data,Assets/RecoveredOriginal/Data/SourceResources/compressedlevels/112x84_New_PopArt_6_Dupe.json,820b70a5ca0d0874480feab99b4bb640
Resources/compressedlevels/112x84_New_PopArt_7.json,Data,Assets/RecoveredOriginal/Data/SourceResources/compressedlevels/112x84_New_PopArt_7.json,1392b240fea2afb4498f732f70d09377
Resources/compressedlevels/112x84_New_PopArt_8.json,Data,Assets/RecoveredOriginal/Data/SourceResources/compressedlevels/112x84_New_PopArt_8.json,5c304af000130cc41b7626d4523e5747
Resources/compressedlevels/112x84_New_PopArt_8_Dupe.json,Data,Assets/RecoveredOriginal/Data/SourceResources/compressedlevels/112x84_New_PopArt_8_Dupe.json,947dc2b5db1b5684ebae246f257e78d2
Resources/compressedlevels/112x84_New_PopArt_9.json,Data,Assets/RecoveredOriginal/Data/SourceResources/compressedlevels/112x84_New_PopArt_9.json,50dc18e03c07ddd4d8b9f24c8b4803a8
Resources/compressedlevels/112x84_New_PopArt_9_Dupe.json,Data,Assets/RecoveredOriginal/Data/SourceResources/compressedlevels/112x84_New_PopArt_9_Dupe.json,4f79532531eef154d85da5d76faad29e
Resources/compressedlevels/112x84_New_Sport_1.json,Data,Assets/RecoveredOriginal/Data/SourceResources/compressedlevels/112x84_New_Sport_1.json,e6a941115402967439615ea048119bc8
Resources/compressedlevels/112x84_New_Sport_10.json,Data,Assets/RecoveredOriginal/Data/SourceResources/compressedlevels/112x84_New_Sport_10.json,418c399de2343ae41b30ca42a0bffd2e
Resources/compressedlevels/112x84_New_Sport_10_Dupe.json,Data,Assets/RecoveredOriginal/Data/SourceResources/compressedlevels/112x84_New_Sport_10_Dupe.json,0a25ba3102ef9d644bb4ab18bd1cb99e
Resources/compressedlevels/112x84_New_Sport_11.json,Data,Assets/RecoveredOriginal/Data/SourceResources/compressedlevels/112x84_New_Sport_11.json,7efba83ab680ecc4b864e80785c0b545
Resources/compressedlevels/112x84_New_Sport_11_Dupe.json,Data,Assets/RecoveredOriginal/Data/SourceResources/compressedlevels/112x84_New_Sport_11_Dupe.json,28aa4109c8d9c0c4881166c5a8f447ac
Resources/compressedlevels/112x84_New_Sport_12.json,Data,Assets/RecoveredOriginal/Data/SourceResources/compressedlevels/112x84_New_Sport_12.json,7f7de525c61db3145b980ad6721a0308
Resources/compressedlevels/112x84_New_Sport_13.json,Data,Assets/RecoveredOriginal/Data/SourceResources/compressedlevels/112x84_New_Sport_13.json,edbf056099d12c4489e7eeeac18ff241
Resources/compressedlevels/112x84_New_Sport_14.json,Data,Assets/RecoveredOriginal/Data/SourceResources/compressedlevels/112x84_New_Sport_14.json,c8381df50bb93694db95c30c6ea4e5ab
Resources/compressedlevels/112x84_New_Sport_14_Dupe.json,Data,Assets/RecoveredOriginal/Data/SourceResources/compressedlevels/112x84_New_Sport_14_Dupe.json,c8b8782a98707014299b4fcc4dc408e9
Resources/compressedlevels/112x84_New_Sport_15.json,Data,Assets/RecoveredOriginal/Data/SourceResources/compressedlevels/112x84_New_Sport_15.json,61bd577ea9865fa47a3e8291e3246d24
Resources/compressedlevels/112x84_New_Sport_1_Dupe.json,Data,Assets/RecoveredOriginal/Data/SourceResources/compressedlevels/112x84_New_Sport_1_Dupe.json,635ee2790b2d6564a93b544287a2d9a4
Resources/compressedlevels/112x84_New_Sport_2.json,Data,Assets/RecoveredOriginal/Data/SourceResources/compressedlevels/112x84_New_Sport_2.json,c814d666586efbb4a8854b5bf715456b
Resources/compressedlevels/112x84_New_Sport_3.json,Data,Assets/RecoveredOriginal/Data/SourceResources/compressedlevels/112x84_New_Sport_3.json,8e8efe22ad930d54c8144f92c7615f10
Resources/compressedlevels/112x84_New_Sport_3_Dupe.json,Data,Assets/RecoveredOriginal/Data/SourceResources/compressedlevels/112x84_New_Sport_3_Dupe.json,411899a3c3fc3b648ab4f97d4d960e8b
Resources/compressedlevels/112x84_New_Sport_4.json,Data,Assets/RecoveredOriginal/Data/SourceResources/compressedlevels/112x84_New_Sport_4.json,3295e6c3b70dfe3469e5974b101012f8
Resources/compressedlevels/112x84_New_Sport_5.json,Data,Assets/RecoveredOriginal/Data/SourceResources/compressedlevels/112x84_New_Sport_5.json,857754318f6c021489ed6408c8529ba3
Resources/compressedlevels/112x84_New_Sport_6.json,Data,Assets/RecoveredOriginal/Data/SourceResources/compressedlevels/112x84_New_Sport_6.json,e8b354eabe5aca648b0bb8afe2ba3d50
Resources/compressedlevels/112x84_New_Sport_6_Dupe.json,Data,Assets/RecoveredOriginal/Data/SourceResources/compressedlevels/112x84_New_Sport_6_Dupe.json,bd1805833291ca240a9ff047c0bdc624
Resources/compressedlevels/112x84_New_Sport_7.json,Data,Assets/RecoveredOriginal/Data/SourceResources/compressedlevels/112x84_New_Sport_7.json,181611684bc4b374a963bc4ca032c164
Resources/compressedlevels/112x84_New_Sport_7_Dupe.json,Data,Assets/RecoveredOriginal/Data/SourceResources/compressedlevels/112x84_New_Sport_7_Dupe.json,ae3b25009c1bbee4da36022ce8648c9d
Resources/compressedlevels/112x84_New_Sport_8.json,Data,Assets/RecoveredOriginal/Data/SourceResources/compressedlevels/112x84_New_Sport_8.json,e022d818920a14c4a948978e97003315
Resources/compressedlevels/112x84_New_Sport_8_Dupe.json,Data,Assets/RecoveredOriginal/Data/SourceResources/compressedlevels/112x84_New_Sport_8_Dupe.json,80a62498e18fa564788a29efb49cbb85
Resources/compressedlevels/112x84_New_Sport_9.json,Data,Assets/RecoveredOriginal/Data/SourceResources/compressedlevels/112x84_New_Sport_9.json,d64ec65db5a574341a5bd69c0bf1bd9c
Resources/compressedlevels/112x84_New_Sport_9_Dupe.json,Data,Assets/RecoveredOriginal/Data/SourceResources/compressedlevels/112x84_New_Sport_9_Dupe.json,c6019c42637d52048a7dcb47d20e5013
Resources/compressedlevels/112x84_New_WomenInArt_11.json,Data,Assets/RecoveredOriginal/Data/SourceResources/compressedlevels/112x84_New_WomenInArt_11.json,9cee070b8328b3d4d8d23c9bd6551085
Resources/compressedlevels/112x84_New_WomenInArt_12.json,Data,Assets/RecoveredOriginal/Data/SourceResources/compressedlevels/112x84_New_WomenInArt_12.json,793ba92ff11389d4d80c5cf5751669eb
Resources/compressedlevels/112x84_New_WomenInArt_13.json,Data,Assets/RecoveredOriginal/Data/SourceResources/compressedlevels/112x84_New_WomenInArt_13.json,9b557842fa845a240b52b846e33423f9
Resources/compressedlevels/112x84_New_WomenInArt_14.json,Data,Assets/RecoveredOriginal/Data/SourceResources/compressedlevels/112x84_New_WomenInArt_14.json,5b0f8435db9ea704294170fd5a4eaabc
Resources/compressedlevels/112x84_New_WomenInArt_15.json,Data,Assets/RecoveredOriginal/Data/SourceResources/compressedlevels/112x84_New_WomenInArt_15.json,6cc8155223091124d9d624d6cfea2ac0
Resources/compressedlevels/112x84_New_WomenInArt_3.json,Data,Assets/RecoveredOriginal/Data/SourceResources/compressedlevels/112x84_New_WomenInArt_3.json,0c624584e722c684d982a4ad41f962e0
Resources/compressedlevels/112x84_New_WomenInArt_3_Dupe.json,Data,Assets/RecoveredOriginal/Data/SourceResources/compressedlevels/112x84_New_WomenInArt_3_Dupe.json,0195cbc27ec6cda46a9f1e0f37b4347a
Resources/compressedlevels/112x84_New_WomenInArt_4.json,Data,Assets/RecoveredOriginal/Data/SourceResources/compressedlevels/112x84_New_WomenInArt_4.json,ae9f6e3aa6e214f41abbe02fb8059aa3
Resources/compressedlevels/112x84_New_WomenInArt_4_Dupe.json,Data,Assets/RecoveredOriginal/Data/SourceResources/compressedlevels/112x84_New_WomenInArt_4_Dupe.json,626ef071727b1e84895eae6e0355a9d9
Resources/compressedlevels/112x84_New_WomenInArt_5.json,Data,Assets/RecoveredOriginal/Data/SourceResources/compressedlevels/112x84_New_WomenInArt_5.json,d2bd9180d4c473345a898626b70fbc40
Resources/compressedlevels/112x84_New_WomenInArt_5_Dupe.json,Data,Assets/RecoveredOriginal/Data/SourceResources/compressedlevels/112x84_New_WomenInArt_5_Dupe.json,7ce76338d21d6d1439a89145cd73a4be
Resources/compressedlevels/112x84_New_WomenInArt_6.json,Data,Assets/RecoveredOriginal/Data/SourceResources/compressedlevels/112x84_New_WomenInArt_6.json,0fcccd59fe511144bbd391425a7817ba
Resources/compressedlevels/112x84_New_WomenInArt_6_Dupe.json,Data,Assets/RecoveredOriginal/Data/SourceResources/compressedlevels/112x84_New_WomenInArt_6_Dupe.json,9ac38a633268dee43971cf1296ddf762
Resources/compressedlevels/112x84_New_WomenInArt_7.json,Data,Assets/RecoveredOriginal/Data/SourceResources/compressedlevels/112x84_New_WomenInArt_7.json,cf486360a9daa764b88a42f90e6653d1
Resources/compressedlevels/112x84_New_WomenInArt_8.json,Data,Assets/RecoveredOriginal/Data/SourceResources/compressedlevels/112x84_New_WomenInArt_8.json,02ceeb46253672f43bfb9b3b07f0e7b5
Resources/compressedlevels/112x84_New_WomenInArt_8_Dupe.json,Data,Assets/RecoveredOriginal/Data/SourceResources/compressedlevels/112x84_New_WomenInArt_8_Dupe.json,e6d89e1a168c1e64aa8e66f50ea46494
Resources/compressedlevels/112x84_New_WomenInArt_9.json,Data,Assets/RecoveredOriginal/Data/SourceResources/compressedlevels/112x84_New_WomenInArt_9.json,d90af800a6d575b468c2bbfc9ad77aab
Resources/compressedlevels/112x84_New_WomenInArt_9_Dupe.json,Data,Assets/RecoveredOriginal/Data/SourceResources/compressedlevels/112x84_New_WomenInArt_9_Dupe.json,6f404aee6d2880a4e928db9c39fc9007
Resources/compressedlevels/112x84_Travel_1.json,Data,Assets/RecoveredOriginal/Data/SourceResources/compressedlevels/112x84_Travel_1.json,d1cf6a6d5998089478f54a761605069e
Resources/compressedlevels/112x84_Travel_10.json,Data,Assets/RecoveredOriginal/Data/SourceResources/compressedlevels/112x84_Travel_10.json,0cca3ed275aff5645807db0c96bc6bf2
Resources/compressedlevels/112x84_Travel_10_Dupe.json,Data,Assets/RecoveredOriginal/Data/SourceResources/compressedlevels/112x84_Travel_10_Dupe.json,a6358ecfdc001f341a3b56661718a437
Resources/compressedlevels/112x84_Travel_11.json,Data,Assets/RecoveredOriginal/Data/SourceResources/compressedlevels/112x84_Travel_11.json,4f343ee9800527c44856aa67db40b65f
Resources/compressedlevels/112x84_Travel_11_Dupe.json,Data,Assets/RecoveredOriginal/Data/SourceResources/compressedlevels/112x84_Travel_11_Dupe.json,0e32474df54b4ee47bbda60debace2b6
Resources/compressedlevels/112x84_Travel_12.json,Data,Assets/RecoveredOriginal/Data/SourceResources/compressedlevels/112x84_Travel_12.json,e6a4b8ec688c0fa43a208a61c4f9f8c5
Resources/compressedlevels/112x84_Travel_13.json,Data,Assets/RecoveredOriginal/Data/SourceResources/compressedlevels/112x84_Travel_13.json,db00dca5c657ba14dac21c02128bf5d4
Resources/compressedlevels/112x84_Travel_13_Dupe.json,Data,Assets/RecoveredOriginal/Data/SourceResources/compressedlevels/112x84_Travel_13_Dupe.json,4fe3ad3f93338b84ba103bd2db4fdf11
Resources/compressedlevels/112x84_Travel_14.json,Data,Assets/RecoveredOriginal/Data/SourceResources/compressedlevels/112x84_Travel_14.json,2e648f199283fec4ea29c976035e8f3a
Resources/compressedlevels/112x84_Travel_15.json,Data,Assets/RecoveredOriginal/Data/SourceResources/compressedlevels/112x84_Travel_15.json,0f498afbc3442a34a97e9e0e2f1d3ad6
Resources/compressedlevels/112x84_Travel_2.json,Data,Assets/RecoveredOriginal/Data/SourceResources/compressedlevels/112x84_Travel_2.json,3c2162622bc2e9f4583b5e1152923914
Resources/compressedlevels/112x84_Travel_3.json,Data,Assets/RecoveredOriginal/Data/SourceResources/compressedlevels/112x84_Travel_3.json,1835f679a7031f64494eb48318add315
Resources/compressedlevels/112x84_Travel_3_Dupe.json,Data,Assets/RecoveredOriginal/Data/SourceResources/compressedlevels/112x84_Travel_3_Dupe.json,666a26115566f514db0379f39b24f200
Resources/compressedlevels/112x84_Travel_4.json,Data,Assets/RecoveredOriginal/Data/SourceResources/compressedlevels/112x84_Travel_4.json,85ba3068c794a2249b3fb640b3d6c790
Resources/compressedlevels/112x84_Travel_5.json,Data,Assets/RecoveredOriginal/Data/SourceResources/compressedlevels/112x84_Travel_5.json,c92a7d573e9420749ab4095bc73e7a42
Resources/compressedlevels/112x84_Travel_5_Dupe.json,Data,Assets/RecoveredOriginal/Data/SourceResources/compressedlevels/112x84_Travel_5_Dupe.json,83bb8e401d72ce140ad3c819ea1da895
Resources/compressedlevels/112x84_Travel_6.json,Data,Assets/RecoveredOriginal/Data/SourceResources/compressedlevels/112x84_Travel_6.json,35d5136b5362ec440abcb62a40cb775e
Resources/compressedlevels/112x84_Travel_7.json,Data,Assets/RecoveredOriginal/Data/SourceResources/compressedlevels/112x84_Travel_7.json,aed4fe065e9fbf04c82012cf188ba869
Resources/compressedlevels/112x84_Travel_7_Dupe.json,Data,Assets/RecoveredOriginal/Data/SourceResources/compressedlevels/112x84_Travel_7_Dupe.json,65c73846d6e117943810c008542ef14d
Resources/compressedlevels/112x84_Travel_8.json,Data,Assets/RecoveredOriginal/Data/SourceResources/compressedlevels/112x84_Travel_8.json,d628e50de6858c747a561c356b208d39
Resources/compressedlevels/112x84_Travel_8_Dupe.json,Data,Assets/RecoveredOriginal/Data/SourceResources/compressedlevels/112x84_Travel_8_Dupe.json,8187f561e3ee30e478950ca4ee5059ff
Resources/compressedlevels/112x84_Travel_9.json,Data,Assets/RecoveredOriginal/Data/SourceResources/compressedlevels/112x84_Travel_9.json,a184d943c2104e84c9ce07fdd4ae7f06
Resources/compressedlevels/112x84_Travel_9_Dupe.json,Data,Assets/RecoveredOriginal/Data/SourceResources/compressedlevels/112x84_Travel_9_Dupe.json,9f970a2b914b259479d31f539d73eec5
Resources/compressedlevels/112x84_wildlife_1.json,Data,Assets/RecoveredOriginal/Data/SourceResources/compressedlevels/112x84_wildlife_1.json,f55f1693df86c194b96c719f296fe403
Resources/compressedlevels/112x84_wildlife_10.json,Data,Assets/RecoveredOriginal/Data/SourceResources/compressedlevels/112x84_wildlife_10.json,46a91b73b17fe4a4181999855622fe52
Resources/compressedlevels/112x84_wildlife_10_Dupe.json,Data,Assets/RecoveredOriginal/Data/SourceResources/compressedlevels/112x84_wildlife_10_Dupe.json,5c03ff1d4429d074eb8b1983d87d6360
Resources/compressedlevels/112x84_wildlife_11.json,Data,Assets/RecoveredOriginal/Data/SourceResources/compressedlevels/112x84_wildlife_11.json,571abe3a043fd6746a1cd525c1b1dec8
Resources/compressedlevels/112x84_wildlife_11_Dupe.json,Data,Assets/RecoveredOriginal/Data/SourceResources/compressedlevels/112x84_wildlife_11_Dupe.json,2e25d81d00e9f0148b42a982395ae1f0
Resources/compressedlevels/112x84_wildlife_12.json,Data,Assets/RecoveredOriginal/Data/SourceResources/compressedlevels/112x84_wildlife_12.json,bb3e940fe3dd16049bff867379558b65
Resources/compressedlevels/112x84_wildlife_12_Dupe.json,Data,Assets/RecoveredOriginal/Data/SourceResources/compressedlevels/112x84_wildlife_12_Dupe.json,ace21c8eb64e92d46b48667387910bce
Resources/compressedlevels/112x84_wildlife_1_Dupe.json,Data,Assets/RecoveredOriginal/Data/SourceResources/compressedlevels/112x84_wildlife_1_Dupe.json,b2d7e3112b45cf24297f810b6e242677
Resources/compressedlevels/112x84_wildlife_2.json,Data,Assets/RecoveredOriginal/Data/SourceResources/compressedlevels/112x84_wildlife_2.json,02b1419e3dc24c042aa0c29de73809e8
Resources/compressedlevels/112x84_wildlife_3.json,Data,Assets/RecoveredOriginal/Data/SourceResources/compressedlevels/112x84_wildlife_3.json,a60ca0b194592b54a9ff9235cf5f8a2c
Resources/compressedlevels/112x84_wildlife_3_Dupe.json,Data,Assets/RecoveredOriginal/Data/SourceResources/compressedlevels/112x84_wildlife_3_Dupe.json,57540e9ab403ed54ebd8d224c2475664
Resources/compressedlevels/112x84_wildlife_4.json,Data,Assets/RecoveredOriginal/Data/SourceResources/compressedlevels/112x84_wildlife_4.json,c7476cbc98ec0e44bb661eba64022c23
Resources/compressedlevels/112x84_wildlife_5.json,Data,Assets/RecoveredOriginal/Data/SourceResources/compressedlevels/112x84_wildlife_5.json,0c43c56b11f9a964087491c7a8140b45
Resources/compressedlevels/112x84_wildlife_5_Dupe.json,Data,Assets/RecoveredOriginal/Data/SourceResources/compressedlevels/112x84_wildlife_5_Dupe.json,6df4f3f83d71b4340a2a731eafe465d2
Resources/compressedlevels/112x84_wildlife_6.json,Data,Assets/RecoveredOriginal/Data/SourceResources/compressedlevels/112x84_wildlife_6.json,54c1fd941f918fb409867f67ee93a9b0
Resources/compressedlevels/112x84_wildlife_7.json,Data,Assets/RecoveredOriginal/Data/SourceResources/compressedlevels/112x84_wildlife_7.json,552d3136d1d7a3e41aeda4b0aa5c911b
Resources/compressedlevels/112x84_wildlife_8.json,Data,Assets/RecoveredOriginal/Data/SourceResources/compressedlevels/112x84_wildlife_8.json,cc91311509fef0947b68e08bebb22002
Resources/compressedlevels/112x84_wildlife_9.json,Data,Assets/RecoveredOriginal/Data/SourceResources/compressedlevels/112x84_wildlife_9.json,85d6f296d4447054cb410b1c5ca63e10
Resources/compressedlevels/MakeUp_1.json,Data,Assets/RecoveredOriginal/Data/SourceResources/compressedlevels/MakeUp_1.json,b9f3f124e0806f141a7a4b49e2259c78
Resources/compressedlevels/MakeUp_10.json,Data,Assets/RecoveredOriginal/Data/SourceResources/compressedlevels/MakeUp_10.json,f7cde992e0c94ca43a08f1a99b77f270
Resources/compressedlevels/MakeUp_11.json,Data,Assets/RecoveredOriginal/Data/SourceResources/compressedlevels/MakeUp_11.json,2c357abf0b6b1d24d91a17ef27c1872e
Resources/compressedlevels/MakeUp_12.json,Data,Assets/RecoveredOriginal/Data/SourceResources/compressedlevels/MakeUp_12.json,6204d0d10182dea49948ff72eec4eeea
Resources/compressedlevels/MakeUp_13.json,Data,Assets/RecoveredOriginal/Data/SourceResources/compressedlevels/MakeUp_13.json,cdedab26092d47243ae986acf61fdeef
Resources/compressedlevels/MakeUp_14.json,Data,Assets/RecoveredOriginal/Data/SourceResources/compressedlevels/MakeUp_14.json,a095753056924b74d96de34b7cdc0ddc
Resources/compressedlevels/MakeUp_15.json,Data,Assets/RecoveredOriginal/Data/SourceResources/compressedlevels/MakeUp_15.json,5b17709c1f29635468b354c36c35a1c3
Resources/compressedlevels/MakeUp_2.json,Data,Assets/RecoveredOriginal/Data/SourceResources/compressedlevels/MakeUp_2.json,737ad3208f55da64391fc5608bbc9311
Resources/compressedlevels/MakeUp_3.json,Data,Assets/RecoveredOriginal/Data/SourceResources/compressedlevels/MakeUp_3.json,19c68c71e97d01744830e332215befbb
Resources/compressedlevels/MakeUp_4.json,Data,Assets/RecoveredOriginal/Data/SourceResources/compressedlevels/MakeUp_4.json,40f4c5cf921ad2747878fb646b2de15e
Resources/compressedlevels/MakeUp_5.json,Data,Assets/RecoveredOriginal/Data/SourceResources/compressedlevels/MakeUp_5.json,08eb1b0e11238a540b92ac531ab77287
Resources/compressedlevels/MakeUp_6.json,Data,Assets/RecoveredOriginal/Data/SourceResources/compressedlevels/MakeUp_6.json,f35f399ca2d0850498234a6fdcd24e25
Resources/compressedlevels/MakeUp_7.json,Data,Assets/RecoveredOriginal/Data/SourceResources/compressedlevels/MakeUp_7.json,ba65a0cc663c5bf4e9a96a0fd5270a97
Resources/compressedlevels/MakeUp_8.json,Data,Assets/RecoveredOriginal/Data/SourceResources/compressedlevels/MakeUp_8.json,043c85a60a18f504394ab6a6bedda8a6
Resources/compressedlevels/MakeUp_9.json,Data,Assets/RecoveredOriginal/Data/SourceResources/compressedlevels/MakeUp_9.json,875cb43aac8168846b6bf772bef1d6e2
Resources/compressedlevels/Perfumes_1.json,Data,Assets/RecoveredOriginal/Data/SourceResources/compressedlevels/Perfumes_1.json,8eb6126e6de582146a331e8f80d21166
Resources/compressedlevels/Perfumes_10.json,Data,Assets/RecoveredOriginal/Data/SourceResources/compressedlevels/Perfumes_10.json,bdda2b8be61b14049affb7107d88091a
Resources/compressedlevels/Perfumes_11.json,Data,Assets/RecoveredOriginal/Data/SourceResources/compressedlevels/Perfumes_11.json,a011d81c3777653418f52bd6bc789bd4
Resources/compressedlevels/Perfumes_12.json,Data,Assets/RecoveredOriginal/Data/SourceResources/compressedlevels/Perfumes_12.json,5025eae96cdba8b4599027f768a3399b
Resources/compressedlevels/Perfumes_13.json,Data,Assets/RecoveredOriginal/Data/SourceResources/compressedlevels/Perfumes_13.json,4fc538185224f754eb2092f7d6b86650
Resources/compressedlevels/Perfumes_14.json,Data,Assets/RecoveredOriginal/Data/SourceResources/compressedlevels/Perfumes_14.json,4774e00e362d60d43833a86a9903937c
Resources/compressedlevels/Perfumes_15.json,Data,Assets/RecoveredOriginal/Data/SourceResources/compressedlevels/Perfumes_15.json,4bd2c617670df4e468069bf1f083085c
Resources/compressedlevels/Perfumes_2.json,Data,Assets/RecoveredOriginal/Data/SourceResources/compressedlevels/Perfumes_2.json,2bff3ccf608a4114db60ae87be6d894b
Resources/compressedlevels/Perfumes_3.json,Data,Assets/RecoveredOriginal/Data/SourceResources/compressedlevels/Perfumes_3.json,cce17cadf0cc4d54aae73901eba537ea
Resources/compressedlevels/Perfumes_4.json,Data,Assets/RecoveredOriginal/Data/SourceResources/compressedlevels/Perfumes_4.json,0ae651f9ce073704e9492b7c23b91d37
Resources/compressedlevels/Perfumes_5.json,Data,Assets/RecoveredOriginal/Data/SourceResources/compressedlevels/Perfumes_5.json,da2a5edb39f141e438aee5481f0a0873
Resources/compressedlevels/Perfumes_6.json,Data,Assets/RecoveredOriginal/Data/SourceResources/compressedlevels/Perfumes_6.json,a903f34c8f1cfcf4da9837f382d3914e
Resources/compressedlevels/Perfumes_7.json,Data,Assets/RecoveredOriginal/Data/SourceResources/compressedlevels/Perfumes_7.json,6eb7913f786d30f4385c148f269cd612
Resources/compressedlevels/Perfumes_8.json,Data,Assets/RecoveredOriginal/Data/SourceResources/compressedlevels/Perfumes_8.json,c937ed917ec66b143ba786716afa2493
Resources/compressedlevels/Perfumes_9.json,Data,Assets/RecoveredOriginal/Data/SourceResources/compressedlevels/Perfumes_9.json,2eeca681057f562499fceed93402d367
Resources/compressedlevels/School_1.json,Data,Assets/RecoveredOriginal/Data/SourceResources/compressedlevels/School_1.json,a66afe5226e9121458d9cd6b9d2c9665
Resources/compressedlevels/School_10.json,Data,Assets/RecoveredOriginal/Data/SourceResources/compressedlevels/School_10.json,ba3bd6cf00fd3fc4e82b2566d8be2db3
Resources/compressedlevels/School_11.json,Data,Assets/RecoveredOriginal/Data/SourceResources/compressedlevels/School_11.json,e38be3ee24b766d49bc6aa21d43bb2e5
Resources/compressedlevels/School_12.json,Data,Assets/RecoveredOriginal/Data/SourceResources/compressedlevels/School_12.json,96632f814352341499ad77fafc0aae11
Resources/compressedlevels/School_13.json,Data,Assets/RecoveredOriginal/Data/SourceResources/compressedlevels/School_13.json,d9302ece87611874eb0bcb6751d59bd3
Resources/compressedlevels/School_14.json,Data,Assets/RecoveredOriginal/Data/SourceResources/compressedlevels/School_14.json,a25322479374d5f439a33d973ad3a56e
Resources/compressedlevels/School_15.json,Data,Assets/RecoveredOriginal/Data/SourceResources/compressedlevels/School_15.json,54319e8743eb75d4db31f9005a9dee57
Resources/compressedlevels/School_2.json,Data,Assets/RecoveredOriginal/Data/SourceResources/compressedlevels/School_2.json,2489656a473fd8440b6671cfc04770c7
Resources/compressedlevels/School_3.json,Data,Assets/RecoveredOriginal/Data/SourceResources/compressedlevels/School_3.json,51aed027f9ce4b244b3b870091b55743
Resources/compressedlevels/School_4.json,Data,Assets/RecoveredOriginal/Data/SourceResources/compressedlevels/School_4.json,2577954a037d36747b2c66e0850ca036
Resources/compressedlevels/School_5.json,Data,Assets/RecoveredOriginal/Data/SourceResources/compressedlevels/School_5.json,8eebfc3f599d2a3488eb5bbf1ed02b3d
Resources/compressedlevels/School_6.json,Data,Assets/RecoveredOriginal/Data/SourceResources/compressedlevels/School_6.json,f959962cbe09d19429bcbc62eedb7616
Resources/compressedlevels/School_7.json,Data,Assets/RecoveredOriginal/Data/SourceResources/compressedlevels/School_7.json,276a05e5e481a0b4996c7cccf5280b33
Resources/compressedlevels/School_8.json,Data,Assets/RecoveredOriginal/Data/SourceResources/compressedlevels/School_8.json,3ec4e6def0a966745a98118f87d905e5
Resources/compressedlevels/School_9.json,Data,Assets/RecoveredOriginal/Data/SourceResources/compressedlevels/School_9.json,bd6da7197a605ca4e82652199f43be8f
Resources/config/Config_ViewShopCategory_Booster.asset,Reference,SourceData/AssetRipper/Assets/Resources/config/Config_ViewShopCategory_Booster.asset,21e7f83368c5d2f4198f839cb5689b48
Resources/config/Config_ViewShopCategory_Coin.asset,Reference,SourceData/AssetRipper/Assets/Resources/config/Config_ViewShopCategory_Coin.asset,81d1c009fcb03d74ca152f613420cabd
Resources/config/Config_ViewShopItem_Booster.asset,Reference,SourceData/AssetRipper/Assets/Resources/config/Config_ViewShopItem_Booster.asset,bc4a0691b561aab45af005460a12345d
Resources/config/Config_ViewShopItem_Booster_Bundle.asset,Reference,SourceData/AssetRipper/Assets/Resources/config/Config_ViewShopItem_Booster_Bundle.asset,2c3e19ac537af1b4ea76eb01b0a005f3
Resources/config/Config_ViewShopItem_Bundle.asset,Reference,SourceData/AssetRipper/Assets/Resources/config/Config_ViewShopItem_Bundle.asset,a97b560a7940cad4b8353c71825f1889
Resources/config/Config_ViewShopItem_Coin.asset,Reference,SourceData/AssetRipper/Assets/Resources/config/Config_ViewShopItem_Coin.asset,4624c64f6d643534483cd53b939e10e1
Resources/config/GalleryConfig.asset,Reference,SourceData/AssetRipper/Assets/Resources/config/GalleryConfig.asset,20a10d941d2143a4b902b635ee4cbe9d
Resources/config/GalleryConfig_TEST.asset,Reference,SourceData/AssetRipper/Assets/Resources/config/GalleryConfig_TEST.asset,48562a9fc1f74d544a32456ce7288f12
Resources/config/PrefabConfig.asset,Reference,SourceData/AssetRipper/Assets/Resources/config/PrefabConfig.asset,0814ba845cf27b244872c409e1544118
Resources/config/SpriteConfig.asset,Reference,SourceData/AssetRipper/Assets/Resources/config/SpriteConfig.asset,20276045bc8cfd847b5b287b43490d7a
Resources/defaultjsons/Voodoo.Sauce.GoogleChromePromotion.GoogleChromePromotionLocalisation.googlechromepromotionlocalisation,Reference,SourceData/AssetRipper/Assets/Resources/defaultjsons/Voodoo.Sauce.GoogleChromePromotion.GoogleChromePromotionLocalisation.googlechromepromotionlocalisation,5a4b1b0c4dc8f46488241401a08a4fd6
Resources/defaultjsons/Voodoo.Sauce.Internal.Ads.AudioAdsPopupLocalisation.audioadspopuplocalisation,Reference,SourceData/AssetRipper/Assets/Resources/defaultjsons/Voodoo.Sauce.Internal.Ads.AudioAdsPopupLocalisation.audioadspopuplocalisation,63247b206660bd3478d0b2c310ee9a39
Resources/defaultjsons/Voodoo.Sauce.Internal.Ads.BannerPopupLocalisation.bannerpopuplocalisation,Reference,SourceData/AssetRipper/Assets/Resources/defaultjsons/Voodoo.Sauce.Internal.Ads.BannerPopupLocalisation.bannerpopuplocalisation,e39ec26a097cfa9418953c573d320d2d
Resources/defaultjsons/Voodoo.Sauce.Privacy.IdfaAuthorizationPopupLocalisation.idfaauthorizationpopuplocalisation,Reference,SourceData/AssetRipper/Assets/Resources/defaultjsons/Voodoo.Sauce.Privacy.IdfaAuthorizationPopupLocalisation.idfaauthorizationpopuplocalisation,210ab5be07fccd445b2e50a82b5f7390
Resources/firebase/google-services.json,Data,Assets/RecoveredOriginal/Data/SourceResources/firebase/google-services.json,0b7a115045b622341af7723a83687473
Resources/fonts & materials/LiberationSans SDF - Drop Shadow.mat,Material,Assets/RecoveredOriginal/Material/SourceResources/fonts & materials/LiberationSans SDF - Drop Shadow.mat,0c619d705177da14082b436c61908302
Resources/fonts & materials/LiberationSans SDF - Fallback.asset,Reference,SourceData/AssetRipper/Assets/Resources/fonts & materials/LiberationSans SDF - Fallback.asset,7156b6d9ce846ba4e94c1f67aac917d2
Resources/fonts & materials/LiberationSans SDF - Outline.mat,Material,Assets/RecoveredOriginal/Material/SourceResources/fonts & materials/LiberationSans SDF - Outline.mat,e99d92d447dde5c4c83d13fbd76d2c11
Resources/fonts & materials/LiberationSans SDF Atlas.png,Texture,Assets/RecoveredOriginal/Texture/SourceResources/fonts & materials/LiberationSans SDF Atlas.png,be8bdb1d53adf654c9bfae6edffee1b5
Resources/fonts & materials/LiberationSans SDF Material.mat,Material,Assets/RecoveredOriginal/Material/SourceResources/fonts & materials/LiberationSans SDF Material.mat,c1e4fb0ec8fb18442a1eb39354615a2d
Resources/fonts & materials/LiberationSans SDF Material_0.mat,Material,Assets/RecoveredOriginal/Material/SourceResources/fonts & materials/LiberationSans SDF Material_0.mat,80526766c7f4cb24297f508aba734f1e
Resources/fonts & materials/LiberationSans SDF.asset,Reference,SourceData/AssetRipper/Assets/Resources/fonts & materials/LiberationSans SDF.asset,9485616b8c00b1d4e85b310f7e8c1e7c
Resources/gameanalytics/Settings.asset,Reference,SourceData/AssetRipper/Assets/Resources/gameanalytics/Settings.asset,7b21e736ceda8cd46a3cec66f666ecb0
Resources/images/alert_icon.png,Texture,Assets/RecoveredOriginal/Texture/SourceResources/images/alert_icon.png,5eb5be5b10cc71a4db58176345cad925
Resources/images/uninstall_icon.png,Texture,Assets/RecoveredOriginal/Texture/SourceResources/images/uninstall_icon.png,02880d76e585b9c4b996e50383f63437
Resources/images/warning_icon.png,Texture,Assets/RecoveredOriginal/Texture/SourceResources/images/warning_icon.png,0fbc0b5d82a0dab42955a1006c14daab
Resources/prefabs/res_canvas_noads_popup.prefab,Reference,SourceData/AssetRipper/Assets/Resources/prefabs/res_canvas_noads_popup.prefab,2b6738325616d6844b1b62475091c691
Resources/rewards/reward_booster.asset,Reference,SourceData/AssetRipper/Assets/Resources/rewards/reward_booster.asset,f7d6d067da281b14ebb11c737219d4f5
Resources/rewards/reward_bundle.asset,Reference,SourceData/AssetRipper/Assets/Resources/rewards/reward_bundle.asset,dacfee74b7907a744a25555bbd407a86
Resources/rewards/reward_coin.asset,Reference,SourceData/AssetRipper/Assets/Resources/rewards/reward_coin.asset,c157507fe6ff2ca46baf76d6a4a15b11
Resources/rewards/reward_coin_preset.asset,Reference,SourceData/AssetRipper/Assets/Resources/rewards/reward_coin_preset.asset,708b46a31422fe14c8b5035abb6c6def
Resources/rewards/reward_daily.asset,Reference,SourceData/AssetRipper/Assets/Resources/rewards/reward_daily.asset,d88d0e67c5f39604a96ada364e942385
Resources/rewards/reward_gift.asset,Reference,SourceData/AssetRipper/Assets/Resources/rewards/reward_gift.asset,331c75834da2b3140a45ad9596f3a84c
Resources/rewards/reward_gift_TEST.asset,Reference,SourceData/AssetRipper/Assets/Resources/rewards/reward_gift_TEST.asset,0a815a396f5b8b34692071e885182432
Resources/rewards/reward_health.asset,Reference,SourceData/AssetRipper/Assets/Resources/rewards/reward_health.asset,dd6e097fdcdc5644b853e11a2a1c31ef
Resources/rewards/reward_inf_health.asset,Reference,SourceData/AssetRipper/Assets/Resources/rewards/reward_inf_health.asset,b76d30b4f31c4094c8e78d664a67f7b3
Resources/rewards/reward_premium.asset,Reference,SourceData/AssetRipper/Assets/Resources/rewards/reward_premium.asset,8d3cbc1e99fdbac48ab9f622937eb592
Resources/rewards/reward_weeklyGift.asset,Reference,SourceData/AssetRipper/Assets/Resources/rewards/reward_weeklyGift.asset,1944eb79d6649874f84b1f7ba282e831
Resources/settings/audiomob-settings.asset,Reference,SourceData/AssetRipper/Assets/Resources/settings/audiomob-settings.asset,3736cc5975c50ab48ba8a9d79c1e10bb
Resources/sprite assets/EmojiOne.asset,Reference,SourceData/AssetRipper/Assets/Resources/sprite assets/EmojiOne.asset,24b18743028fec44ab037dd535baad66
Resources/srdebugger/Settings.asset,Reference,SourceData/AssetRipper/Assets/Resources/srdebugger/Settings.asset,c72289d460a388d4684ff3fcf2676333
Resources/style sheets/Default Style Sheet.asset,Reference,SourceData/AssetRipper/Assets/Resources/style sheets/Default Style Sheet.asset,c39de0ad3b1b4f847926d02757925a46
Resources/vssettings/AnalyticsSettings.asset,Reference,SourceData/AssetRipper/Assets/Resources/vssettings/AnalyticsSettings.asset,e7aff7876ffbeba4aa1e60532071db4c
Resources/vssettings/AnalyticsSettings_android_worldwide.asset,Reference,SourceData/AssetRipper/Assets/Resources/vssettings/AnalyticsSettings_android_worldwide.asset,c0e3dd94ab63c27409ea91ee828ba33c
Resources/vssettings/AnalyticsSettings_ios_worldwide.asset,Reference,SourceData/AssetRipper/Assets/Resources/vssettings/AnalyticsSettings_ios_worldwide.asset,b804830d3a340dc4ba76d73b42e19c63
Resources/vssettings/IAPSettings.asset,Reference,SourceData/AssetRipper/Assets/Resources/vssettings/IAPSettings.asset,242e8a44c6cab0b44a417f13deb229dd
Resources/vssettings/IAPSettings_android.asset,Reference,SourceData/AssetRipper/Assets/Resources/vssettings/IAPSettings_android.asset,18580489d180ab848bf7c6ff3fc439d4
Resources/vssettings/IAPSettings_ios.asset,Reference,SourceData/AssetRipper/Assets/Resources/vssettings/IAPSettings_ios.asset,00e615289bbf9c64f995c14ade8f7810
Resources/paperplanetools/alert/AlertCallbackHandler.prefab,Reference,SourceData/AssetRipper/Assets/Resources/paperplanetools/alert/AlertCallbackHandler.prefab,0334550d6a187b04799d27fd5f7af22a
Resources/paperplanetools/ratebox/RateBoxPrefab.prefab,Reference,SourceData/AssetRipper/Assets/Resources/paperplanetools/ratebox/RateBoxPrefab.prefab,5c0db7aba7a58f94b8e4af2ca25f47a8
Resources/srdebugger/ui/prefabs/BugReportPopover.prefab,Reference,SourceData/AssetRipper/Assets/Resources/srdebugger/ui/prefabs/BugReportPopover.prefab,934de14cbebf4614ab0ed31c0e5d2e07
Resources/srdebugger/ui/prefabs/BugReportSheet.prefab,Reference,SourceData/AssetRipper/Assets/Resources/srdebugger/ui/prefabs/BugReportSheet.prefab,25ec11be1639d2c4480dac650af18481
Resources/srdebugger/ui/prefabs/DebugPanel.prefab,Reference,SourceData/AssetRipper/Assets/Resources/srdebugger/ui/prefabs/DebugPanel.prefab,b7223bdca6ba72b43be1ca7b3f910aa6
Resources/srdebugger/ui/prefabs/DockConsole.prefab,Reference,SourceData/AssetRipper/Assets/Resources/srdebugger/ui/prefabs/DockConsole.prefab,31cf6754c2418ab4c9d279331f3a602f
Resources/srdebugger/ui/prefabs/PinEntry.prefab,Reference,SourceData/AssetRipper/Assets/Resources/srdebugger/ui/prefabs/PinEntry.prefab,cc4c9e8699d5b8644bdc38a2c48c8f87
Resources/srdebugger/ui/prefabs/PinnedUI.prefab,Reference,SourceData/AssetRipper/Assets/Resources/srdebugger/ui/prefabs/PinnedUI.prefab,bafb9bd2a0fa12e40957e52980c6d6f5
Resources/srdebugger/ui/prefabs/Trigger.prefab,Reference,SourceData/AssetRipper/Assets/Resources/srdebugger/ui/prefabs/Trigger.prefab,099b61f3c7b95e3499a5799ce3ae9159
Resources/srdebugger/ui/prefabs/options/ActionOption.prefab,Reference,SourceData/AssetRipper/Assets/Resources/srdebugger/ui/prefabs/options/ActionOption.prefab,8a35ec6b1bb536a479acd0d4e16fe088
Resources/srdebugger/ui/prefabs/options/BoolOption.prefab,Reference,SourceData/AssetRipper/Assets/Resources/srdebugger/ui/prefabs/options/BoolOption.prefab,0fd1d73030eec0949a3be6689046f1f4
Resources/srdebugger/ui/prefabs/options/EnumOption.prefab,Reference,SourceData/AssetRipper/Assets/Resources/srdebugger/ui/prefabs/options/EnumOption.prefab,6ac9f9c04d9e84a438c1005ccf849e63
Resources/srdebugger/ui/prefabs/options/NumberOption.prefab,Reference,SourceData/AssetRipper/Assets/Resources/srdebugger/ui/prefabs/options/NumberOption.prefab,64acbbe1900a4ce439c6223624b17b26
Resources/srdebugger/ui/prefabs/options/ReadOnlyOption.prefab,Reference,SourceData/AssetRipper/Assets/Resources/srdebugger/ui/prefabs/options/ReadOnlyOption.prefab,6669cbaa91cba5b45986df23e7ae43d6
Resources/srdebugger/ui/prefabs/options/StringOption.prefab,Reference,SourceData/AssetRipper/Assets/Resources/srdebugger/ui/prefabs/options/StringOption.prefab,1f056b55e13e1a143b869fff370578db
Resources/srdebugger/ui/prefabs/tabs/BugReporter.prefab,Reference,SourceData/AssetRipper/Assets/Resources/srdebugger/ui/prefabs/tabs/BugReporter.prefab,1815a6e5b4f540645bbff9268135ab41
Resources/srdebugger/ui/prefabs/tabs/Console.prefab,Reference,SourceData/AssetRipper/Assets/Resources/srdebugger/ui/prefabs/tabs/Console.prefab,33fe26e1060366e41bca8bd720e61560
Resources/srdebugger/ui/prefabs/tabs/Options.prefab,Reference,SourceData/AssetRipper/Assets/Resources/srdebugger/ui/prefabs/tabs/Options.prefab,357f8f31dac589c41b0c6db1bb635fd5
Resources/srdebugger/ui/prefabs/tabs/Profiler.prefab,Reference,SourceData/AssetRipper/Assets/Resources/srdebugger/ui/prefabs/tabs/Profiler.prefab,765194a6369173f4797b06733f6e49d2
Resources/srdebugger/ui/prefabs/tabs/System.prefab,Reference,SourceData/AssetRipper/Assets/Resources/srdebugger/ui/prefabs/tabs/System.prefab,a62935da39a008841b87dc0ccccbe995
Scripts/Assembly-CSharp/ActorParent.cs,Reference,SourceData/AssetRipper/Assets/Scripts/Assembly-CSharp/ActorParent.cs,90a618e46a620ba076692daf6abb788e
Scripts/Assembly-CSharp/AdnDebuggerScreen.cs,Reference,SourceData/AssetRipper/Assets/Scripts/Assembly-CSharp/AdnDebuggerScreen.cs,af7fb8a8e6125e7fac097960eb570618
Scripts/Assembly-CSharp/AHAdAnalyzedResult.cs,Reference,SourceData/AssetRipper/Assets/Scripts/Assembly-CSharp/AHAdAnalyzedResult.cs,943d5a5e4b072c7449916f842a00c18a
Scripts/Assembly-CSharp/AHAdBlockReason.cs,Reference,SourceData/AssetRipper/Assets/Scripts/Assembly-CSharp/AHAdBlockReason.cs,fc28547ad5926c44d9f3b464565fde91
Scripts/Assembly-CSharp/AHAdFormat.cs,Reference,SourceData/AssetRipper/Assets/Scripts/Assembly-CSharp/AHAdFormat.cs,a7e6a964655cf4e4daadbdd505ec2168
Scripts/Assembly-CSharp/AHAdSdk.cs,Reference,SourceData/AssetRipper/Assets/Scripts/Assembly-CSharp/AHAdSdk.cs,8876adb359879954b9e0289aeaa92c9f
Scripts/Assembly-CSharp/AHAdStateResult.cs,Reference,SourceData/AssetRipper/Assets/Scripts/Assembly-CSharp/AHAdStateResult.cs,c7ce518686cbbde47be44b7f33bf336e
Scripts/Assembly-CSharp/AHIncidentData.cs,Reference,SourceData/AssetRipper/Assets/Scripts/Assembly-CSharp/AHIncidentData.cs,08718109a514d534fb5415ae0947cca9
Scripts/Assembly-CSharp/AHSdkConfiguration.cs,Reference,SourceData/AssetRipper/Assets/Scripts/Assembly-CSharp/AHSdkConfiguration.cs,7c69661367c4d4a45b70c978ec30b69f
Scripts/Assembly-CSharp/AHSdkDebug.cs,Reference,SourceData/AssetRipper/Assets/Scripts/Assembly-CSharp/AHSdkDebug.cs,cc5324ee55e7cb447a37b05a1769844b
Scripts/Assembly-CSharp/AHTimeLimitConfig.cs,Reference,SourceData/AssetRipper/Assets/Scripts/Assembly-CSharp/AHTimeLimitConfig.cs,d396e2115465a3941ba0e009b9aa1ca6
Scripts/Assembly-CSharp/AHTimeLimitConfigExtensions.cs,Reference,SourceData/AssetRipper/Assets/Scripts/Assembly-CSharp/AHTimeLimitConfigExtensions.cs,d9e2689b321c942468af53d15c3118ff
Scripts/Assembly-CSharp/AnalyticsProviderButton.cs,Reference,SourceData/AssetRipper/Assets/Scripts/Assembly-CSharp/AnalyticsProviderButton.cs,fc922799c1910a03309b67adddb3e4aa
Scripts/Assembly-CSharp/AndroidAdState.cs,Reference,SourceData/AssetRipper/Assets/Scripts/Assembly-CSharp/AndroidAdState.cs,81fe87fde83d24c51579b78201ce60c1
Scripts/Assembly-CSharp/AndroidAdWatcher.cs,Reference,SourceData/AssetRipper/Assets/Scripts/Assembly-CSharp/AndroidAdWatcher.cs,10a160be561eee0f22c1dfff8707361d
Scripts/Assembly-CSharp/AppHarbr.cs,Reference,SourceData/AssetRipper/Assets/Scripts/Assembly-CSharp/AppHarbr.cs,4a66455ae617b0183d0ec8bcfb4b8430
Scripts/Assembly-CSharp/AppHarbrAndroid.cs,Reference,SourceData/AssetRipper/Assets/Scripts/Assembly-CSharp/AppHarbrAndroid.cs,555f0e850a5dd26615760da7dd843f5e
Scripts/Assembly-CSharp/AppHarbriOS.cs,Reference,SourceData/AssetRipper/Assets/Scripts/Assembly-CSharp/AppHarbriOS.cs,759eb2b928d4f1df5c446c1e2e02cca1
Scripts/Assembly-CSharp/AppHarbrSdkCallbacks.cs,Reference,SourceData/AssetRipper/Assets/Scripts/Assembly-CSharp/AppHarbrSdkCallbacks.cs,0c364babc2bfaab004df28eedfdb3ede
Scripts/Assembly-CSharp/AppHarbrSdkUtils.cs,Reference,SourceData/AssetRipper/Assets/Scripts/Assembly-CSharp/AppHarbrSdkUtils.cs,40e649eced2df3b5552c66406fe78994
Scripts/Assembly-CSharp/AudioManager.cs,Reference,SourceData/AssetRipper/Assets/Scripts/Assembly-CSharp/AudioManager.cs,a1b09a7a4ab69fc700bfb75efe174a20
Scripts/Assembly-CSharp/BoosterType.cs,Reference,SourceData/AssetRipper/Assets/Scripts/Assembly-CSharp/BoosterType.cs,72e26b063ea3ef345bb6118a0e1bf639
Scripts/Assembly-CSharp/Bullet.cs,Reference,SourceData/AssetRipper/Assets/Scripts/Assembly-CSharp/Bullet.cs,ad7f0f2213b612598d6477d0e820cf2e
Scripts/Assembly-CSharp/ButtonTypes.cs,Reference,SourceData/AssetRipper/Assets/Scripts/Assembly-CSharp/ButtonTypes.cs,95922d7bdcc51c94daf41d17defb8734
Scripts/Assembly-CSharp/CFX_AutoDestructShuriken.cs,Reference,SourceData/AssetRipper/Assets/Scripts/Assembly-CSharp/CFX_AutoDestructShuriken.cs,d272359c3f3577184efcdce85f73fe46
Scripts/Assembly-CSharp/CFX_AutoRotate.cs,Reference,SourceData/AssetRipper/Assets/Scripts/Assembly-CSharp/CFX_AutoRotate.cs,9c96c84e886ca09b495ee60e65649233
Scripts/Assembly-CSharp/CFX_AutoStopLoopedEffect.cs,Reference,SourceData/AssetRipper/Assets/Scripts/Assembly-CSharp/CFX_AutoStopLoopedEffect.cs,249da2c32a6c05f620458fd10b13e5f2
Scripts/Assembly-CSharp/CFX_Demo_New.cs,Reference,SourceData/AssetRipper/Assets/Scripts/Assembly-CSharp/CFX_Demo_New.cs,d0ca2853299d633b2f7839379ac0010c
Scripts/Assembly-CSharp/CFX_Demo_RandomDir.cs,Reference,SourceData/AssetRipper/Assets/Scripts/Assembly-CSharp/CFX_Demo_RandomDir.cs,d0cd20c9883e0b37030fc4c8b1ecad74
Scripts/Assembly-CSharp/CFX_Demo_RandomDirectionTranslate.cs,Reference,SourceData/AssetRipper/Assets/Scripts/Assembly-CSharp/CFX_Demo_RandomDirectionTranslate.cs,9e25957b29590d3c08bb7349fe69c72d
Scripts/Assembly-CSharp/CFX_Demo_RotateCamera.cs,Reference,SourceData/AssetRipper/Assets/Scripts/Assembly-CSharp/CFX_Demo_RotateCamera.cs,c3caeddc916e4cafa55b3d5b0cdc7725
Scripts/Assembly-CSharp/CFX_Demo_Translate.cs,Reference,SourceData/AssetRipper/Assets/Scripts/Assembly-CSharp/CFX_Demo_Translate.cs,cc6d3ad62df33eb82ebeb51cf9c49fd4
Scripts/Assembly-CSharp/CFX_LightFlicker.cs,Reference,SourceData/AssetRipper/Assets/Scripts/Assembly-CSharp/CFX_LightFlicker.cs,78d870603ed9e6dbce976302ea4e99d8
Scripts/Assembly-CSharp/CFX_LightIntensityFade.cs,Reference,SourceData/AssetRipper/Assets/Scripts/Assembly-CSharp/CFX_LightIntensityFade.cs,373768a9f3af9ab78eb030a0ce5dab66
Scripts/Assembly-CSharp/Character.cs,Reference,SourceData/AssetRipper/Assets/Scripts/Assembly-CSharp/Character.cs,519636138da1f93dacb68edc8dd0f672
Scripts/Assembly-CSharp/Character3D_View.cs,Reference,SourceData/AssetRipper/Assets/Scripts/Assembly-CSharp/Character3D_View.cs,f475fc16d48b1720382eded0aa4c3680
Scripts/Assembly-CSharp/CharacterAnimator.cs,Reference,SourceData/AssetRipper/Assets/Scripts/Assembly-CSharp/CharacterAnimator.cs,2d285e5925adbce9d21f30bef76436bb
Scripts/Assembly-CSharp/CharacterColorAmmoData.cs,Reference,SourceData/AssetRipper/Assets/Scripts/Assembly-CSharp/CharacterColorAmmoData.cs,5a7fc9d50b5b9f2468352749e08e5d5d
Scripts/Assembly-CSharp/CharacterFreeze.cs,Reference,SourceData/AssetRipper/Assets/Scripts/Assembly-CSharp/CharacterFreeze.cs,484238f05bf0e8d1263c7867e4b14f48
Scripts/Assembly-CSharp/CharacterReserveHandler.cs,Reference,SourceData/AssetRipper/Assets/Scripts/Assembly-CSharp/CharacterReserveHandler.cs,e315732869c632fae008c9ec3c5aa2f2
Scripts/Assembly-CSharp/CharacterVisual.cs,Reference,SourceData/AssetRipper/Assets/Scripts/Assembly-CSharp/CharacterVisual.cs,1793787361bbcec0b3b7711d09661733
Scripts/Assembly-CSharp/CinemachineManager.cs,Reference,SourceData/AssetRipper/Assets/Scripts/Assembly-CSharp/CinemachineManager.cs,4d9207700a20a2733bec138aa015bf00
Scripts/Assembly-CSharp/ClearStencilHandler.cs,Reference,SourceData/AssetRipper/Assets/Scripts/Assembly-CSharp/ClearStencilHandler.cs,15ab5bb5d6eac80bd471ec7979764a48
Scripts/Assembly-CSharp/ColorChangeData.cs,Reference,SourceData/AssetRipper/Assets/Scripts/Assembly-CSharp/ColorChangeData.cs,15aa7238b4a5f6c4aa6c36eaed04e2ca
Scripts/Assembly-CSharp/ColorChanger.cs,Reference,SourceData/AssetRipper/Assets/Scripts/Assembly-CSharp/ColorChanger.cs,a2a59b5abc94b846b5d7f0e5cfd7ef8e
Scripts/Assembly-CSharp/ColorData.cs,Reference,SourceData/AssetRipper/Assets/Scripts/Assembly-CSharp/ColorData.cs,cf4b516df885ce54d971d4b620cfb910
Scripts/Assembly-CSharp/ColorDataSO.cs,Reference,SourceData/AssetRipper/Assets/Scripts/Assembly-CSharp/ColorDataSO.cs,e5bc21430a3ef5d9362fcade4e91774d
Scripts/Assembly-CSharp/ColorType.cs,Reference,SourceData/AssetRipper/Assets/Scripts/Assembly-CSharp/ColorType.cs,f16d2f6fd4d94134a9597b360a6bc9ac
Scripts/Assembly-CSharp/ColorTypeDetector.cs,Reference,SourceData/AssetRipper/Assets/Scripts/Assembly-CSharp/ColorTypeDetector.cs,ebe7946a0f4d25cf84802fa5ac99b0bf
Scripts/Assembly-CSharp/ControllerUiPanelSelectionButtons.cs,Reference,SourceData/AssetRipper/Assets/Scripts/Assembly-CSharp/ControllerUiPanelSelectionButtons.cs,b614d1670d8dd8e27f32ee78ed946e4d
Scripts/Assembly-CSharp/CooldownRvConfig.cs,Reference,SourceData/AssetRipper/Assets/Scripts/Assembly-CSharp/CooldownRvConfig.cs,fd0ade11feacffc6811f0ff73191ecea
Scripts/Assembly-CSharp/Crete.cs,Reference,SourceData/AssetRipper/Assets/Scripts/Assembly-CSharp/Crete.cs,5d7013d0f88a4b4c04b72891440a44be
Scripts/Assembly-CSharp/CretePart.cs,Reference,SourceData/AssetRipper/Assets/Scripts/Assembly-CSharp/CretePart.cs,e382d4c4d8c86fe36df9302b4e27738e
Scripts/Assembly-CSharp/CustomAdjustEvent.cs,Reference,SourceData/AssetRipper/Assets/Scripts/Assembly-CSharp/CustomAdjustEvent.cs,0542a9a6acd793a488cd918b14e1387e
Scripts/Assembly-CSharp/CustomLabelAndValueAttribute.cs,Reference,SourceData/AssetRipper/Assets/Scripts/Assembly-CSharp/CustomLabelAndValueAttribute.cs,4465e2f1a0fe16f0c2ac7d651eea0702
Scripts/Assembly-CSharp/CustomLabelAttribute.cs,Reference,SourceData/AssetRipper/Assets/Scripts/Assembly-CSharp/CustomLabelAttribute.cs,7cdc9e671be0e4144667dad532c48e47
Scripts/Assembly-CSharp/DailyQuestConfig.cs,Reference,SourceData/AssetRipper/Assets/Scripts/Assembly-CSharp/DailyQuestConfig.cs,90f29c4ff672b41e8719bdb58ee66d62
Scripts/Assembly-CSharp/DailyQuestConfigData.cs,Reference,SourceData/AssetRipper/Assets/Scripts/Assembly-CSharp/DailyQuestConfigData.cs,1dc350f13fefef14e9dc849d53eb2c57
Scripts/Assembly-CSharp/DailyQuestConfigHolder.cs,Reference,SourceData/AssetRipper/Assets/Scripts/Assembly-CSharp/DailyQuestConfigHolder.cs,995023137ba69a643a8035a032340141
Scripts/Assembly-CSharp/DailyQuestSpriteDatabase.cs,Reference,SourceData/AssetRipper/Assets/Scripts/Assembly-CSharp/DailyQuestSpriteDatabase.cs,33e5ccba57861e32ffd98d2025535083
Scripts/Assembly-CSharp/DailyQuestType.cs,Reference,SourceData/AssetRipper/Assets/Scripts/Assembly-CSharp/DailyQuestType.cs,3f24ba8af5d237744890d3c768359973
Scripts/Assembly-CSharp/DailyRewardsController.cs,Reference,SourceData/AssetRipper/Assets/Scripts/Assembly-CSharp/DailyRewardsController.cs,36b8805e33738d9a4d0cf7ffac0054a9
Scripts/Assembly-CSharp/DailyTaskController.cs,Reference,SourceData/AssetRipper/Assets/Scripts/Assembly-CSharp/DailyTaskController.cs,284b22f1cefd0bec130429041e2d863f
Scripts/Assembly-CSharp/DailyTaskRewardButton.cs,Reference,SourceData/AssetRipper/Assets/Scripts/Assembly-CSharp/DailyTaskRewardButton.cs,8199e274a636e40efc33ffc301f74018
Scripts/Assembly-CSharp/DayRewardItem.cs,Reference,SourceData/AssetRipper/Assets/Scripts/Assembly-CSharp/DayRewardItem.cs,f3e051f10c992984aa923aed638830b4
Scripts/Assembly-CSharp/DayUiItem.cs,Reference,SourceData/AssetRipper/Assets/Scripts/Assembly-CSharp/DayUiItem.cs,9ac827a93026ed54e2e026799cb2fa14
Scripts/Assembly-CSharp/DebugCopyButton.cs,Reference,SourceData/AssetRipper/Assets/Scripts/Assembly-CSharp/DebugCopyButton.cs,1a08259d2c90e2517fab7f30f61c5f0a
Scripts/Assembly-CSharp/DelayCloseObject.cs,Reference,SourceData/AssetRipper/Assets/Scripts/Assembly-CSharp/DelayCloseObject.cs,510a7a8a5cf458c6083f95aa5b017910
Scripts/Assembly-CSharp/DevelopmentModeOnly.cs,Reference,SourceData/AssetRipper/Assets/Scripts/Assembly-CSharp/DevelopmentModeOnly.cs,a4e022e27f049f3a15add635bdbb85e4
Scripts/Assembly-CSharp/DoubleRvConfig.cs,Reference,SourceData/AssetRipper/Assets/Scripts/Assembly-CSharp/DoubleRvConfig.cs,b0a6ecce2b028c009f226b4ce8e62655
Scripts/Assembly-CSharp/DoubleRvGallery.cs,Reference,SourceData/AssetRipper/Assets/Scripts/Assembly-CSharp/DoubleRvGallery.cs,c0eb8d349f1c3749c309fd783392518c
Scripts/Assembly-CSharp/EasyHardLevelConfig.cs,Reference,SourceData/AssetRipper/Assets/Scripts/Assembly-CSharp/EasyHardLevelConfig.cs,fe3f6eb52754a6281ffd3ecb4d99eda7
Scripts/Assembly-CSharp/EconomyConfig.cs,Reference,SourceData/AssetRipper/Assets/Scripts/Assembly-CSharp/EconomyConfig.cs,b3b780e893ec02cab0bfa685dc7c6e7a
Scripts/Assembly-CSharp/EditorManager.cs,Reference,SourceData/AssetRipper/Assets/Scripts/Assembly-CSharp/EditorManager.cs,dd0a8066a4cf538aa197526b9c05de25
Scripts/Assembly-CSharp/ETFXProjectileScript.cs,Reference,SourceData/AssetRipper/Assets/Scripts/Assembly-CSharp/ETFXProjectileScript.cs,c6961254b45ee691676abaaa2377bd92
Scripts/Assembly-CSharp/ETFXSceneManager.cs,Reference,SourceData/AssetRipper/Assets/Scripts/Assembly-CSharp/ETFXSceneManager.cs,ddcb130fc4130e87fd5694444f3e029a
Scripts/Assembly-CSharp/EventManager.cs,Reference,SourceData/AssetRipper/Assets/Scripts/Assembly-CSharp/EventManager.cs,eb682a11d459e82cc0e97bd159d1cfd5
Scripts/Assembly-CSharp/Events.cs,Reference,SourceData/AssetRipper/Assets/Scripts/Assembly-CSharp/Events.cs,c1d8596ff01684fbfdc5f7135d29cf23
Scripts/Assembly-CSharp/ExplanationTextAttribute.cs,Reference,SourceData/AssetRipper/Assets/Scripts/Assembly-CSharp/ExplanationTextAttribute.cs,c11e352513aa9a4bbe7ec5907a9477fc
Scripts/Assembly-CSharp/ExponentialBackoff.cs,Reference,SourceData/AssetRipper/Assets/Scripts/Assembly-CSharp/ExponentialBackoff.cs,882f39b6a1878cc8b1d45749c63cbd61
Scripts/Assembly-CSharp/Extension.cs,Reference,SourceData/AssetRipper/Assets/Scripts/Assembly-CSharp/Extension.cs,74b1efe72b36bd345b6ac5f35e0087fc
Scripts/Assembly-CSharp/ExtraBoosterConfig.cs,Reference,SourceData/AssetRipper/Assets/Scripts/Assembly-CSharp/ExtraBoosterConfig.cs,fad276e9a318c3227eafca9c16923d74
Scripts/Assembly-CSharp/FailPanelUI.cs,Reference,SourceData/AssetRipper/Assets/Scripts/Assembly-CSharp/FailPanelUI.cs,d36c824861a982796cdc391f3a12d4e7
Scripts/Assembly-CSharp/FailUICanvas.cs,Reference,SourceData/AssetRipper/Assets/Scripts/Assembly-CSharp/FailUICanvas.cs,c73732ece80703719e6974d70ac33b37
Scripts/Assembly-CSharp/FeatureConfig.cs,Reference,SourceData/AssetRipper/Assets/Scripts/Assembly-CSharp/FeatureConfig.cs,d3248c20b54008ba2cc0c5e2c7237f0d
Scripts/Assembly-CSharp/FeatureData.cs,Reference,SourceData/AssetRipper/Assets/Scripts/Assembly-CSharp/FeatureData.cs,fe5ccb7cdc0c52742846ff7574c6625e
Scripts/Assembly-CSharp/FirebaseCrashlyticsProviderSDK.cs,Reference,SourceData/AssetRipper/Assets/Scripts/Assembly-CSharp/FirebaseCrashlyticsProviderSDK.cs,8dfe8ba5ae5281af379c170b1bc57bba
Scripts/Assembly-CSharp/FsAdsConfig.cs,Reference,SourceData/AssetRipper/Assets/Scripts/Assembly-CSharp/FsAdsConfig.cs,dd007e5ca7f67bfa3982bdc6b62ae034
Scripts/Assembly-CSharp/GameEvents.cs,Reference,SourceData/AssetRipper/Assets/Scripts/Assembly-CSharp/GameEvents.cs,b3d72ce5f99aebc306be92b648f00532
Scripts/Assembly-CSharp/GameManager.cs,Reference,SourceData/AssetRipper/Assets/Scripts/Assembly-CSharp/GameManager.cs,fa3f1a2d47bf9479853f992a9cd99dc9
Scripts/Assembly-CSharp/GeometryUtils.cs,Reference,SourceData/AssetRipper/Assets/Scripts/Assembly-CSharp/GeometryUtils.cs,625a8be75635abb16ff371380b8c53a3
Scripts/Assembly-CSharp/GridAStar.cs,Reference,SourceData/AssetRipper/Assets/Scripts/Assembly-CSharp/GridAStar.cs,13ea8d191a28f3f5f5fbf11ebd9efa0c
Scripts/Assembly-CSharp/GridController.cs,Reference,SourceData/AssetRipper/Assets/Scripts/Assembly-CSharp/GridController.cs,ba6080899faae7ece9220843a0ca5020
Scripts/Assembly-CSharp/GridControllerEditor.cs,Reference,SourceData/AssetRipper/Assets/Scripts/Assembly-CSharp/GridControllerEditor.cs,03a1a38d6fbd797f7aab5926a15b4f60
Scripts/Assembly-CSharp/GridNeedAmmo.cs,Reference,SourceData/AssetRipper/Assets/Scripts/Assembly-CSharp/GridNeedAmmo.cs,96e4ca5f56506b3e44d50779ddd08faa
Scripts/Assembly-CSharp/GridSlot.cs,Reference,SourceData/AssetRipper/Assets/Scripts/Assembly-CSharp/GridSlot.cs,669c84e6693d2ff5f2a2128cee7148da
Scripts/Assembly-CSharp/GroupData.cs,Reference,SourceData/AssetRipper/Assets/Scripts/Assembly-CSharp/GroupData.cs,a1a1a3da99a86a942b4c8ea26cd7a5d9
Scripts/Assembly-CSharp/GuruEvent.cs,Reference,SourceData/AssetRipper/Assets/Scripts/Assembly-CSharp/GuruEvent.cs,1e9eb2fd044f4b848b7a01dd73a08f7d
Scripts/Assembly-CSharp/HyperLinkOpener.cs,Reference,SourceData/AssetRipper/Assets/Scripts/Assembly-CSharp/HyperLinkOpener.cs,8175483a3e71e88be9e71d2ebac80825
Scripts/Assembly-CSharp/IColorable.cs,Reference,SourceData/AssetRipper/Assets/Scripts/Assembly-CSharp/IColorable.cs,494b44155b539601a3862ef07d188072
Scripts/Assembly-CSharp/IControlUiPanel.cs,Reference,SourceData/AssetRipper/Assets/Scripts/Assembly-CSharp/IControlUiPanel.cs,42a07f86fa751f45aca5e489457c1aba
Scripts/Assembly-CSharp/IEvent.cs,Reference,SourceData/AssetRipper/Assets/Scripts/Assembly-CSharp/IEvent.cs,02f42a37a1d710b9b85959af826979eb
Scripts/Assembly-CSharp/IInteractable.cs,Reference,SourceData/AssetRipper/Assets/Scripts/Assembly-CSharp/IInteractable.cs,ecdf6657b70bedb21287e98d6964b435
Scripts/Assembly-CSharp/InteractManager.cs,Reference,SourceData/AssetRipper/Assets/Scripts/Assembly-CSharp/InteractManager.cs,64eb726cb097e9e3107c3371146ad9e5
Scripts/Assembly-CSharp/IPaintable.cs,Reference,SourceData/AssetRipper/Assets/Scripts/Assembly-CSharp/IPaintable.cs,a5a66a38938127eb485c51f6288131ad
Scripts/Assembly-CSharp/ISaveSystem.cs,Reference,SourceData/AssetRipper/Assets/Scripts/Assembly-CSharp/ISaveSystem.cs,ef97c9da712f43ac94d1415e8738befd
Scripts/Assembly-CSharp/ISelectable.cs,Reference,SourceData/AssetRipper/Assets/Scripts/Assembly-CSharp/ISelectable.cs,7459e2a4da8c748c4492e4e167c5f649
Scripts/Assembly-CSharp/ISlot.cs,Reference,SourceData/AssetRipper/Assets/Scripts/Assembly-CSharp/ISlot.cs,c5963180ced16bce7e3b57818a4c0554
Scripts/Assembly-CSharp/ISlotable.cs,Reference,SourceData/AssetRipper/Assets/Scripts/Assembly-CSharp/ISlotable.cs,28209795192fee4417e1df518b8797e3
Scripts/Assembly-CSharp/IThrowable.cs,Reference,SourceData/AssetRipper/Assets/Scripts/Assembly-CSharp/IThrowable.cs,888c862c72fa2c4678a49558d6dc1804
Scripts/Assembly-CSharp/IThrower.cs,Reference,SourceData/AssetRipper/Assets/Scripts/Assembly-CSharp/IThrower.cs,deaebca7d90662f217890dfc15c752aa
Scripts/Assembly-CSharp/IThrowerUser.cs,Reference,SourceData/AssetRipper/Assets/Scripts/Assembly-CSharp/IThrowerUser.cs,7719cf89e6cfcb96cd48a05ebc4715d4
Scripts/Assembly-CSharp/JsonSaveSystem.cs,Reference,SourceData/AssetRipper/Assets/Scripts/Assembly-CSharp/JsonSaveSystem.cs,2bcb4ee46af8332d58315091c5f1ce49
Scripts/Assembly-CSharp/JsonUtils.cs,Reference,SourceData/AssetRipper/Assets/Scripts/Assembly-CSharp/JsonUtils.cs,7594426284d68d05e69183c7fd6d8c6a
Scripts/Assembly-CSharp/Lane.cs,Reference,SourceData/AssetRipper/Assets/Scripts/Assembly-CSharp/Lane.cs,d7d69a3573d540b06f5aee962c7ed732
Scripts/Assembly-CSharp/LaneController.cs,Reference,SourceData/AssetRipper/Assets/Scripts/Assembly-CSharp/LaneController.cs,87fb7870522e9d142f252f69c20d2060
Scripts/Assembly-CSharp/LaneData.cs,Reference,SourceData/AssetRipper/Assets/Scripts/Assembly-CSharp/LaneData.cs,313d1c1e3ea10634daeae729a1d9e4df
Scripts/Assembly-CSharp/LaneSlot.cs,Reference,SourceData/AssetRipper/Assets/Scripts/Assembly-CSharp/LaneSlot.cs,41432ac92769a7b4fd8eef8aa385236d
Scripts/Assembly-CSharp/LargeHeaderAttribute.cs,Reference,SourceData/AssetRipper/Assets/Scripts/Assembly-CSharp/LargeHeaderAttribute.cs,3aa2b4136711e2fae6f9f29fa8843871
Scripts/Assembly-CSharp/LevelController.cs,Reference,SourceData/AssetRipper/Assets/Scripts/Assembly-CSharp/LevelController.cs,8120ef97c59404d3f72af799f0aa1e7d
Scripts/Assembly-CSharp/LevelDataSO.cs,Reference,SourceData/AssetRipper/Assets/Scripts/Assembly-CSharp/LevelDataSO.cs,6a895ccc9707dab3da44b60e732524bd
Scripts/Assembly-CSharp/LevelHolder.cs,Reference,SourceData/AssetRipper/Assets/Scripts/Assembly-CSharp/LevelHolder.cs,1ad829b8dbfbe6e4e8639d60cce9cf20
Scripts/Assembly-CSharp/LevelIndicesConfig.cs,Reference,SourceData/AssetRipper/Assets/Scripts/Assembly-CSharp/LevelIndicesConfig.cs,7f990886a4d0f2d068cd91260eda1baf
Scripts/Assembly-CSharp/LevelManager.cs,Reference,SourceData/AssetRipper/Assets/Scripts/Assembly-CSharp/LevelManager.cs,780c78d4af376959b095359d8460246f
Scripts/Assembly-CSharp/LevelPoolHolder.cs,Reference,SourceData/AssetRipper/Assets/Scripts/Assembly-CSharp/LevelPoolHolder.cs,d2990db5d41006347b7ff1448a697cdb
Scripts/Assembly-CSharp/LevelStartUiPanelController.cs,Reference,SourceData/AssetRipper/Assets/Scripts/Assembly-CSharp/LevelStartUiPanelController.cs,b169a40dc5de010cf4822a9bdd61af26
Scripts/Assembly-CSharp/LevelUiCanvas.cs,Reference,SourceData/AssetRipper/Assets/Scripts/Assembly-CSharp/LevelUiCanvas.cs,23c2e08baf206102d30781bba6007243
Scripts/Assembly-CSharp/MainMenuCanvasConfig.cs,Reference,SourceData/AssetRipper/Assets/Scripts/Assembly-CSharp/MainMenuCanvasConfig.cs,dbeafbfafa86e1460687934d9dce94be
Scripts/Assembly-CSharp/MainUiCanvas.cs,Reference,SourceData/AssetRipper/Assets/Scripts/Assembly-CSharp/MainUiCanvas.cs,334e049b265a341c4a901c84915cf4eb
Scripts/Assembly-CSharp/MainUICanvas_New.cs,Reference,SourceData/AssetRipper/Assets/Scripts/Assembly-CSharp/MainUICanvas_New.cs,889a17c51682b8b800c32e548269e068
Scripts/Assembly-CSharp/MaxNativeAdsSdkUtils.cs,Reference,SourceData/AssetRipper/Assets/Scripts/Assembly-CSharp/MaxNativeAdsSdkUtils.cs,0e8e980bcd60c72dca03573f93fc5e8b
Scripts/Assembly-CSharp/MediumSpacerAttribute.cs,Reference,SourceData/AssetRipper/Assets/Scripts/Assembly-CSharp/MediumSpacerAttribute.cs,43b74c1b90ad4ce34094c9cb5c244598
Scripts/Assembly-CSharp/MultiDisplayUtils.cs,Reference,SourceData/AssetRipper/Assets/Scripts/Assembly-CSharp/MultiDisplayUtils.cs,55d8cca012afd9e8f6445f0ca86e0bb1
Scripts/Assembly-CSharp/MusicManager.cs,Reference,SourceData/AssetRipper/Assets/Scripts/Assembly-CSharp/MusicManager.cs,4aa6310291f27d455dfe64af939628dd
Scripts/Assembly-CSharp/MyRewardedInterstitialCallbacks.cs,Reference,SourceData/AssetRipper/Assets/Scripts/Assembly-CSharp/MyRewardedInterstitialCallbacks.cs,de8d69ee1e1da5878cad6471b8439cbd
Scripts/Assembly-CSharp/NewBoosterConfig.cs,Reference,SourceData/AssetRipper/Assets/Scripts/Assembly-CSharp/NewBoosterConfig.cs,cb58e47457204468451663c628589f49
Scripts/Assembly-CSharp/NewBoosterData.cs,Reference,SourceData/AssetRipper/Assets/Scripts/Assembly-CSharp/NewBoosterData.cs,4f14fa35fac93344c9aa1a25212bd23d
Scripts/Assembly-CSharp/NewFeatureConfig.cs,Reference,SourceData/AssetRipper/Assets/Scripts/Assembly-CSharp/NewFeatureConfig.cs,b1b6bcbba6fba6271a1d73d86bd68254
Scripts/Assembly-CSharp/NewFeatureData.cs,Reference,SourceData/AssetRipper/Assets/Scripts/Assembly-CSharp/NewFeatureData.cs,0670c7cdb5d67b443919ca54b8576475
Scripts/Assembly-CSharp/ObjectPoolManager.cs,Reference,SourceData/AssetRipper/Assets/Scripts/Assembly-CSharp/ObjectPoolManager.cs,80af1d9ee4ddf40e7f6bea4e6aeb2f76
Scripts/Assembly-CSharp/Obstacle.cs,Reference,SourceData/AssetRipper/Assets/Scripts/Assembly-CSharp/Obstacle.cs,0bd679aeb6a65c206152ee377c89c9b1
Scripts/Assembly-CSharp/OnCharacterMoved.cs,Reference,SourceData/AssetRipper/Assets/Scripts/Assembly-CSharp/OnCharacterMoved.cs,eda024c5ee63fcf4f8952039eaf670a0
Scripts/Assembly-CSharp/OnCharacterMoveToStash.cs,Reference,SourceData/AssetRipper/Assets/Scripts/Assembly-CSharp/OnCharacterMoveToStash.cs,c9f754a1dbf3df2488abb84ff16de247
Scripts/Assembly-CSharp/OnCharacterShoot.cs,Reference,SourceData/AssetRipper/Assets/Scripts/Assembly-CSharp/OnCharacterShoot.cs,d8c2cea24bedd23428c8679db2141404
Scripts/Assembly-CSharp/OnCoinChanged.cs,Reference,SourceData/AssetRipper/Assets/Scripts/Assembly-CSharp/OnCoinChanged.cs,22e1303d27f3b2747adf609a4440cd79
Scripts/Assembly-CSharp/OnFeatureDoneLevel.cs,Reference,SourceData/AssetRipper/Assets/Scripts/Assembly-CSharp/OnFeatureDoneLevel.cs,a2b6fbe32434f87479f2fe528287a006
Scripts/Assembly-CSharp/OnGameStateChanged.cs,Reference,SourceData/AssetRipper/Assets/Scripts/Assembly-CSharp/OnGameStateChanged.cs,e2ccebc50af08d14eaf7544a27d469df
Scripts/Assembly-CSharp/OnIsSoundOnChanged.cs,Reference,SourceData/AssetRipper/Assets/Scripts/Assembly-CSharp/OnIsSoundOnChanged.cs,50ac842e00046e6449caeca05c8a8968
Scripts/Assembly-CSharp/OnLevelWinEffect.cs,Reference,SourceData/AssetRipper/Assets/Scripts/Assembly-CSharp/OnLevelWinEffect.cs,e8cfca8773878924eb3361572b7ad5ea
Scripts/Assembly-CSharp/OnPainted.cs,Reference,SourceData/AssetRipper/Assets/Scripts/Assembly-CSharp/OnPainted.cs,c7e5b66899d8eaf4992ee8104aa6363f
Scripts/Assembly-CSharp/PaintableController.cs,Reference,SourceData/AssetRipper/Assets/Scripts/Assembly-CSharp/PaintableController.cs,96b9eb2516e052880ddf02c05e64115c
Scripts/Assembly-CSharp/PaintableGrid.cs,Reference,SourceData/AssetRipper/Assets/Scripts/Assembly-CSharp/PaintableGrid.cs,627e993c826031dcbe0fff34d99497b3
Scripts/Assembly-CSharp/PaintableGridSlot.cs,Reference,SourceData/AssetRipper/Assets/Scripts/Assembly-CSharp/PaintableGridSlot.cs,682a4b81d57a70537c2f907f2bc55370
Scripts/Assembly-CSharp/PaintableGridWorldCanvas.cs,Reference,SourceData/AssetRipper/Assets/Scripts/Assembly-CSharp/PaintableGridWorldCanvas.cs,aba9dd223dd7450c9505225867b43a89
Scripts/Assembly-CSharp/PaintablePart.cs,Reference,SourceData/AssetRipper/Assets/Scripts/Assembly-CSharp/PaintablePart.cs,f8ec511bfffff3914815395af9680440
Scripts/Assembly-CSharp/ParticleEffectsLibrary.cs,Reference,SourceData/AssetRipper/Assets/Scripts/Assembly-CSharp/ParticleEffectsLibrary.cs,4deebf5aa8dc78d0d2d2daf95a7c2d56
Scripts/Assembly-CSharp/PEButtonScript.cs,Reference,SourceData/AssetRipper/Assets/Scripts/Assembly-CSharp/PEButtonScript.cs,947c847e703e77a2c3f929a12c91700f
Scripts/Assembly-CSharp/Pipe.cs,Reference,SourceData/AssetRipper/Assets/Scripts/Assembly-CSharp/Pipe.cs,902264f6a8773408070ac679dffee141
Scripts/Assembly-CSharp/PointerController.cs,Reference,SourceData/AssetRipper/Assets/Scripts/Assembly-CSharp/PointerController.cs,41d4bf748ea336e7ac14732dfce68679
Scripts/Assembly-CSharp/QuadLaneSlotConfig.cs,Reference,SourceData/AssetRipper/Assets/Scripts/Assembly-CSharp/QuadLaneSlotConfig.cs,3def5b194a688a78426996ac0d77e3ee
Scripts/Assembly-CSharp/ReadOnlyAttribute.cs,Reference,SourceData/AssetRipper/Assets/Scripts/Assembly-CSharp/ReadOnlyAttribute.cs,a320fb497acf4a54074c9630391e2880
Scripts/Assembly-CSharp/RemoteLevelOrderConfig.cs,Reference,SourceData/AssetRipper/Assets/Scripts/Assembly-CSharp/RemoteLevelOrderConfig.cs,91dca828a925ab966a9df874c110af21
Scripts/Assembly-CSharp/RemoteLevelPool.cs,Reference,SourceData/AssetRipper/Assets/Scripts/Assembly-CSharp/RemoteLevelPool.cs,e858b0b61c87fd52a2c45f69ef4df437
Scripts/Assembly-CSharp/ReserveButton3D.cs,Reference,SourceData/AssetRipper/Assets/Scripts/Assembly-CSharp/ReserveButton3D.cs,1288ce78e19cb1886e192944e33c07c3
Scripts/Assembly-CSharp/ReserveConfig.cs,Reference,SourceData/AssetRipper/Assets/Scripts/Assembly-CSharp/ReserveConfig.cs,59f1c9e8e3b27b0a08fa00f7717f3430
Scripts/Assembly-CSharp/ReserveSlotOverrideController.cs,Reference,SourceData/AssetRipper/Assets/Scripts/Assembly-CSharp/ReserveSlotOverrideController.cs,2a34a75a5487e372917b53fb7e3f5754
Scripts/Assembly-CSharp/ReserveUICanvas.cs,Reference,SourceData/AssetRipper/Assets/Scripts/Assembly-CSharp/ReserveUICanvas.cs,f91355f730776157c89b860515ae30aa
Scripts/Assembly-CSharp/RewardData.cs,Reference,SourceData/AssetRipper/Assets/Scripts/Assembly-CSharp/RewardData.cs,dda21ed4d0b3b314fb3cff554e2d8c03
Scripts/Assembly-CSharp/RewardedInterstitialCallbacks.cs,Reference,SourceData/AssetRipper/Assets/Scripts/Assembly-CSharp/RewardedInterstitialCallbacks.cs,130140aab0689ab98ce6d42277be667e
Scripts/Assembly-CSharp/RopeMoveType.cs,Reference,SourceData/AssetRipper/Assets/Scripts/Assembly-CSharp/RopeMoveType.cs,8634af49e98a9dd4c8d5b83738474ff5
Scripts/Assembly-CSharp/RopeRowItemColor.cs,Reference,SourceData/AssetRipper/Assets/Scripts/Assembly-CSharp/RopeRowItemColor.cs,1e8ecb43ee425704bb5ad00c5413633b
Scripts/Assembly-CSharp/RopeRowItemState.cs,Reference,SourceData/AssetRipper/Assets/Scripts/Assembly-CSharp/RopeRowItemState.cs,4b064f4404b90a94086ef50c9ce21291
Scripts/Assembly-CSharp/SandQuestBotController.cs,Reference,SourceData/AssetRipper/Assets/Scripts/Assembly-CSharp/SandQuestBotController.cs,1ff17c5746a644a07b5f4db44c4ccd0a
Scripts/Assembly-CSharp/SandQuestBotIconDatabase.cs,Reference,SourceData/AssetRipper/Assets/Scripts/Assembly-CSharp/SandQuestBotIconDatabase.cs,1491be0be0fe4a954592bdbde996e7dd
Scripts/Assembly-CSharp/SandQuestConfig.cs,Reference,SourceData/AssetRipper/Assets/Scripts/Assembly-CSharp/SandQuestConfig.cs,c8002802d2c7eb46655a491332202c53
Scripts/Assembly-CSharp/SandQuestController.cs,Reference,SourceData/AssetRipper/Assets/Scripts/Assembly-CSharp/SandQuestController.cs,85c775e674ab3ee95594ef63a0a25d64
Scripts/Assembly-CSharp/SandQuestCooldownState.cs,Reference,SourceData/AssetRipper/Assets/Scripts/Assembly-CSharp/SandQuestCooldownState.cs,6434846074a2ab149a6019768fe81bf3
Scripts/Assembly-CSharp/SandQuestEventState.cs,Reference,SourceData/AssetRipper/Assets/Scripts/Assembly-CSharp/SandQuestEventState.cs,e54e83c0e4b219f4dbeeb52aecf27b37
Scripts/Assembly-CSharp/SandQuestFirstOpenState.cs,Reference,SourceData/AssetRipper/Assets/Scripts/Assembly-CSharp/SandQuestFirstOpenState.cs,a17a0550a276e754692db1fa832c8e29
Scripts/Assembly-CSharp/SandQuestJoinState.cs,Reference,SourceData/AssetRipper/Assets/Scripts/Assembly-CSharp/SandQuestJoinState.cs,6aa551adac7fc724b883540f03494f10
Scripts/Assembly-CSharp/SandQuestLevelState.cs,Reference,SourceData/AssetRipper/Assets/Scripts/Assembly-CSharp/SandQuestLevelState.cs,243aebc5beb4cd34f805b4952249d183
Scripts/Assembly-CSharp/SandQuestSceneLoadState.cs,Reference,SourceData/AssetRipper/Assets/Scripts/Assembly-CSharp/SandQuestSceneLoadState.cs,5725b28ca381a5f498c82d1fa9ea6bad
Scripts/Assembly-CSharp/SandQuestUiPanel.cs,Reference,SourceData/AssetRipper/Assets/Scripts/Assembly-CSharp/SandQuestUiPanel.cs,0743ae7110f9fd493f2344ca9f864156
Scripts/Assembly-CSharp/SandQuestUiPopupPanel.cs,Reference,SourceData/AssetRipper/Assets/Scripts/Assembly-CSharp/SandQuestUiPopupPanel.cs,06ac8d96f008e500d0c1c9b0d9e56b5e
Scripts/Assembly-CSharp/SandQuestWidgetSlot.cs,Reference,SourceData/AssetRipper/Assets/Scripts/Assembly-CSharp/SandQuestWidgetSlot.cs,d368c1c638af2c90f17f7854672861ac
Scripts/Assembly-CSharp/SandStepImage.cs,Reference,SourceData/AssetRipper/Assets/Scripts/Assembly-CSharp/SandStepImage.cs,dc13b5bf28708b4dc6c0aa9a8a78f823
Scripts/Assembly-CSharp/SaveManager.cs,Reference,SourceData/AssetRipper/Assets/Scripts/Assembly-CSharp/SaveManager.cs,07e820c90afb32b37796cb27be6c03de
Scripts/Assembly-CSharp/SaveState.cs,Reference,SourceData/AssetRipper/Assets/Scripts/Assembly-CSharp/SaveState.cs,4c95e7c6028c451639889a2a47bf349f
Scripts/Assembly-CSharp/ScalerControlUiPanel.cs,Reference,SourceData/AssetRipper/Assets/Scripts/Assembly-CSharp/ScalerControlUiPanel.cs,2d10311eb2b8d672eb3ef1ef685a41a5
Scripts/Assembly-CSharp/Scene_Manager.cs,Reference,SourceData/AssetRipper/Assets/Scripts/Assembly-CSharp/Scene_Manager.cs,85997d87999d8f9c85079ff442281cec
Scripts/Assembly-CSharp/SelectionController.cs,Reference,SourceData/AssetRipper/Assets/Scripts/Assembly-CSharp/SelectionController.cs,2509305f4cdad3bf4ee12183b7ede59a
Scripts/Assembly-CSharp/SeparatorAttribute.cs,Reference,SourceData/AssetRipper/Assets/Scripts/Assembly-CSharp/SeparatorAttribute.cs,9da3f6bdbbf34013e6ae26befad98d61
Scripts/Assembly-CSharp/SettingsItem.cs,Reference,SourceData/AssetRipper/Assets/Scripts/Assembly-CSharp/SettingsItem.cs,5b164112d2bfc304dbc1c6f5283789f7
Scripts/Assembly-CSharp/SettingsUiCanvas.cs,Reference,SourceData/AssetRipper/Assets/Scripts/Assembly-CSharp/SettingsUiCanvas.cs,f4c58ca881d190f2afff133f11dc05f0
Scripts/Assembly-CSharp/SettingsUiPanelController.cs,Reference,SourceData/AssetRipper/Assets/Scripts/Assembly-CSharp/SettingsUiPanelController.cs,560a0243ed1003fe6ffb588a5d55332a
Scripts/Assembly-CSharp/SFXManager.cs,Reference,SourceData/AssetRipper/Assets/Scripts/Assembly-CSharp/SFXManager.cs,b39c2d3c41d60676ba32578eae2e7351
Scripts/Assembly-CSharp/ShifterControlUiPanel.cs,Reference,SourceData/AssetRipper/Assets/Scripts/Assembly-CSharp/ShifterControlUiPanel.cs,ad2d0eda3c51caba742fdd8d29fe05ba
Scripts/Assembly-CSharp/Singleton.cs,Reference,SourceData/AssetRipper/Assets/Scripts/Assembly-CSharp/Singleton.cs,5878089077e9ee242a25875b05dd9398
Scripts/Assembly-CSharp/SpacerAttribute.cs,Reference,SourceData/AssetRipper/Assets/Scripts/Assembly-CSharp/SpacerAttribute.cs,0f676040573807ca1777984bb2884991
Scripts/Assembly-CSharp/SpriteDatabaseItem.cs,Reference,SourceData/AssetRipper/Assets/Scripts/Assembly-CSharp/SpriteDatabaseItem.cs,29757795cccbfaf439695a6d0d37c1ae
Scripts/Assembly-CSharp/StashController.cs,Reference,SourceData/AssetRipper/Assets/Scripts/Assembly-CSharp/StashController.cs,32fb8543986c35855417c3a12b04e3a7
Scripts/Assembly-CSharp/StepContainer.cs,Reference,SourceData/AssetRipper/Assets/Scripts/Assembly-CSharp/StepContainer.cs,68e2baa67ae76c0f618cb8c04b686283
Scripts/Assembly-CSharp/SubHeaderAttribute.cs,Reference,SourceData/AssetRipper/Assets/Scripts/Assembly-CSharp/SubHeaderAttribute.cs,f2d6b3f1c465dbb28befe9dea60775fc
Scripts/Assembly-CSharp/TaskData.cs,Reference,SourceData/AssetRipper/Assets/Scripts/Assembly-CSharp/TaskData.cs,4f02463d0d4515c45a618960a2f3f00f
Scripts/Assembly-CSharp/TaskStatus.cs,Reference,SourceData/AssetRipper/Assets/Scripts/Assembly-CSharp/TaskStatus.cs,945f5e7f554edde479ba561970219ac2
Scripts/Assembly-CSharp/TaskUiItem.cs,Reference,SourceData/AssetRipper/Assets/Scripts/Assembly-CSharp/TaskUiItem.cs,9cf26143de37e1c3174b021a28757091
Scripts/Assembly-CSharp/TransformExtensions.cs,Reference,SourceData/AssetRipper/Assets/Scripts/Assembly-CSharp/TransformExtensions.cs,7e50f462784023940ab9d0b7551c97a6
Scripts/Assembly-CSharp/TutorialUiCanvas.cs,Reference,SourceData/AssetRipper/Assets/Scripts/Assembly-CSharp/TutorialUiCanvas.cs,a934336f758fcc54232b1daecd9ffb00
Scripts/Assembly-CSharp/TutorialUiHand.cs,Reference,SourceData/AssetRipper/Assets/Scripts/Assembly-CSharp/TutorialUiHand.cs,371d1d5d4d32460051edc3e132809d90
Scripts/Assembly-CSharp/UIBoosterController.cs,Reference,SourceData/AssetRipper/Assets/Scripts/Assembly-CSharp/UIBoosterController.cs,1fe6310f766e93a888cda93e96451d13
Scripts/Assembly-CSharp/UiButtonAddSpace.cs,Reference,SourceData/AssetRipper/Assets/Scripts/Assembly-CSharp/UiButtonAddSpace.cs,63f744cd1a1e4ac0af443c0152f02328
Scripts/Assembly-CSharp/UiButtonContoller.cs,Reference,SourceData/AssetRipper/Assets/Scripts/Assembly-CSharp/UiButtonContoller.cs,f5788b7dbb2b9117aa3c15c832cd0521
Scripts/Assembly-CSharp/UiCanvas.cs,Reference,SourceData/AssetRipper/Assets/Scripts/Assembly-CSharp/UiCanvas.cs,fdbfbe436ca49b04ef278acf70839ad8
Scripts/Assembly-CSharp/UiCanvasController.cs,Reference,SourceData/AssetRipper/Assets/Scripts/Assembly-CSharp/UiCanvasController.cs,921d4cb2c77619fcbd858a6b8d91f345
Scripts/Assembly-CSharp/UICanvasManager.cs,Reference,SourceData/AssetRipper/Assets/Scripts/Assembly-CSharp/UICanvasManager.cs,62ff68f19ea414658d9d5105ad3f7382
Scripts/Assembly-CSharp/UiCoinText.cs,Reference,SourceData/AssetRipper/Assets/Scripts/Assembly-CSharp/UiCoinText.cs,3b04ed7468b2c3bccaae69de9db23cfe
Scripts/Assembly-CSharp/UiEasyHardLevelManager.cs,Reference,SourceData/AssetRipper/Assets/Scripts/Assembly-CSharp/UiEasyHardLevelManager.cs,7d9ba4f16611ddd5e05cc1521b3d3783
Scripts/Assembly-CSharp/UiFeatureController.cs,Reference,SourceData/AssetRipper/Assets/Scripts/Assembly-CSharp/UiFeatureController.cs,edec5a9e37de2d13960d1aef70491a0c
Scripts/Assembly-CSharp/UiFeatureInfoPanel.cs,Reference,SourceData/AssetRipper/Assets/Scripts/Assembly-CSharp/UiFeatureInfoPanel.cs,53b0ec7e11e28434a26d51b15a9782af
Scripts/Assembly-CSharp/UiFeatureManager.cs,Reference,SourceData/AssetRipper/Assets/Scripts/Assembly-CSharp/UiFeatureManager.cs,f9723bbe961c1211bfe556cfdf6f0a64
Scripts/Assembly-CSharp/UiHomeButton.cs,Reference,SourceData/AssetRipper/Assets/Scripts/Assembly-CSharp/UiHomeButton.cs,501603d04c63d2523a7a05e729b4bb0e
Scripts/Assembly-CSharp/UiLevel.cs,Reference,SourceData/AssetRipper/Assets/Scripts/Assembly-CSharp/UiLevel.cs,11e19273e6b080fc4c0e3fb733e246c0
Scripts/Assembly-CSharp/UiLevelLayout.cs,Reference,SourceData/AssetRipper/Assets/Scripts/Assembly-CSharp/UiLevelLayout.cs,0170b20de722901628fa180cc0d80767
Scripts/Assembly-CSharp/UILevelManuelChange.cs,Reference,SourceData/AssetRipper/Assets/Scripts/Assembly-CSharp/UILevelManuelChange.cs,94d8e3370e3c4c019fc58a23e03e5423
Scripts/Assembly-CSharp/UiLevelOnlyText.cs,Reference,SourceData/AssetRipper/Assets/Scripts/Assembly-CSharp/UiLevelOnlyText.cs,8085ed4562ed8c7a2052a599b5a64480
Scripts/Assembly-CSharp/UiLevelText.cs,Reference,SourceData/AssetRipper/Assets/Scripts/Assembly-CSharp/UiLevelText.cs,89393822636d94b63c6c1e932d76fc3a
Scripts/Assembly-CSharp/UiLevelWinEffect.cs,Reference,SourceData/AssetRipper/Assets/Scripts/Assembly-CSharp/UiLevelWinEffect.cs,4b0967a8277d8bd42a40fdf02a7ac331
Scripts/Assembly-CSharp/UiLoadingSlider.cs,Reference,SourceData/AssetRipper/Assets/Scripts/Assembly-CSharp/UiLoadingSlider.cs,e0dd43bfe76c716f6a96db1d6b75e1f6
Scripts/Assembly-CSharp/UiNewBoosterManager.cs,Reference,SourceData/AssetRipper/Assets/Scripts/Assembly-CSharp/UiNewBoosterManager.cs,45a4ea6c13733df6047f45358d521557
Scripts/Assembly-CSharp/UiNewBoosterPanel.cs,Reference,SourceData/AssetRipper/Assets/Scripts/Assembly-CSharp/UiNewBoosterPanel.cs,f71be6d4e4483928b3b08b7d9bbe73a7
Scripts/Assembly-CSharp/UiNewFeatureManager.cs,Reference,SourceData/AssetRipper/Assets/Scripts/Assembly-CSharp/UiNewFeatureManager.cs,41404272dd2536f6f96fb2c537095be2
Scripts/Assembly-CSharp/UiNewFeaturePanel.cs,Reference,SourceData/AssetRipper/Assets/Scripts/Assembly-CSharp/UiNewFeaturePanel.cs,00010cef8383482c9d043b45699dc143
Scripts/Assembly-CSharp/UiPanel.cs,Reference,SourceData/AssetRipper/Assets/Scripts/Assembly-CSharp/UiPanel.cs,fe19d7a6342561d7a1c2e73118c40b57
Scripts/Assembly-CSharp/UiPanelSelectionButton.cs,Reference,SourceData/AssetRipper/Assets/Scripts/Assembly-CSharp/UiPanelSelectionButton.cs,a3745acb64ab2b011d40912d32a91041
Scripts/Assembly-CSharp/UiProgressBar.cs,Reference,SourceData/AssetRipper/Assets/Scripts/Assembly-CSharp/UiProgressBar.cs,158a28e821ffd6932dfb8f6db2fdbf4b
Scripts/Assembly-CSharp/UiQuadLaneBoosterController.cs,Reference,SourceData/AssetRipper/Assets/Scripts/Assembly-CSharp/UiQuadLaneBoosterController.cs,6a0281b44c52555cf9859c32a2e5c64e
Scripts/Assembly-CSharp/UiRewardCoinEffectController.cs,Reference,SourceData/AssetRipper/Assets/Scripts/Assembly-CSharp/UiRewardCoinEffectController.cs,9bdfdf12ab2a1a953f2c0c3b673dcc9e
Scripts/Assembly-CSharp/UiRewardStarCollectEffect.cs,Reference,SourceData/AssetRipper/Assets/Scripts/Assembly-CSharp/UiRewardStarCollectEffect.cs,c34dca9def282289efc8a99d7d63cbc7
Scripts/Assembly-CSharp/UISelectAnyBooster.cs,Reference,SourceData/AssetRipper/Assets/Scripts/Assembly-CSharp/UISelectAnyBooster.cs,5cf8d2ddeedb58e598584ca3c0a5a34a
Scripts/Assembly-CSharp/UiSettingsItemController.cs,Reference,SourceData/AssetRipper/Assets/Scripts/Assembly-CSharp/UiSettingsItemController.cs,3ff294f68229533b0ae5e1ccfd3a6de1
Scripts/Assembly-CSharp/UiSetttingOnOffButton.cs,Reference,SourceData/AssetRipper/Assets/Scripts/Assembly-CSharp/UiSetttingOnOffButton.cs,f4b698f59b903c9c96bab82f0885de73
Scripts/Assembly-CSharp/UiSlot.cs,Reference,SourceData/AssetRipper/Assets/Scripts/Assembly-CSharp/UiSlot.cs,d8f5462d2c48ab71f29511f4535176c2
Scripts/Assembly-CSharp/VibrationManager.cs,Reference,SourceData/AssetRipper/Assets/Scripts/Assembly-CSharp/VibrationManager.cs,1aff986874bec18efa0d9305f7ff2e6e
Scripts/Assembly-CSharp/VoodooCheatDebugger.cs,Reference,SourceData/AssetRipper/Assets/Scripts/Assembly-CSharp/VoodooCheatDebugger.cs,4650bdbb2dcfa914985256a655323ac1
Scripts/Assembly-CSharp/VoodooSauce.cs,Reference,SourceData/AssetRipper/Assets/Scripts/Assembly-CSharp/VoodooSauce.cs,cc4279d3ed9a3afca6ec7b146be5e922
Scripts/Assembly-CSharp/WarningMessageAttribute.cs,Reference,SourceData/AssetRipper/Assets/Scripts/Assembly-CSharp/WarningMessageAttribute.cs,826a3de14944579e274bba25ed1c5992
Scripts/Assembly-CSharp/WatchAppHarbrAds.cs,Reference,SourceData/AssetRipper/Assets/Scripts/Assembly-CSharp/WatchAppHarbrAds.cs,40c75ae402b8d454a9b1cfdd8813eff9
Scripts/Assembly-CSharp/WatchAppHarbrBannerAd.cs,Reference,SourceData/AssetRipper/Assets/Scripts/Assembly-CSharp/WatchAppHarbrBannerAd.cs,4f0f04ddb597ade4b8a6d98290942060
Scripts/Assembly-CSharp/AlmostEngine/HotKey.cs,Reference,SourceData/AssetRipper/Assets/Scripts/Assembly-CSharp/AlmostEngine/HotKey.cs,068ce1b8a0e9b7252a893787e18ac2e0
Scripts/Assembly-CSharp/AlmostEngine/PathUtils.cs,Reference,SourceData/AssetRipper/Assets/Scripts/Assembly-CSharp/AlmostEngine/PathUtils.cs,3152f3c16d39f4df07cbc20199661c6f
Scripts/Assembly-CSharp/AlmostEngine/SerializableDictionary.cs,Reference,SourceData/AssetRipper/Assets/Scripts/Assembly-CSharp/AlmostEngine/SerializableDictionary.cs,9f601ed261757494db34b26df224aae3
Scripts/Assembly-CSharp/AlmostEngine/Singleton.cs,Reference,SourceData/AssetRipper/Assets/Scripts/Assembly-CSharp/AlmostEngine/Singleton.cs,86a941d66e44fda459ddcfc203d1c1d6
Scripts/Assembly-CSharp/AlmostEngine/UnityVersion.cs,Reference,SourceData/AssetRipper/Assets/Scripts/Assembly-CSharp/AlmostEngine/UnityVersion.cs,b6fcc0c7c1885695decd782e71997c1e
Scripts/Assembly-CSharp/ConsentManagementProvider/CALLBACK_TYPE.cs,Reference,SourceData/AssetRipper/Assets/Scripts/Assembly-CSharp/ConsentManagementProvider/CALLBACK_TYPE.cs,2e28e45084f5ca7430f5a12342099bf5
Scripts/Assembly-CSharp/ConsentManagementProvider/CAMPAIGN_ENV.cs,Reference,SourceData/AssetRipper/Assets/Scripts/Assembly-CSharp/ConsentManagementProvider/CAMPAIGN_ENV.cs,be35f1b0584c62b4abbbf705913e36a8
Scripts/Assembly-CSharp/ConsentManagementProvider/CAMPAIGN_TYPE.cs,Reference,SourceData/AssetRipper/Assets/Scripts/Assembly-CSharp/ConsentManagementProvider/CAMPAIGN_TYPE.cs,474d996c709a9a741ad2b01800f33e2c
Scripts/Assembly-CSharp/ConsentManagementProvider/CcpaConsent.cs,Reference,SourceData/AssetRipper/Assets/Scripts/Assembly-CSharp/ConsentManagementProvider/CcpaConsent.cs,e24ade706e63d36321186ebff3276642
Scripts/Assembly-CSharp/ConsentManagementProvider/CMP.cs,Reference,SourceData/AssetRipper/Assets/Scripts/Assembly-CSharp/ConsentManagementProvider/CMP.cs,c4c3271fc849c1e6552c1df6dee4a63a
Scripts/Assembly-CSharp/ConsentManagementProvider/CmpDebugUtil.cs,Reference,SourceData/AssetRipper/Assets/Scripts/Assembly-CSharp/ConsentManagementProvider/CmpDebugUtil.cs,e91337fcb8455a59096caa832e67d50a
Scripts/Assembly-CSharp/ConsentManagementProvider/CMPTestUtils.cs,Reference,SourceData/AssetRipper/Assets/Scripts/Assembly-CSharp/ConsentManagementProvider/CMPTestUtils.cs,2bfdf9a9f74bcc473e811744052b3e4b
Scripts/Assembly-CSharp/ConsentManagementProvider/Consentable.cs,Reference,SourceData/AssetRipper/Assets/Scripts/Assembly-CSharp/ConsentManagementProvider/Consentable.cs,e3d208e4ef09a724abfa6574d36fcf40
Scripts/Assembly-CSharp/ConsentManagementProvider/ConsentMessenger.cs,Reference,SourceData/AssetRipper/Assets/Scripts/Assembly-CSharp/ConsentManagementProvider/ConsentMessenger.cs,0c0672dddd17780bae921b1fde3784ce
Scripts/Assembly-CSharp/ConsentManagementProvider/ConsentStatus.cs,Reference,SourceData/AssetRipper/Assets/Scripts/Assembly-CSharp/ConsentManagementProvider/ConsentStatus.cs,4ee1604a203076a4499c6b863680cc42
Scripts/Assembly-CSharp/ConsentManagementProvider/ConsentString.cs,Reference,SourceData/AssetRipper/Assets/Scripts/Assembly-CSharp/ConsentManagementProvider/ConsentString.cs,7472bd44e94faf14488b3eecbd75cc3f
Scripts/Assembly-CSharp/ConsentManagementProvider/CONSENT_ACTION_TYPE.cs,Reference,SourceData/AssetRipper/Assets/Scripts/Assembly-CSharp/ConsentManagementProvider/CONSENT_ACTION_TYPE.cs,f1c1e65e740d85a44955cd99f8cd2201
Scripts/Assembly-CSharp/ConsentManagementProvider/GdprConsent.cs,Reference,SourceData/AssetRipper/Assets/Scripts/Assembly-CSharp/ConsentManagementProvider/GdprConsent.cs,c783de24364b698c298d18c9de85beb7
Scripts/Assembly-CSharp/ConsentManagementProvider/GranularStatus.cs,Reference,SourceData/AssetRipper/Assets/Scripts/Assembly-CSharp/ConsentManagementProvider/GranularStatus.cs,f268ce78483aea648afe8adc864d8dbd
Scripts/Assembly-CSharp/ConsentManagementProvider/ICmpSdk.cs,Reference,SourceData/AssetRipper/Assets/Scripts/Assembly-CSharp/ConsentManagementProvider/ICmpSdk.cs,d511fd0c91b7c21f7665489e9ff9cca6
Scripts/Assembly-CSharp/ConsentManagementProvider/IOnConsentAction.cs,Reference,SourceData/AssetRipper/Assets/Scripts/Assembly-CSharp/ConsentManagementProvider/IOnConsentAction.cs,6753a442af098d59fd6ec4f899325910
Scripts/Assembly-CSharp/ConsentManagementProvider/IOnConsentError.cs,Reference,SourceData/AssetRipper/Assets/Scripts/Assembly-CSharp/ConsentManagementProvider/IOnConsentError.cs,e7149ed635c67ec031ca8305817a3647
Scripts/Assembly-CSharp/ConsentManagementProvider/IOnConsentReady.cs,Reference,SourceData/AssetRipper/Assets/Scripts/Assembly-CSharp/ConsentManagementProvider/IOnConsentReady.cs,fcbbf5e504a61d6040467b19e6d75b6f
Scripts/Assembly-CSharp/ConsentManagementProvider/IOnConsentSpFinished.cs,Reference,SourceData/AssetRipper/Assets/Scripts/Assembly-CSharp/ConsentManagementProvider/IOnConsentSpFinished.cs,4d991ed453e4dd46c55c74705322b4b3
Scripts/Assembly-CSharp/ConsentManagementProvider/IOnConsentUIFinished.cs,Reference,SourceData/AssetRipper/Assets/Scripts/Assembly-CSharp/ConsentManagementProvider/IOnConsentUIFinished.cs,687c756ec2f0173d6483e8fde7f70cb7
Scripts/Assembly-CSharp/ConsentManagementProvider/IOnConsentUIReady.cs,Reference,SourceData/AssetRipper/Assets/Scripts/Assembly-CSharp/ConsentManagementProvider/IOnConsentUIReady.cs,a90fa44f1485f851170956bb34d20448
Scripts/Assembly-CSharp/ConsentManagementProvider/ISpSdk.cs,Reference,SourceData/AssetRipper/Assets/Scripts/Assembly-CSharp/ConsentManagementProvider/ISpSdk.cs,7751574b716b69809fb44c364a541e94
Scripts/Assembly-CSharp/ConsentManagementProvider/MESSAGE_LANGUAGE.cs,Reference,SourceData/AssetRipper/Assets/Scripts/Assembly-CSharp/ConsentManagementProvider/MESSAGE_LANGUAGE.cs,bd1f3adfdb180494f8b75b5526be5b23
Scripts/Assembly-CSharp/ConsentManagementProvider/PRIVACY_MANAGER_TAB.cs,Reference,SourceData/AssetRipper/Assets/Scripts/Assembly-CSharp/ConsentManagementProvider/PRIVACY_MANAGER_TAB.cs,5782b1ce0eded5e4b92b646c4bfd6aa4
Scripts/Assembly-CSharp/ConsentManagementProvider/SpAction.cs,Reference,SourceData/AssetRipper/Assets/Scripts/Assembly-CSharp/ConsentManagementProvider/SpAction.cs,79f8d5f69a5cfda333f1bbed70ab3ebd
Scripts/Assembly-CSharp/ConsentManagementProvider/SpCampaign.cs,Reference,SourceData/AssetRipper/Assets/Scripts/Assembly-CSharp/ConsentManagementProvider/SpCampaign.cs,a63d38f8c1ab59e0e55cd4ac0c05d6ef
Scripts/Assembly-CSharp/ConsentManagementProvider/SpCcpaConsent.cs,Reference,SourceData/AssetRipper/Assets/Scripts/Assembly-CSharp/ConsentManagementProvider/SpCcpaConsent.cs,4fb8271e827096c040b7b80e79185a2e
Scripts/Assembly-CSharp/ConsentManagementProvider/SpConsents.cs,Reference,SourceData/AssetRipper/Assets/Scripts/Assembly-CSharp/ConsentManagementProvider/SpConsents.cs,16420d61d6a737803a5406a329f020e9
Scripts/Assembly-CSharp/ConsentManagementProvider/SPGCMData.cs,Reference,SourceData/AssetRipper/Assets/Scripts/Assembly-CSharp/ConsentManagementProvider/SPGCMData.cs,cb8b77ec7631144498054323e21d86e4
Scripts/Assembly-CSharp/ConsentManagementProvider/SpGdprConsent.cs,Reference,SourceData/AssetRipper/Assets/Scripts/Assembly-CSharp/ConsentManagementProvider/SpGdprConsent.cs,7e94cde5645f727912beed5da7df0ed9
Scripts/Assembly-CSharp/ConsentManagementProvider/SpUsnatConsent.cs,Reference,SourceData/AssetRipper/Assets/Scripts/Assembly-CSharp/ConsentManagementProvider/SpUsnatConsent.cs,6a710cbde5074654e7bc3677dfa29106
Scripts/Assembly-CSharp/ConsentManagementProvider/SpVendorGrant.cs,Reference,SourceData/AssetRipper/Assets/Scripts/Assembly-CSharp/ConsentManagementProvider/SpVendorGrant.cs,bd9bdc7bb1cc3cdc042e79688c09f510
Scripts/Assembly-CSharp/ConsentManagementProvider/StatusesUsnat.cs,Reference,SourceData/AssetRipper/Assets/Scripts/Assembly-CSharp/ConsentManagementProvider/StatusesUsnat.cs,4b84a76488bc7324090b2081907ce4de
Scripts/Assembly-CSharp/ConsentManagementProvider/TargetingParam.cs,Reference,SourceData/AssetRipper/Assets/Scripts/Assembly-CSharp/ConsentManagementProvider/TargetingParam.cs,0d478b6a912e9f0360bac91a266286fb
Scripts/Assembly-CSharp/ConsentManagementProvider/UsnatConsent.cs,Reference,SourceData/AssetRipper/Assets/Scripts/Assembly-CSharp/ConsentManagementProvider/UsnatConsent.cs,f0bad4f3eb43edbb203030bca1648b9f
Scripts/Assembly-CSharp/DissolveExample/DissolveChilds.cs,Reference,SourceData/AssetRipper/Assets/Scripts/Assembly-CSharp/DissolveExample/DissolveChilds.cs,be171f1e56e8261c2275e81553b17637
Scripts/Assembly-CSharp/DissolveExample/DissolveOffest.cs,Reference,SourceData/AssetRipper/Assets/Scripts/Assembly-CSharp/DissolveExample/DissolveOffest.cs,f43d2d85f362c4253b9069eded8f8c76
Scripts/Assembly-CSharp/DissolveExample/Follow.cs,Reference,SourceData/AssetRipper/Assets/Scripts/Assembly-CSharp/DissolveExample/Follow.cs,bfa4158d079a3aeee73fcdd85c0d5b0c
Scripts/Assembly-CSharp/DissolveExample/Rotator.cs,Reference,SourceData/AssetRipper/Assets/Scripts/Assembly-CSharp/DissolveExample/Rotator.cs,8e2f64a198f1e3105b55f1e85abbcd0e
Scripts/Assembly-CSharp/DissolveExample/RotatorDissolveDir.cs,Reference,SourceData/AssetRipper/Assets/Scripts/Assembly-CSharp/DissolveExample/RotatorDissolveDir.cs,8349b3319069afd032a7121b32a20b64
Scripts/Assembly-CSharp/EpicToonFX/ETFXButtonScript.cs,Reference,SourceData/AssetRipper/Assets/Scripts/Assembly-CSharp/EpicToonFX/ETFXButtonScript.cs,b0d37a13130d1dabec9e37b431502d3b
Scripts/Assembly-CSharp/EpicToonFX/ETFXFireProjectile.cs,Reference,SourceData/AssetRipper/Assets/Scripts/Assembly-CSharp/EpicToonFX/ETFXFireProjectile.cs,80d13f1697432b3f2fa13808e65cf906
Scripts/Assembly-CSharp/EpicToonFX/ETFXLightFade.cs,Reference,SourceData/AssetRipper/Assets/Scripts/Assembly-CSharp/EpicToonFX/ETFXLightFade.cs,23e6bfc85f03734e5fc1bda016d156aa
Scripts/Assembly-CSharp/EpicToonFX/ETFXLoopScript.cs,Reference,SourceData/AssetRipper/Assets/Scripts/Assembly-CSharp/EpicToonFX/ETFXLoopScript.cs,d6e393e7a0a2137b5e001910699121f7
Scripts/Assembly-CSharp/EpicToonFX/ETFXMouseOrbit.cs,Reference,SourceData/AssetRipper/Assets/Scripts/Assembly-CSharp/EpicToonFX/ETFXMouseOrbit.cs,a928612c68f56dca7ad725811df83d15
Scripts/Assembly-CSharp/EpicToonFX/ETFXPitchRandomizer.cs,Reference,SourceData/AssetRipper/Assets/Scripts/Assembly-CSharp/EpicToonFX/ETFXPitchRandomizer.cs,112a295030b82f5f0975f4c6dd6e5119
Scripts/Assembly-CSharp/EpicToonFX/ETFXRotation.cs,Reference,SourceData/AssetRipper/Assets/Scripts/Assembly-CSharp/EpicToonFX/ETFXRotation.cs,7d35e9a374486f3ed8ebaf850034a90b
Scripts/Assembly-CSharp/EpicToonFX/ETFXTarget.cs,Reference,SourceData/AssetRipper/Assets/Scripts/Assembly-CSharp/EpicToonFX/ETFXTarget.cs,ca356f23bfa09215fe589a38baaaec03
Scripts/Assembly-CSharp/PaperPlaneTools/Alert.cs,Reference,SourceData/AssetRipper/Assets/Scripts/Assembly-CSharp/PaperPlaneTools/Alert.cs,e7b21a0c0b99e8701cce02b10fa71e9f
Scripts/Assembly-CSharp/PaperPlaneTools/AlertAndroid.cs,Reference,SourceData/AssetRipper/Assets/Scripts/Assembly-CSharp/PaperPlaneTools/AlertAndroid.cs,52e15619b094d66364ad300fb0f21694
Scripts/Assembly-CSharp/PaperPlaneTools/AlertAndroidAdapter.cs,Reference,SourceData/AssetRipper/Assets/Scripts/Assembly-CSharp/PaperPlaneTools/AlertAndroidAdapter.cs,c293396be24413f7471b1752c520a01f
Scripts/Assembly-CSharp/PaperPlaneTools/AlertAndroidOptions.cs,Reference,SourceData/AssetRipper/Assets/Scripts/Assembly-CSharp/PaperPlaneTools/AlertAndroidOptions.cs,c756bd7690c1376a69055f822e6afa32
Scripts/Assembly-CSharp/PaperPlaneTools/AlertButton.cs,Reference,SourceData/AssetRipper/Assets/Scripts/Assembly-CSharp/PaperPlaneTools/AlertButton.cs,f73308b8ad5d45741b98520bd0ac0144
Scripts/Assembly-CSharp/PaperPlaneTools/AlertIOSButton.cs,Reference,SourceData/AssetRipper/Assets/Scripts/Assembly-CSharp/PaperPlaneTools/AlertIOSButton.cs,922dd0d438402296b159a4214ce616da
Scripts/Assembly-CSharp/PaperPlaneTools/AlertIOSOptions.cs,Reference,SourceData/AssetRipper/Assets/Scripts/Assembly-CSharp/PaperPlaneTools/AlertIOSOptions.cs,829aa687f8c97715ce4537c1fb5dc2d9
Scripts/Assembly-CSharp/PaperPlaneTools/AlertManager.cs,Reference,SourceData/AssetRipper/Assets/Scripts/Assembly-CSharp/PaperPlaneTools/AlertManager.cs,8c92b1d1ec8ac805afe78d916ee5efda
Scripts/Assembly-CSharp/PaperPlaneTools/AlertMonoBehaviour.cs,Reference,SourceData/AssetRipper/Assets/Scripts/Assembly-CSharp/PaperPlaneTools/AlertMonoBehaviour.cs,7b420bb9882520da9f94aa111d7b7fbf
Scripts/Assembly-CSharp/PaperPlaneTools/AlertUnityUIAdapter.cs,Reference,SourceData/AssetRipper/Assets/Scripts/Assembly-CSharp/PaperPlaneTools/AlertUnityUIAdapter.cs,4cdb2bb715876617a5f646eccebfad63
Scripts/Assembly-CSharp/PaperPlaneTools/IAlertPlatformAdapter.cs,Reference,SourceData/AssetRipper/Assets/Scripts/Assembly-CSharp/PaperPlaneTools/IAlertPlatformAdapter.cs,65cbffbdcd25c44936dbf459b95840f6
Scripts/Assembly-CSharp/PaperPlaneTools/RateBox.cs,Reference,SourceData/AssetRipper/Assets/Scripts/Assembly-CSharp/PaperPlaneTools/RateBox.cs,1eff348850df3d615de984f781b5b25b
Scripts/Assembly-CSharp/PaperPlaneTools/RateBoxConditions.cs,Reference,SourceData/AssetRipper/Assets/Scripts/Assembly-CSharp/PaperPlaneTools/RateBoxConditions.cs,ce7665c27d1f6ccdf53e05ffedfaa60c
Scripts/Assembly-CSharp/PaperPlaneTools/RateBoxPrefabScript.cs,Reference,SourceData/AssetRipper/Assets/Scripts/Assembly-CSharp/PaperPlaneTools/RateBoxPrefabScript.cs,1750f15cbb2314e6a1b7d4f4e1df4ae2
Scripts/Assembly-CSharp/PaperPlaneTools/RateBoxSettings.cs,Reference,SourceData/AssetRipper/Assets/Scripts/Assembly-CSharp/PaperPlaneTools/RateBoxSettings.cs,090b3d04dda8b78aa0e3c5d00b4dfd0a
Scripts/Assembly-CSharp/PaperPlaneTools/RateBoxStatistics.cs,Reference,SourceData/AssetRipper/Assets/Scripts/Assembly-CSharp/PaperPlaneTools/RateBoxStatistics.cs,cfed0ee0803d9a660780797e6217e68b
Scripts/Assembly-CSharp/PaperPlaneTools/RateBoxTextSettings.cs,Reference,SourceData/AssetRipper/Assets/Scripts/Assembly-CSharp/PaperPlaneTools/RateBoxTextSettings.cs,9e251669061b9a808e19bbe8681b0597
Scripts/Assembly-CSharp/PaperPlaneTools/Scaler.cs,Reference,SourceData/AssetRipper/Assets/Scripts/Assembly-CSharp/PaperPlaneTools/Scaler.cs,b1d2595e92a090cae8e422c721975c27
Scripts/Assembly-CSharp/Properties/AssemblyInfo.cs,Reference,SourceData/AssetRipper/Assets/Scripts/Assembly-CSharp/Properties/AssemblyInfo.cs,7b6e11e70316b084c81da3513eb65d90
Scripts/Assembly-CSharp/TinyJson/JSONParser.cs,Reference,SourceData/AssetRipper/Assets/Scripts/Assembly-CSharp/TinyJson/JSONParser.cs,daf1828de1b6c9d2fbeafdfab0cefd41
Scripts/Assembly-CSharp/AlmostEngine/Examples/Bounce.cs,Reference,SourceData/AssetRipper/Assets/Scripts/Assembly-CSharp/AlmostEngine/Examples/Bounce.cs,cb1ef51d59454dbc90cbbcdf14bfc91f
Scripts/Assembly-CSharp/AlmostEngine/Examples/CameraController.cs,Reference,SourceData/AssetRipper/Assets/Scripts/Assembly-CSharp/AlmostEngine/Examples/CameraController.cs,3cadf1ef54f85bd76864308e9370ecd5
Scripts/Assembly-CSharp/AlmostEngine/Examples/CaptureCameraToTextureExample.cs,Reference,SourceData/AssetRipper/Assets/Scripts/Assembly-CSharp/AlmostEngine/Examples/CaptureCameraToTextureExample.cs,f57aac262f55bd51f41737bb62cbed42
Scripts/Assembly-CSharp/AlmostEngine/Examples/CaptureScreenshotExample.cs,Reference,SourceData/AssetRipper/Assets/Scripts/Assembly-CSharp/AlmostEngine/Examples/CaptureScreenshotExample.cs,9f987fd8d3810e03466ed23ad07cbf5e
Scripts/Assembly-CSharp/AlmostEngine/Examples/CaptureScreenToTextureExample.cs,Reference,SourceData/AssetRipper/Assets/Scripts/Assembly-CSharp/AlmostEngine/Examples/CaptureScreenToTextureExample.cs,dbe78e3f2bbe06fba5693c1b58d95fe6
Scripts/Assembly-CSharp/AlmostEngine/Examples/DebugText.cs,Reference,SourceData/AssetRipper/Assets/Scripts/Assembly-CSharp/AlmostEngine/Examples/DebugText.cs,08532d2210bdc7b489609dc21aa9ab79
Scripts/Assembly-CSharp/AlmostEngine/Examples/HideAndroidButtons.cs,Reference,SourceData/AssetRipper/Assets/Scripts/Assembly-CSharp/AlmostEngine/Examples/HideAndroidButtons.cs,5e280f191156caf7c2b82d3ff70f06f3
Scripts/Assembly-CSharp/AlmostEngine/Examples/MenuController.cs,Reference,SourceData/AssetRipper/Assets/Scripts/Assembly-CSharp/AlmostEngine/Examples/MenuController.cs,5637615bff81e1a48dc3892e1d74ab44
Scripts/Assembly-CSharp/AlmostEngine/Preview/MaskRenderer.cs,Reference,SourceData/AssetRipper/Assets/Scripts/Assembly-CSharp/AlmostEngine/Preview/MaskRenderer.cs,150e8208d9bfa8589ae5fda2e7d716e1
Scripts/Assembly-CSharp/AlmostEngine/Preview/MultiDevicePreviewGallery.cs,Reference,SourceData/AssetRipper/Assets/Scripts/Assembly-CSharp/AlmostEngine/Preview/MultiDevicePreviewGallery.cs,46a1bc5f184b6b53eca91edbcca761ed
Scripts/Assembly-CSharp/AlmostEngine/Screenshot/AndroidUtils.cs,Reference,SourceData/AssetRipper/Assets/Scripts/Assembly-CSharp/AlmostEngine/Screenshot/AndroidUtils.cs,9c377a46dc8ab29bbf6c90839de8932d
Scripts/Assembly-CSharp/AlmostEngine/Screenshot/GameViewController.cs,Reference,SourceData/AssetRipper/Assets/Scripts/Assembly-CSharp/AlmostEngine/Screenshot/GameViewController.cs,4c7ae948e98ecd3316077f2149f1ecd7
Scripts/Assembly-CSharp/AlmostEngine/Screenshot/MultiDisplayCameraCapture.cs,Reference,SourceData/AssetRipper/Assets/Scripts/Assembly-CSharp/AlmostEngine/Screenshot/MultiDisplayCameraCapture.cs,c62b0dd31588b48cef83463485575339
Scripts/Assembly-CSharp/AlmostEngine/Screenshot/PopularityPresetAsset.cs,Reference,SourceData/AssetRipper/Assets/Scripts/Assembly-CSharp/AlmostEngine/Screenshot/PopularityPresetAsset.cs,417a863ccb3ccf23be1316cbef2d93ec
Scripts/Assembly-CSharp/AlmostEngine/Screenshot/PresetCollectionAsset.cs,Reference,SourceData/AssetRipper/Assets/Scripts/Assembly-CSharp/AlmostEngine/Screenshot/PresetCollectionAsset.cs,d4d06db1568a76002405c9da9dded180
Scripts/Assembly-CSharp/AlmostEngine/Screenshot/ScreenshotBatch.cs,Reference,SourceData/AssetRipper/Assets/Scripts/Assembly-CSharp/AlmostEngine/Screenshot/ScreenshotBatch.cs,8a6391b19528291317bef6d16b80f351
Scripts/Assembly-CSharp/AlmostEngine/Screenshot/ScreenshotCamera.cs,Reference,SourceData/AssetRipper/Assets/Scripts/Assembly-CSharp/AlmostEngine/Screenshot/ScreenshotCamera.cs,d979bca43ab2b194f7dc032d91ca5cae
Scripts/Assembly-CSharp/AlmostEngine/Screenshot/ScreenshotComposer.cs,Reference,SourceData/AssetRipper/Assets/Scripts/Assembly-CSharp/AlmostEngine/Screenshot/ScreenshotComposer.cs,e360d3c0e37d0f4235408d1ee3f78e36
Scripts/Assembly-CSharp/AlmostEngine/Screenshot/ScreenshotConfig.cs,Reference,SourceData/AssetRipper/Assets/Scripts/Assembly-CSharp/AlmostEngine/Screenshot/ScreenshotConfig.cs,ee87e3a8929ffbb81f56d8335b74f6c5
Scripts/Assembly-CSharp/AlmostEngine/Screenshot/ScreenshotManager.cs,Reference,SourceData/AssetRipper/Assets/Scripts/Assembly-CSharp/AlmostEngine/Screenshot/ScreenshotManager.cs,7ac8cddb38bb314f31fb768bf55cfc79
Scripts/Assembly-CSharp/AlmostEngine/Screenshot/ScreenshotNameParser.cs,Reference,SourceData/AssetRipper/Assets/Scripts/Assembly-CSharp/AlmostEngine/Screenshot/ScreenshotNameParser.cs,d3518baa6747e436340eef5bfd886d9a
Scripts/Assembly-CSharp/AlmostEngine/Screenshot/ScreenshotOverlay.cs,Reference,SourceData/AssetRipper/Assets/Scripts/Assembly-CSharp/AlmostEngine/Screenshot/ScreenshotOverlay.cs,b6172ffff1327be614910ac2742a777b
Scripts/Assembly-CSharp/AlmostEngine/Screenshot/ScreenshotProcess.cs,Reference,SourceData/AssetRipper/Assets/Scripts/Assembly-CSharp/AlmostEngine/Screenshot/ScreenshotProcess.cs,a624dc2b4926cd6624a542078adc263c
Scripts/Assembly-CSharp/AlmostEngine/Screenshot/ScreenshotResolution.cs,Reference,SourceData/AssetRipper/Assets/Scripts/Assembly-CSharp/AlmostEngine/Screenshot/ScreenshotResolution.cs,d84459919ce60abe8e3c9803e299ce1f
Scripts/Assembly-CSharp/AlmostEngine/Screenshot/ScreenshotResolutionAsset.cs,Reference,SourceData/AssetRipper/Assets/Scripts/Assembly-CSharp/AlmostEngine/Screenshot/ScreenshotResolutionAsset.cs,9f887b4867e0410557fb719da263d36b
Scripts/Assembly-CSharp/AlmostEngine/Screenshot/ScreenshotTaker.cs,Reference,SourceData/AssetRipper/Assets/Scripts/Assembly-CSharp/AlmostEngine/Screenshot/ScreenshotTaker.cs,e9c4f14b97c3b54bdd150ec30a73e550
Scripts/Assembly-CSharp/AlmostEngine/Screenshot/SimpleScreenshotCapture.cs,Reference,SourceData/AssetRipper/Assets/Scripts/Assembly-CSharp/AlmostEngine/Screenshot/SimpleScreenshotCapture.cs,ecda0ebe7a21ef2d484f135a09319759
Scripts/Assembly-CSharp/AlmostEngine/Screenshot/TextureExporter.cs,Reference,SourceData/AssetRipper/Assets/Scripts/Assembly-CSharp/AlmostEngine/Screenshot/TextureExporter.cs,10a304a821f8c07951fff100906c91f3
Scripts/Assembly-CSharp/AlmostEngine/Screenshot/UltimateScreenshotCreator.cs,Reference,SourceData/AssetRipper/Assets/Scripts/Assembly-CSharp/AlmostEngine/Screenshot/UltimateScreenshotCreator.cs,b477fe95069f8090732e157ed8b0f0ce
Scripts/Assembly-CSharp/AlmostEngine/SimpleLocalization/ISimpleLocalizer.cs,Reference,SourceData/AssetRipper/Assets/Scripts/Assembly-CSharp/AlmostEngine/SimpleLocalization/ISimpleLocalizer.cs,9a5a91ce88e412798964f03412b66b98
Scripts/Assembly-CSharp/AlmostEngine/SimpleLocalization/LanguageSwitcher.cs,Reference,SourceData/AssetRipper/Assets/Scripts/Assembly-CSharp/AlmostEngine/SimpleLocalization/LanguageSwitcher.cs,87564f9013f62eb89050fa6b4b339c59
Scripts/Assembly-CSharp/AlmostEngine/SimpleLocalization/SimpleImageLocalizer.cs,Reference,SourceData/AssetRipper/Assets/Scripts/Assembly-CSharp/AlmostEngine/SimpleLocalization/SimpleImageLocalizer.cs,3df252fd7d3b5d9957c579e66130ee2d
Scripts/Assembly-CSharp/AlmostEngine/SimpleLocalization/SimpleLocalizationLanguagesAsset.cs,Reference,SourceData/AssetRipper/Assets/Scripts/Assembly-CSharp/AlmostEngine/SimpleLocalization/SimpleLocalizationLanguagesAsset.cs,80ec5e47283e9232be019caff78e3347
Scripts/Assembly-CSharp/AlmostEngine/SimpleLocalization/SimpleTextLocalizer.cs,Reference,SourceData/AssetRipper/Assets/Scripts/Assembly-CSharp/AlmostEngine/SimpleLocalization/SimpleTextLocalizer.cs,b56f5ffa920525b9fc3a0c42b66349a5
Scripts/Assembly-CSharp/AlmostEngine/Screenshot/Extra/ChangeLanguageProcess.cs,Reference,SourceData/AssetRipper/Assets/Scripts/Assembly-CSharp/AlmostEngine/Screenshot/Extra/ChangeLanguageProcess.cs,c5876afd59fde45dc22b9be24e0f114a
Scripts/Assembly-CSharp/AlmostEngine/Screenshot/Extra/GreyboxCanvas.cs,Reference,SourceData/AssetRipper/Assets/Scripts/Assembly-CSharp/AlmostEngine/Screenshot/Extra/GreyboxCanvas.cs,f9142f80246a173d545a374d2e9dbdce
Scripts/Assembly-CSharp/AlmostEngine/Screenshot/Extra/GridGalleryCanvas.cs,Reference,SourceData/AssetRipper/Assets/Scripts/Assembly-CSharp/AlmostEngine/Screenshot/Extra/GridGalleryCanvas.cs,cc2bbe2c425bbdb79bd4b8c115a737fa
Scripts/Assembly-CSharp/AlmostEngine/Screenshot/Extra/HideOnCapture.cs,Reference,SourceData/AssetRipper/Assets/Scripts/Assembly-CSharp/AlmostEngine/Screenshot/Extra/HideOnCapture.cs,fdfc8f1659efe7e70b50e559b2a3691b
Scripts/Assembly-CSharp/AlmostEngine/Screenshot/Extra/MessageCanvas.cs,Reference,SourceData/AssetRipper/Assets/Scripts/Assembly-CSharp/AlmostEngine/Screenshot/Extra/MessageCanvas.cs,cbffef40659021d90606109cf7bb0cea
Scripts/Assembly-CSharp/AlmostEngine/Screenshot/Extra/RequestAuthAtStartup.cs,Reference,SourceData/AssetRipper/Assets/Scripts/Assembly-CSharp/AlmostEngine/Screenshot/Extra/RequestAuthAtStartup.cs,7d4c4836f2a08a53508b96dae3112d02
Scripts/Assembly-CSharp/AlmostEngine/Screenshot/Extra/RotateScreenshot.cs,Reference,SourceData/AssetRipper/Assets/Scripts/Assembly-CSharp/AlmostEngine/Screenshot/Extra/RotateScreenshot.cs,fe0da843d826fd51c75275c43842e49e
Scripts/Assembly-CSharp/AlmostEngine/Screenshot/Extra/ScreenshotCutter.cs,Reference,SourceData/AssetRipper/Assets/Scripts/Assembly-CSharp/AlmostEngine/Screenshot/Extra/ScreenshotCutter.cs,dfe720c694785db8762919671581a4d3
Scripts/Assembly-CSharp/AlmostEngine/Screenshot/Extra/ScreenshotGallery.cs,Reference,SourceData/AssetRipper/Assets/Scripts/Assembly-CSharp/AlmostEngine/Screenshot/Extra/ScreenshotGallery.cs,43a7e839a16b3772ae465555f9a7d7af
Scripts/Assembly-CSharp/AlmostEngine/Screenshot/Extra/SetScreenshotGalleryFolderPath.cs,Reference,SourceData/AssetRipper/Assets/Scripts/Assembly-CSharp/AlmostEngine/Screenshot/Extra/SetScreenshotGalleryFolderPath.cs,17cd76af31235c2d2cd0b0163ffdac81
Scripts/Assembly-CSharp/AlmostEngine/Screenshot/Extra/ShowScreenshotThumbnail.cs,Reference,SourceData/AssetRipper/Assets/Scripts/Assembly-CSharp/AlmostEngine/Screenshot/Extra/ShowScreenshotThumbnail.cs,81bdf1c46f1ceeea34fff91a5e9de24f
Scripts/Assembly-CSharp/AlmostEngine/Screenshot/Extra/TakeScreenshotButton.cs,Reference,SourceData/AssetRipper/Assets/Scripts/Assembly-CSharp/AlmostEngine/Screenshot/Extra/TakeScreenshotButton.cs,f77de61108b7263679d4d6c84dd33233
Scripts/Assembly-CSharp/AlmostEngine/Screenshot/Extra/ValidationCanvas.cs,Reference,SourceData/AssetRipper/Assets/Scripts/Assembly-CSharp/AlmostEngine/Screenshot/Extra/ValidationCanvas.cs,bb765e5507c6e88eed16a31cdd006def
Scripts/Assembly-CSharp/AppHarbrSDK/Internal/MainThreadDispatcher.cs,Reference,SourceData/AssetRipper/Assets/Scripts/Assembly-CSharp/AppHarbrSDK/Internal/MainThreadDispatcher.cs,6b19bede7b22c5c8f6622e7ea3efe385
Scripts/Assembly-CSharp/AppHarbrSDK/ThirdParty/MiniJson/Json.cs,Reference,SourceData/AssetRipper/Assets/Scripts/Assembly-CSharp/AppHarbrSDK/ThirdParty/MiniJson/Json.cs,59322b86fc12ec46956663c5ec8e9251
Scripts/Assembly-CSharp/Audiomob/Unmanaged/AudiomobLocationService.cs,Reference,SourceData/AssetRipper/Assets/Scripts/Assembly-CSharp/Audiomob/Unmanaged/AudiomobLocationService.cs,121def0b89b05449c68fd0094d710cca
Scripts/Assembly-CSharp/Audiomob/Unmanaged/AudiomobPluginInitialization.cs,Reference,SourceData/AssetRipper/Assets/Scripts/Assembly-CSharp/Audiomob/Unmanaged/AudiomobPluginInitialization.cs,35f9241cf178156c35dd390f1e57d051
Scripts/Assembly-CSharp/Coffee/UIExtensions/ShinyEffectForUGUI.cs,Reference,SourceData/AssetRipper/Assets/Scripts/Assembly-CSharp/Coffee/UIExtensions/ShinyEffectForUGUI.cs,64488f5f8f60ead72b06637b9cf48d03
Scripts/Assembly-CSharp/ConsentManagementProvider/Android/AndroidJavaConstruct.cs,Reference,SourceData/AssetRipper/Assets/Scripts/Assembly-CSharp/ConsentManagementProvider/Android/AndroidJavaConstruct.cs,f41011a7b3f32da760d50b114d9d4817
Scripts/Assembly-CSharp/ConsentManagementProvider/Android/CmpAndroidLoggerProxy.cs,Reference,SourceData/AssetRipper/Assets/Scripts/Assembly-CSharp/ConsentManagementProvider/Android/CmpAndroidLoggerProxy.cs,b9e683c82419d11523a34ce4ceb9f74b
Scripts/Assembly-CSharp/ConsentManagementProvider/Android/CmpJavaToUnityUtils.cs,Reference,SourceData/AssetRipper/Assets/Scripts/Assembly-CSharp/ConsentManagementProvider/Android/CmpJavaToUnityUtils.cs,ffa463b9d641c97fb1df8aae4073abf7
Scripts/Assembly-CSharp/ConsentManagementProvider/Android/ConsentWrapperAndroid.cs,Reference,SourceData/AssetRipper/Assets/Scripts/Assembly-CSharp/ConsentManagementProvider/Android/ConsentWrapperAndroid.cs,373ab0fc56e02e354f853dc91834692b
Scripts/Assembly-CSharp/ConsentManagementProvider/Android/CustomConsentClient.cs,Reference,SourceData/AssetRipper/Assets/Scripts/Assembly-CSharp/ConsentManagementProvider/Android/CustomConsentClient.cs,390a206ef986ff56ff38fa1064dd7320
Scripts/Assembly-CSharp/ConsentManagementProvider/Android/SpAndroidNativeUtils.cs,Reference,SourceData/AssetRipper/Assets/Scripts/Assembly-CSharp/ConsentManagementProvider/Android/SpAndroidNativeUtils.cs,58e1d22cc897841c062017fd9478badc
Scripts/Assembly-CSharp/ConsentManagementProvider/Android/SpClientProxy.cs,Reference,SourceData/AssetRipper/Assets/Scripts/Assembly-CSharp/ConsentManagementProvider/Android/SpClientProxy.cs,a90fb94abd74090c8bc40e0e2ce1340d
Scripts/Assembly-CSharp/ConsentManagementProvider/Enum/CMPEnumMapper.cs,Reference,SourceData/AssetRipper/Assets/Scripts/Assembly-CSharp/ConsentManagementProvider/Enum/CMPEnumMapper.cs,a1373fec1396b84578b62b695d4d3261
Scripts/Assembly-CSharp/ConsentManagementProvider/EventHandlerInterface/IConsentEventHandler.cs,Reference,SourceData/AssetRipper/Assets/Scripts/Assembly-CSharp/ConsentManagementProvider/EventHandlerInterface/IConsentEventHandler.cs,73c7ccf62ecd3c0b571a044f0b5db896
Scripts/Assembly-CSharp/ConsentManagementProvider/EventHandlerInterface/IOnConsentMessageReady.cs,Reference,SourceData/AssetRipper/Assets/Scripts/Assembly-CSharp/ConsentManagementProvider/EventHandlerInterface/IOnConsentMessageReady.cs,33645a2143974d9307988feedb4729e2
Scripts/Assembly-CSharp/ConsentManagementProvider/iOS/CMPiOSListenerHelper.cs,Reference,SourceData/AssetRipper/Assets/Scripts/Assembly-CSharp/ConsentManagementProvider/iOS/CMPiOSListenerHelper.cs,6a51c16195c049a2daca03a345debf64
Scripts/Assembly-CSharp/ConsentManagementProvider/iOS/ConsentWrapperIOS.cs,Reference,SourceData/AssetRipper/Assets/Scripts/Assembly-CSharp/ConsentManagementProvider/iOS/ConsentWrapperIOS.cs,0ba5109c4e67e776d2109d4a04899767
Scripts/Assembly-CSharp/ConsentManagementProvider/Json/CcpaConsentWrapper.cs,Reference,SourceData/AssetRipper/Assets/Scripts/Assembly-CSharp/ConsentManagementProvider/Json/CcpaConsentWrapper.cs,85375c89efc4b970af85bc61748d5b16
Scripts/Assembly-CSharp/ConsentManagementProvider/Json/ConsentableWrapper.cs,Reference,SourceData/AssetRipper/Assets/Scripts/Assembly-CSharp/ConsentManagementProvider/Json/ConsentableWrapper.cs,2d698deec6bcc7a4b8e6b5a7c41470db
Scripts/Assembly-CSharp/ConsentManagementProvider/Json/ConsentStatusWrapper.cs,Reference,SourceData/AssetRipper/Assets/Scripts/Assembly-CSharp/ConsentManagementProvider/Json/ConsentStatusWrapper.cs,d10e7c6f70f3b2192bd4d21cd133f3a4
Scripts/Assembly-CSharp/ConsentManagementProvider/Json/ConsentStringWrapper.cs,Reference,SourceData/AssetRipper/Assets/Scripts/Assembly-CSharp/ConsentManagementProvider/Json/ConsentStringWrapper.cs,3dcea449960479042913101b04ac9b63
Scripts/Assembly-CSharp/ConsentManagementProvider/Json/GCMDataWrapper.cs,Reference,SourceData/AssetRipper/Assets/Scripts/Assembly-CSharp/ConsentManagementProvider/Json/GCMDataWrapper.cs,912bc156a304c649a8ba443008bdec07
Scripts/Assembly-CSharp/ConsentManagementProvider/Json/GdprConsentWrapper.cs,Reference,SourceData/AssetRipper/Assets/Scripts/Assembly-CSharp/ConsentManagementProvider/Json/GdprConsentWrapper.cs,5e4094f9257ca98351bd596cb087915b
Scripts/Assembly-CSharp/ConsentManagementProvider/Json/GranularStatusWrapper.cs,Reference,SourceData/AssetRipper/Assets/Scripts/Assembly-CSharp/ConsentManagementProvider/Json/GranularStatusWrapper.cs,ff65cd87151b1a687894fcb017cb380a
Scripts/Assembly-CSharp/ConsentManagementProvider/Json/JsonUnwrapperAndroid.cs,Reference,SourceData/AssetRipper/Assets/Scripts/Assembly-CSharp/ConsentManagementProvider/Json/JsonUnwrapperAndroid.cs,a8886fdbadb44a954066d015d874344b
Scripts/Assembly-CSharp/ConsentManagementProvider/Json/JsonUnwrapperHelper.cs,Reference,SourceData/AssetRipper/Assets/Scripts/Assembly-CSharp/ConsentManagementProvider/Json/JsonUnwrapperHelper.cs,07491d72ef499c9ca98904e18871e298
Scripts/Assembly-CSharp/ConsentManagementProvider/Json/JsonUnwrapperIOS.cs,Reference,SourceData/AssetRipper/Assets/Scripts/Assembly-CSharp/ConsentManagementProvider/Json/JsonUnwrapperIOS.cs,a33b0d488970cdc7a80800ad01438355
Scripts/Assembly-CSharp/ConsentManagementProvider/Json/SpActionWrapper.cs,Reference,SourceData/AssetRipper/Assets/Scripts/Assembly-CSharp/ConsentManagementProvider/Json/SpActionWrapper.cs,96e09efd78b4f6e345e0cb487617aebd
Scripts/Assembly-CSharp/ConsentManagementProvider/Json/SpCcpaConsentWrapperAndroid.cs,Reference,SourceData/AssetRipper/Assets/Scripts/Assembly-CSharp/ConsentManagementProvider/Json/SpCcpaConsentWrapperAndroid.cs,2fb39fc61bd31228212b14b274153daf
Scripts/Assembly-CSharp/ConsentManagementProvider/Json/SpCcpaConsentWrapperIOS.cs,Reference,SourceData/AssetRipper/Assets/Scripts/Assembly-CSharp/ConsentManagementProvider/Json/SpCcpaConsentWrapperIOS.cs,3fdbcb7d096583f392aff032e82b88f8
Scripts/Assembly-CSharp/ConsentManagementProvider/Json/SpCcpaWrapperIOS.cs,Reference,SourceData/AssetRipper/Assets/Scripts/Assembly-CSharp/ConsentManagementProvider/Json/SpCcpaWrapperIOS.cs,1599eb0e2e6d4fb9ade6baba69c4cf72
Scripts/Assembly-CSharp/ConsentManagementProvider/Json/SpConsentsWrapperAndroid.cs,Reference,SourceData/AssetRipper/Assets/Scripts/Assembly-CSharp/ConsentManagementProvider/Json/SpConsentsWrapperAndroid.cs,641670037f1664c9697a5eeb6cb0e8ae
Scripts/Assembly-CSharp/ConsentManagementProvider/Json/SpConsentsWrapperIOS.cs,Reference,SourceData/AssetRipper/Assets/Scripts/Assembly-CSharp/ConsentManagementProvider/Json/SpConsentsWrapperIOS.cs,4d6400c03a07cd439fe00b7b5acc3024
Scripts/Assembly-CSharp/ConsentManagementProvider/Json/SpCustomConsentAndroid.cs,Reference,SourceData/AssetRipper/Assets/Scripts/Assembly-CSharp/ConsentManagementProvider/Json/SpCustomConsentAndroid.cs,e23db60e083ac9543f8040f054e3d982
Scripts/Assembly-CSharp/ConsentManagementProvider/Json/SpGdprConsentWrapperAndroid.cs,Reference,SourceData/AssetRipper/Assets/Scripts/Assembly-CSharp/ConsentManagementProvider/Json/SpGdprConsentWrapperAndroid.cs,fa3e06ee0b696ba718be66a32d02ff62
Scripts/Assembly-CSharp/ConsentManagementProvider/Json/SpGdprConsentWrapperIOS.cs,Reference,SourceData/AssetRipper/Assets/Scripts/Assembly-CSharp/ConsentManagementProvider/Json/SpGdprConsentWrapperIOS.cs,2a3ae5f185178aaa2a9dae12390e0f33
Scripts/Assembly-CSharp/ConsentManagementProvider/Json/SpGdprWrapperIOS.cs,Reference,SourceData/AssetRipper/Assets/Scripts/Assembly-CSharp/ConsentManagementProvider/Json/SpGdprWrapperIOS.cs,7db2f82ca5883319d395e97f9af481bd
Scripts/Assembly-CSharp/ConsentManagementProvider/Json/SpUsnatConsentWrapperAndroid.cs,Reference,SourceData/AssetRipper/Assets/Scripts/Assembly-CSharp/ConsentManagementProvider/Json/SpUsnatConsentWrapperAndroid.cs,d875f90f5c9c1d2f21be122482f74dd7
Scripts/Assembly-CSharp/ConsentManagementProvider/Json/SpUsnatConsentWrapperIOS.cs,Reference,SourceData/AssetRipper/Assets/Scripts/Assembly-CSharp/ConsentManagementProvider/Json/SpUsnatConsentWrapperIOS.cs,b8d8def90d38897f633cf4d67d023200
Scripts/Assembly-CSharp/ConsentManagementProvider/Json/SpUsnatWrapperIOS.cs,Reference,SourceData/AssetRipper/Assets/Scripts/Assembly-CSharp/ConsentManagementProvider/Json/SpUsnatWrapperIOS.cs,1f83238be93db34c401729ba4caa6caa
Scripts/Assembly-CSharp/ConsentManagementProvider/Json/SpVendorGrantWrapper.cs,Reference,SourceData/AssetRipper/Assets/Scripts/Assembly-CSharp/ConsentManagementProvider/Json/SpVendorGrantWrapper.cs,0bfe9db1b9cea53e9405c79d85f9ece6
Scripts/Assembly-CSharp/ConsentManagementProvider/Json/StatusWrapperAndroid.cs,Reference,SourceData/AssetRipper/Assets/Scripts/Assembly-CSharp/ConsentManagementProvider/Json/StatusWrapperAndroid.cs,f229ff7197110bf439c65c22c2935332
Scripts/Assembly-CSharp/ConsentManagementProvider/Json/UserConsentsWrapper.cs,Reference,SourceData/AssetRipper/Assets/Scripts/Assembly-CSharp/ConsentManagementProvider/Json/UserConsentsWrapper.cs,ec1f32cbc3d7fd342abf9c56249a70f6
Scripts/Assembly-CSharp/ConsentManagementProvider/Json/UsnatConsentWrapper.cs,Reference,SourceData/AssetRipper/Assets/Scripts/Assembly-CSharp/ConsentManagementProvider/Json/UsnatConsentWrapper.cs,cd0bca76e7c971a9cba692243cef7f55
Scripts/Assembly-CSharp/ConsentManagementProvider/Observer/BroadcastEventDispatcher.cs,Reference,SourceData/AssetRipper/Assets/Scripts/Assembly-CSharp/ConsentManagementProvider/Observer/BroadcastEventDispatcher.cs,ed9eae95f4d6e12ad3007dbc504c44c2
Scripts/Assembly-CSharp/ConsentManagementProvider/Observer/BroadcastEventsExecutor.cs,Reference,SourceData/AssetRipper/Assets/Scripts/Assembly-CSharp/ConsentManagementProvider/Observer/BroadcastEventsExecutor.cs,b9ddca00d371360dae9ce781acd229c2
Scripts/Assembly-CSharp/ConsentManagementProvider/Observer/BroadcastReceivers.cs,Reference,SourceData/AssetRipper/Assets/Scripts/Assembly-CSharp/ConsentManagementProvider/Observer/BroadcastReceivers.cs,1e9557a2d175dcfa809847fe241caf59
Scripts/Assembly-CSharp/ConsentManagementProvider/UnityEditor/ConsentWrapperUnityEditor.cs,Reference,SourceData/AssetRipper/Assets/Scripts/Assembly-CSharp/ConsentManagementProvider/UnityEditor/ConsentWrapperUnityEditor.cs,ef3dc0fa61d5545551084d412b163c98
Scripts/Assembly-CSharp/ConsentMessagePlugin/Android/CAMPAIGN_ENV_STRING_KEY.cs,Reference,SourceData/AssetRipper/Assets/Scripts/Assembly-CSharp/ConsentMessagePlugin/Android/CAMPAIGN_ENV_STRING_KEY.cs,cb6e43b3d096da748e5a8b084c7e9a80
Scripts/Assembly-CSharp/ConsentMessagePlugin/Android/CAMPAIGN_TYPE_ANDROID.cs,Reference,SourceData/AssetRipper/Assets/Scripts/Assembly-CSharp/ConsentMessagePlugin/Android/CAMPAIGN_TYPE_ANDROID.cs,93406d568b13d634481163d6d4174032
Scripts/Assembly-CSharp/ConsentMessagePlugin/Android/CAMPAIGN_TYPE_STRING_KEY.cs,Reference,SourceData/AssetRipper/Assets/Scripts/Assembly-CSharp/ConsentMessagePlugin/Android/CAMPAIGN_TYPE_STRING_KEY.cs,1d9af6692aef4ea7e7a85a3ecdcb1683
Scripts/Assembly-CSharp/ConsentMessagePlugin/Android/CONFIG_OPTION_FULL_KEY.cs,Reference,SourceData/AssetRipper/Assets/Scripts/Assembly-CSharp/ConsentMessagePlugin/Android/CONFIG_OPTION_FULL_KEY.cs,d1c8247caf93af07c4adc2c7f0f95bd0
Scripts/Assembly-CSharp/ConsentMessagePlugin/Android/MESSAGE_LANGUAGE_FULL_STRING_KEY.cs,Reference,SourceData/AssetRipper/Assets/Scripts/Assembly-CSharp/ConsentMessagePlugin/Android/MESSAGE_LANGUAGE_FULL_STRING_KEY.cs,a0f7ab84d12351b489963715f885ed9d
Scripts/Assembly-CSharp/ConsentMessagePlugin/Android/MESSAGE_LANGUAGE_STRING_KEY.cs,Reference,SourceData/AssetRipper/Assets/Scripts/Assembly-CSharp/ConsentMessagePlugin/Android/MESSAGE_LANGUAGE_STRING_KEY.cs,5b52f2e9819d192ccc972ac5dbd8b055
Scripts/Assembly-CSharp/ConsentMessagePlugin/Android/PRIVACY_MANAGER_TAB_STRING.cs,Reference,SourceData/AssetRipper/Assets/Scripts/Assembly-CSharp/ConsentMessagePlugin/Android/PRIVACY_MANAGER_TAB_STRING.cs,82079d626f032dd468366b968f3221b3
Scripts/Assembly-CSharp/ConsentMessagePlugin/Android/PRIVACY_MANAGER_TAB_STRING_KEY.cs,Reference,SourceData/AssetRipper/Assets/Scripts/Assembly-CSharp/ConsentMessagePlugin/Android/PRIVACY_MANAGER_TAB_STRING_KEY.cs,69dfb9817f771033490cbdbf1ba46f91
Scripts/Assembly-CSharp/LayerLab/CasualGame/PanelCasualGame.cs,Reference,SourceData/AssetRipper/Assets/Scripts/Assembly-CSharp/LayerLab/CasualGame/PanelCasualGame.cs,3ae7604f68ab634518c8bdb45df23450
Scripts/Assembly-CSharp/LayerLab/CasualGame/PanelControlCasualGame.cs,Reference,SourceData/AssetRipper/Assets/Scripts/Assembly-CSharp/LayerLab/CasualGame/PanelControlCasualGame.cs,f07c75fc0ab357febc8768b256c32fe9
Scripts/Assembly-CSharp/LayerLab/SuperCasual/PanelControlSuperCasual.cs,Reference,SourceData/AssetRipper/Assets/Scripts/Assembly-CSharp/LayerLab/SuperCasual/PanelControlSuperCasual.cs,85272012cc1359c7fb767c227af587fd
Scripts/Assembly-CSharp/LayerLab/SuperCasual/PanelSuperCasual.cs,Reference,SourceData/AssetRipper/Assets/Scripts/Assembly-CSharp/LayerLab/SuperCasual/PanelSuperCasual.cs,ff5de48484861c537154af73c7f8a6eb
Scripts/Assembly-CSharp/UnityEngine/Purchasing/Security/GooglePlayTangle.cs,Reference,SourceData/AssetRipper/Assets/Scripts/Assembly-CSharp/UnityEngine/Purchasing/Security/GooglePlayTangle.cs,7524da85b5578844a67ebd8024347a0d
Scripts/Assembly-CSharp/UnityEngine/UI/Extensions/CasualGame/UIParticleSystem.cs,Reference,SourceData/AssetRipper/Assets/Scripts/Assembly-CSharp/UnityEngine/UI/Extensions/CasualGame/UIParticleSystem.cs,669dd1e5c5b279f69013433543b2c692
Scripts/Assembly-CSharp/Voodoo/ADN/AdnSdk.cs,Reference,SourceData/AssetRipper/Assets/Scripts/Assembly-CSharp/Voodoo/ADN/AdnSdk.cs,df8b0f2f660e4594a9ddfae71588cc4d
Scripts/Assembly-CSharp/Voodoo/Analytics/AnalyticsApi.cs,Reference,SourceData/AssetRipper/Assets/Scripts/Assembly-CSharp/Voodoo/Analytics/AnalyticsApi.cs,136779b27b8b9d427c8524a9e8ff03d8
Scripts/Assembly-CSharp/Voodoo/Analytics/AnalyticsConstant.cs,Reference,SourceData/AssetRipper/Assets/Scripts/Assembly-CSharp/Voodoo/Analytics/AnalyticsConstant.cs,8742c3f415f27e2105185480f7ff5f12
Scripts/Assembly-CSharp/Voodoo/Analytics/AnalyticsLog.cs,Reference,SourceData/AssetRipper/Assets/Scripts/Assembly-CSharp/Voodoo/Analytics/AnalyticsLog.cs,3f3534ed1ad01127f4eca1bbc6ea831d
Scripts/Assembly-CSharp/Voodoo/Analytics/AnalyticsTextFileLogger.cs,Reference,SourceData/AssetRipper/Assets/Scripts/Assembly-CSharp/Voodoo/Analytics/AnalyticsTextFileLogger.cs,27a4d3da5449870bb2ed20fe2b30c4cb
Scripts/Assembly-CSharp/Voodoo/Analytics/AnalyticsUtil.cs,Reference,SourceData/AssetRipper/Assets/Scripts/Assembly-CSharp/Voodoo/Analytics/AnalyticsUtil.cs,f7059455220e291141291ce0bb10aa57
Scripts/Assembly-CSharp/Voodoo/Analytics/EventSpecificContext.cs,Reference,SourceData/AssetRipper/Assets/Scripts/Assembly-CSharp/Voodoo/Analytics/EventSpecificContext.cs,a1e4804c01c914f3956eb2ab77700f1e
Scripts/Assembly-CSharp/Voodoo/Analytics/GlobalContext.cs,Reference,SourceData/AssetRipper/Assets/Scripts/Assembly-CSharp/Voodoo/Analytics/GlobalContext.cs,989652daa6aff53564d8464f7ddac4c4
Scripts/Assembly-CSharp/Voodoo/Analytics/IConfig.cs,Reference,SourceData/AssetRipper/Assets/Scripts/Assembly-CSharp/Voodoo/Analytics/IConfig.cs,18eda348fcb613f04175c27f9ff375d1
Scripts/Assembly-CSharp/Voodoo/Analytics/IVanCustomLog.cs,Reference,SourceData/AssetRipper/Assets/Scripts/Assembly-CSharp/Voodoo/Analytics/IVanCustomLog.cs,618c3d0dd0b20cd43e251921a9025321
Scripts/Assembly-CSharp/Voodoo/Analytics/Tracker.cs,Reference,SourceData/AssetRipper/Assets/Scripts/Assembly-CSharp/Voodoo/Analytics/Tracker.cs,8a6679308d5d8888e35efc846656d71b
Scripts/Assembly-CSharp/Voodoo/Analytics/VanEvent.cs,Reference,SourceData/AssetRipper/Assets/Scripts/Assembly-CSharp/Voodoo/Analytics/VanEvent.cs,d1ac9ac1cc150a227257ee41938b1d79
Scripts/Assembly-CSharp/Voodoo/Analytics/VanEventBasicParameters.cs,Reference,SourceData/AssetRipper/Assets/Scripts/Assembly-CSharp/Voodoo/Analytics/VanEventBasicParameters.cs,28721714c1349578880abc7309ea73e9
Scripts/Assembly-CSharp/Voodoo/Analytics/VanEventName.cs,Reference,SourceData/AssetRipper/Assets/Scripts/Assembly-CSharp/Voodoo/Analytics/VanEventName.cs,f6b1c262999efad418f6697c8d9b9baf
Scripts/Assembly-CSharp/Voodoo/Analytics/VanSessionInfo.cs,Reference,SourceData/AssetRipper/Assets/Scripts/Assembly-CSharp/Voodoo/Analytics/VanSessionInfo.cs,8bc84bb8ec9a518677c20b6fb91f8053
Scripts/Assembly-CSharp/Voodoo/Analytics/VoodooAnalyticsManager.cs,Reference,SourceData/AssetRipper/Assets/Scripts/Assembly-CSharp/Voodoo/Analytics/VoodooAnalyticsManager.cs,0e36aec3714ef3ac748d6d7abab55e77
Scripts/Assembly-CSharp/Voodoo/Analytics/VoodooWebProxy.cs,Reference,SourceData/AssetRipper/Assets/Scripts/Assembly-CSharp/Voodoo/Analytics/VoodooWebProxy.cs,d6f6d4b5999e15cc287e2619551e46c2
Scripts/Assembly-CSharp/Voodoo/ADN/Internal/AdnAdData.cs,Reference,SourceData/AssetRipper/Assets/Scripts/Assembly-CSharp/Voodoo/ADN/Internal/AdnAdData.cs,090a6fa59830796eb6aaa311a364a1de
Scripts/Assembly-CSharp/Voodoo/ADN/Internal/AdnAdsAmount.cs,Reference,SourceData/AssetRipper/Assets/Scripts/Assembly-CSharp/Voodoo/ADN/Internal/AdnAdsAmount.cs,1b60fadfe4da6f34682114e1938a5da9
Scripts/Assembly-CSharp/Voodoo/ADN/Internal/AdnAdsClick.cs,Reference,SourceData/AssetRipper/Assets/Scripts/Assembly-CSharp/Voodoo/ADN/Internal/AdnAdsClick.cs,6035cd5df92e12441a2c29f7cdcacfc9
Scripts/Assembly-CSharp/Voodoo/ADN/Internal/AdnAdsCount.cs,Reference,SourceData/AssetRipper/Assets/Scripts/Assembly-CSharp/Voodoo/ADN/Internal/AdnAdsCount.cs,3da5a63caa2f13c4b9b69e9c7bb08041
Scripts/Assembly-CSharp/Voodoo/ADN/Internal/AdnAdsIndex.cs,Reference,SourceData/AssetRipper/Assets/Scripts/Assembly-CSharp/Voodoo/ADN/Internal/AdnAdsIndex.cs,814d20657b581be469944938580e65fc
Scripts/Assembly-CSharp/Voodoo/ADN/Internal/AdnAttributionData.cs,Reference,SourceData/AssetRipper/Assets/Scripts/Assembly-CSharp/Voodoo/ADN/Internal/AdnAttributionData.cs,4bb6b841e7fd993429c19da63bb98c8c
Scripts/Assembly-CSharp/Voodoo/ADN/Internal/AdnGameCount.cs,Reference,SourceData/AssetRipper/Assets/Scripts/Assembly-CSharp/Voodoo/ADN/Internal/AdnGameCount.cs,c7d754e069bb736488caea60c057526c
Scripts/Assembly-CSharp/Voodoo/ADN/Internal/AdnImpressionIds.cs,Reference,SourceData/AssetRipper/Assets/Scripts/Assembly-CSharp/Voodoo/ADN/Internal/AdnImpressionIds.cs,904107cb65ea0504bb7454aeb3cfa703
Scripts/Assembly-CSharp/Voodoo/ADN/Internal/AdnPerfMetrics.cs,Reference,SourceData/AssetRipper/Assets/Scripts/Assembly-CSharp/Voodoo/ADN/Internal/AdnPerfMetrics.cs,d168b10ef51f2b64a89ba03c8dd8cc56
Scripts/Assembly-CSharp/Voodoo/ADN/Internal/AdnPreferences.cs,Reference,SourceData/AssetRipper/Assets/Scripts/Assembly-CSharp/Voodoo/ADN/Internal/AdnPreferences.cs,ebffa9a0ec99ac6c444835f13806037f
Scripts/Assembly-CSharp/Voodoo/ADN/Internal/AdnSdkAndroid.cs,Reference,SourceData/AssetRipper/Assets/Scripts/Assembly-CSharp/Voodoo/ADN/Internal/AdnSdkAndroid.cs,9db9a6b9100d70b94723569b815ca64d
Scripts/Assembly-CSharp/Voodoo/ADN/Internal/AdnSdkBase.cs,Reference,SourceData/AssetRipper/Assets/Scripts/Assembly-CSharp/Voodoo/ADN/Internal/AdnSdkBase.cs,1c9991d691e729be1fe9aae526f1da7c
Scripts/Assembly-CSharp/Voodoo/ADN/Internal/AdnTokenAdsInfo.cs,Reference,SourceData/AssetRipper/Assets/Scripts/Assembly-CSharp/Voodoo/ADN/Internal/AdnTokenAdsInfo.cs,af6bb149ff877a80159ebb5d094437af
Scripts/Assembly-CSharp/Voodoo/ADN/Internal/AdnTokenAppInfo.cs,Reference,SourceData/AssetRipper/Assets/Scripts/Assembly-CSharp/Voodoo/ADN/Internal/AdnTokenAppInfo.cs,7eb4c42ef984a98d0eab042a937ff7e6
Scripts/Assembly-CSharp/Voodoo/ADN/Internal/AdnTokenConstants.cs,Reference,SourceData/AssetRipper/Assets/Scripts/Assembly-CSharp/Voodoo/ADN/Internal/AdnTokenConstants.cs,b189411b0b890140c2012299c49975a4
Scripts/Assembly-CSharp/Voodoo/ADN/Internal/AdnTokenGenerator.cs,Reference,SourceData/AssetRipper/Assets/Scripts/Assembly-CSharp/Voodoo/ADN/Internal/AdnTokenGenerator.cs,fda863685d34bdfdbba4fda476f94efe
Scripts/Assembly-CSharp/Voodoo/ADN/Internal/AdnTokenHelper.cs,Reference,SourceData/AssetRipper/Assets/Scripts/Assembly-CSharp/Voodoo/ADN/Internal/AdnTokenHelper.cs,bc1f086192ba5bd13f8035d38d4389d3
Scripts/Assembly-CSharp/Voodoo/ADN/Internal/IAdnSdk.cs,Reference,SourceData/AssetRipper/Assets/Scripts/Assembly-CSharp/Voodoo/ADN/Internal/IAdnSdk.cs,1473beec468239febdf805d95592f91c
Scripts/Assembly-CSharp/Voodoo/Sauce/Ads/AppOpenRewardedInterstitial.cs,Reference,SourceData/AssetRipper/Assets/Scripts/Assembly-CSharp/Voodoo/Sauce/Ads/AppOpenRewardedInterstitial.cs,97c3f07fb8293ac5ee2dbd7582882b7b
Scripts/Assembly-CSharp/Voodoo/Sauce/Ads/AppOpenRewardedInterstitialCanvas.cs,Reference,SourceData/AssetRipper/Assets/Scripts/Assembly-CSharp/Voodoo/Sauce/Ads/AppOpenRewardedInterstitialCanvas.cs,f361aba62882bc598a0f70d8a0346975
Scripts/Assembly-CSharp/Voodoo/Sauce/Ads/AppOpenRewardedInterstitialWrapper.cs,Reference,SourceData/AssetRipper/Assets/Scripts/Assembly-CSharp/Voodoo/Sauce/Ads/AppOpenRewardedInterstitialWrapper.cs,fd2211dcc4dfdc8d1eb15638ef7170c5
Scripts/Assembly-CSharp/Voodoo/Sauce/Ads/InterstitialCurrencyType.cs,Reference,SourceData/AssetRipper/Assets/Scripts/Assembly-CSharp/Voodoo/Sauce/Ads/InterstitialCurrencyType.cs,4908e9e40c6cdf84982a1275c05e4813
Scripts/Assembly-CSharp/Voodoo/Sauce/Ads/InterstitialRewardType.cs,Reference,SourceData/AssetRipper/Assets/Scripts/Assembly-CSharp/Voodoo/Sauce/Ads/InterstitialRewardType.cs,c5a81ba5240b2b34eb2fe7616be83463
Scripts/Assembly-CSharp/Voodoo/Sauce/Ads/MrecAdBehaviour.cs,Reference,SourceData/AssetRipper/Assets/Scripts/Assembly-CSharp/Voodoo/Sauce/Ads/MrecAdBehaviour.cs,2e1fcbac1686d1dd3badfecfc35d20e7
Scripts/Assembly-CSharp/Voodoo/Sauce/Ads/NativeAdLayout.cs,Reference,SourceData/AssetRipper/Assets/Scripts/Assembly-CSharp/Voodoo/Sauce/Ads/NativeAdLayout.cs,733b7c00f032f124ba751e5c1b3b3ca0
Scripts/Assembly-CSharp/Voodoo/Sauce/Ads/NativeAdLayoutExtension.cs,Reference,SourceData/AssetRipper/Assets/Scripts/Assembly-CSharp/Voodoo/Sauce/Ads/NativeAdLayoutExtension.cs,2f2634f91e945e2cb6ec654f773dd47d
Scripts/Assembly-CSharp/Voodoo/Sauce/Ads/NativeAdsBehaviour.cs,Reference,SourceData/AssetRipper/Assets/Scripts/Assembly-CSharp/Voodoo/Sauce/Ads/NativeAdsBehaviour.cs,23534c916f554d5320ccf3242fb6f8e7
Scripts/Assembly-CSharp/Voodoo/Sauce/Ads/RewardedInterstitial.cs,Reference,SourceData/AssetRipper/Assets/Scripts/Assembly-CSharp/Voodoo/Sauce/Ads/RewardedInterstitial.cs,3f2e7d0d969a830807764e9206368675
Scripts/Assembly-CSharp/Voodoo/Sauce/Ads/RewardedInterstitialDebugger.cs,Reference,SourceData/AssetRipper/Assets/Scripts/Assembly-CSharp/Voodoo/Sauce/Ads/RewardedInterstitialDebugger.cs,bccec24a35baa1dfa38c04e9947973c3
Scripts/Assembly-CSharp/Voodoo/Sauce/Ads/RewardPopUpType.cs,Reference,SourceData/AssetRipper/Assets/Scripts/Assembly-CSharp/Voodoo/Sauce/Ads/RewardPopUpType.cs,b363d0653956d6f46bbd970d2904b76f
Scripts/Assembly-CSharp/Voodoo/Sauce/Ads/TwoAdsInARow.cs,Reference,SourceData/AssetRipper/Assets/Scripts/Assembly-CSharp/Voodoo/Sauce/Ads/TwoAdsInARow.cs,2211abbcd059fbdf50aab7401a4732a4
Scripts/Assembly-CSharp/Voodoo/Sauce/Analytics/VoodooAnalyticsEditorEvents.cs,Reference,SourceData/AssetRipper/Assets/Scripts/Assembly-CSharp/Voodoo/Sauce/Analytics/VoodooAnalyticsEditorEvents.cs,d1cd9cb37f59c6a54b3209244f1762ff
Scripts/Assembly-CSharp/Voodoo/Sauce/Core/EnvironmentSettings.cs,Reference,SourceData/AssetRipper/Assets/Scripts/Assembly-CSharp/Voodoo/Sauce/Core/EnvironmentSettings.cs,bb641af5eca2a5f3633c6bc9acd8dcc8
Scripts/Assembly-CSharp/Voodoo/Sauce/Core/IAudioAdsManager.cs,Reference,SourceData/AssetRipper/Assets/Scripts/Assembly-CSharp/Voodoo/Sauce/Core/IAudioAdsManager.cs,bc600237293bdf0bef9f5168680ef685
Scripts/Assembly-CSharp/Voodoo/Sauce/Core/IModule.cs,Reference,SourceData/AssetRipper/Assets/Scripts/Assembly-CSharp/Voodoo/Sauce/Core/IModule.cs,def66ea5879c0db8c26c9167bbac0aeb
Scripts/Assembly-CSharp/Voodoo/Sauce/Core/IRequest.cs,Reference,SourceData/AssetRipper/Assets/Scripts/Assembly-CSharp/Voodoo/Sauce/Core/IRequest.cs,1ffd8a5ca1ba993f3504f44a81d5a757
Scripts/Assembly-CSharp/Voodoo/Sauce/Core/IVoodooSettings.cs,Reference,SourceData/AssetRipper/Assets/Scripts/Assembly-CSharp/Voodoo/Sauce/Core/IVoodooSettings.cs,ed657225a406803fecb4158cb2ac457b
Scripts/Assembly-CSharp/Voodoo/Sauce/Core/Request.cs,Reference,SourceData/AssetRipper/Assets/Scripts/Assembly-CSharp/Voodoo/Sauce/Core/Request.cs,49cc38aa17dbaee07f630d121abe6439
Scripts/Assembly-CSharp/Voodoo/Sauce/Core/VoodooSauceBehaviour.cs,Reference,SourceData/AssetRipper/Assets/Scripts/Assembly-CSharp/Voodoo/Sauce/Core/VoodooSauceBehaviour.cs,bb7483d1f30ddb1d336587bb8fdf7532
Scripts/Assembly-CSharp/Voodoo/Sauce/Core/VoodooSauceCore.cs,Reference,SourceData/AssetRipper/Assets/Scripts/Assembly-CSharp/Voodoo/Sauce/Core/VoodooSauceCore.cs,5d98757b0ba75266d3c9801ede39296c
Scripts/Assembly-CSharp/Voodoo/Sauce/Core/VoodooSauceInitCallbackResult.cs,Reference,SourceData/AssetRipper/Assets/Scripts/Assembly-CSharp/Voodoo/Sauce/Core/VoodooSauceInitCallbackResult.cs,846932e7c5f514c0d27de29390d3beae
Scripts/Assembly-CSharp/Voodoo/Sauce/Core/VoodooSettings.cs,Reference,SourceData/AssetRipper/Assets/Scripts/Assembly-CSharp/Voodoo/Sauce/Core/VoodooSettings.cs,69fcd2a8f3ce82b746e57204f4994f9c
Scripts/Assembly-CSharp/Voodoo/Sauce/CrashReport/AdEventParams.cs,Reference,SourceData/AssetRipper/Assets/Scripts/Assembly-CSharp/Voodoo/Sauce/CrashReport/AdEventParams.cs,a098d65c8bc2d6992dd461d9c6f44099
Scripts/Assembly-CSharp/Voodoo/Sauce/CrashReport/CrashReportConstants.cs,Reference,SourceData/AssetRipper/Assets/Scripts/Assembly-CSharp/Voodoo/Sauce/CrashReport/CrashReportConstants.cs,2f88d437bac73e923dfcda4748adb520
Scripts/Assembly-CSharp/Voodoo/Sauce/CrashReport/CrashReportCore.cs,Reference,SourceData/AssetRipper/Assets/Scripts/Assembly-CSharp/Voodoo/Sauce/CrashReport/CrashReportCore.cs,6c283dcd62f1a28ce53927980a9d1a9e
Scripts/Assembly-CSharp/Voodoo/Sauce/CrashReport/CrashReporterProviderBucket.cs,Reference,SourceData/AssetRipper/Assets/Scripts/Assembly-CSharp/Voodoo/Sauce/CrashReport/CrashReporterProviderBucket.cs,ee2a70dc5bff32f43acd6b780696ae6e
Scripts/Assembly-CSharp/Voodoo/Sauce/CrashReport/CrashReportManager.cs,Reference,SourceData/AssetRipper/Assets/Scripts/Assembly-CSharp/Voodoo/Sauce/CrashReport/CrashReportManager.cs,c49cf2f501164d512a4e4e5ab083ea32
Scripts/Assembly-CSharp/Voodoo/Sauce/CrashReport/ICrashlyticsProvider.cs,Reference,SourceData/AssetRipper/Assets/Scripts/Assembly-CSharp/Voodoo/Sauce/CrashReport/ICrashlyticsProvider.cs,3c75a0bdabaa3b2f9eed4eee3015b692
Scripts/Assembly-CSharp/Voodoo/Sauce/Debugger/AdsDebugScreen.cs,Reference,SourceData/AssetRipper/Assets/Scripts/Assembly-CSharp/Voodoo/Sauce/Debugger/AdsDebugScreen.cs,13a6344f277d5de135e5f4a014de9588
Scripts/Assembly-CSharp/Voodoo/Sauce/Debugger/AnalyticsProviderDebugScreen.cs,Reference,SourceData/AssetRipper/Assets/Scripts/Assembly-CSharp/Voodoo/Sauce/Debugger/AnalyticsProviderDebugScreen.cs,4e4c659e404f2d57af9d283738431975
Scripts/Assembly-CSharp/Voodoo/Sauce/Debugger/Badge.cs,Reference,SourceData/AssetRipper/Assets/Scripts/Assembly-CSharp/Voodoo/Sauce/Debugger/Badge.cs,f9bbf2a6228816b08920e144e1eba759
Scripts/Assembly-CSharp/Voodoo/Sauce/Debugger/BadgeCounter.cs,Reference,SourceData/AssetRipper/Assets/Scripts/Assembly-CSharp/Voodoo/Sauce/Debugger/BadgeCounter.cs,107ab8689ce2b594d86e242a6c034116
Scripts/Assembly-CSharp/Voodoo/Sauce/Debugger/BoolEvent.cs,Reference,SourceData/AssetRipper/Assets/Scripts/Assembly-CSharp/Voodoo/Sauce/Debugger/BoolEvent.cs,2175e3790639b2146893e560d5864ccc
Scripts/Assembly-CSharp/Voodoo/Sauce/Debugger/CohortButton.cs,Reference,SourceData/AssetRipper/Assets/Scripts/Assembly-CSharp/Voodoo/Sauce/Debugger/CohortButton.cs,513519891f3b3f28938928b0d6a0f3a7
Scripts/Assembly-CSharp/Voodoo/Sauce/Debugger/CrashReporterDebugScreen.cs,Reference,SourceData/AssetRipper/Assets/Scripts/Assembly-CSharp/Voodoo/Sauce/Debugger/CrashReporterDebugScreen.cs,16a6ca1cd4a35a42607b735addf6a2bd
Scripts/Assembly-CSharp/Voodoo/Sauce/Debugger/CustomDebugger.cs,Reference,SourceData/AssetRipper/Assets/Scripts/Assembly-CSharp/Voodoo/Sauce/Debugger/CustomDebugger.cs,aaf370d7bf2f68b8d845c29cbf51ed94
Scripts/Assembly-CSharp/Voodoo/Sauce/Debugger/CustomDebuggerScreen.cs,Reference,SourceData/AssetRipper/Assets/Scripts/Assembly-CSharp/Voodoo/Sauce/Debugger/CustomDebuggerScreen.cs,a1870b2181ffe053a14d34c4e28131be
Scripts/Assembly-CSharp/Voodoo/Sauce/Debugger/DebugButtonWithInputField.cs,Reference,SourceData/AssetRipper/Assets/Scripts/Assembly-CSharp/Voodoo/Sauce/Debugger/DebugButtonWithInputField.cs,2676cf830aa28b78a47f96eb45b602c1
Scripts/Assembly-CSharp/Voodoo/Sauce/Debugger/DebugCheckboxButton.cs,Reference,SourceData/AssetRipper/Assets/Scripts/Assembly-CSharp/Voodoo/Sauce/Debugger/DebugCheckboxButton.cs,80e11346e2bdd5c6d8b542935d4353df
Scripts/Assembly-CSharp/Voodoo/Sauce/Debugger/Debugger.cs,Reference,SourceData/AssetRipper/Assets/Scripts/Assembly-CSharp/Voodoo/Sauce/Debugger/Debugger.cs,894c10ede607508604abed3772905a13
Scripts/Assembly-CSharp/Voodoo/Sauce/Debugger/DebuggerCanvas.cs,Reference,SourceData/AssetRipper/Assets/Scripts/Assembly-CSharp/Voodoo/Sauce/Debugger/DebuggerCanvas.cs,ccc2f475f2db5896a9edfd78d91f35d0
Scripts/Assembly-CSharp/Voodoo/Sauce/Debugger/DebuggerCanvasData.cs,Reference,SourceData/AssetRipper/Assets/Scripts/Assembly-CSharp/Voodoo/Sauce/Debugger/DebuggerCanvasData.cs,045d869fbeba97e88c4f2780620afb8f
Scripts/Assembly-CSharp/Voodoo/Sauce/Debugger/DebuggerConstants.cs,Reference,SourceData/AssetRipper/Assets/Scripts/Assembly-CSharp/Voodoo/Sauce/Debugger/DebuggerConstants.cs,4647aca96eb5d46fe184767d383f17d9
Scripts/Assembly-CSharp/Voodoo/Sauce/Debugger/DebuggerHeader.cs,Reference,SourceData/AssetRipper/Assets/Scripts/Assembly-CSharp/Voodoo/Sauce/Debugger/DebuggerHeader.cs,acfd511afc42c94edf7ab7843d5e51f6
Scripts/Assembly-CSharp/Voodoo/Sauce/Debugger/DebuggerPopupConfig.cs,Reference,SourceData/AssetRipper/Assets/Scripts/Assembly-CSharp/Voodoo/Sauce/Debugger/DebuggerPopupConfig.cs,24c59a984570a8d46acf766755683030
Scripts/Assembly-CSharp/Voodoo/Sauce/Debugger/DebuggerPopupScreen.cs,Reference,SourceData/AssetRipper/Assets/Scripts/Assembly-CSharp/Voodoo/Sauce/Debugger/DebuggerPopupScreen.cs,093cffd32c33da69e51a6a1b2dac325a
Scripts/Assembly-CSharp/Voodoo/Sauce/Debugger/DebugHideableSection.cs,Reference,SourceData/AssetRipper/Assets/Scripts/Assembly-CSharp/Voodoo/Sauce/Debugger/DebugHideableSection.cs,5b6c63e36b1819e1e35c9f8582c53766
Scripts/Assembly-CSharp/Voodoo/Sauce/Debugger/DebugMenuItemButton.cs,Reference,SourceData/AssetRipper/Assets/Scripts/Assembly-CSharp/Voodoo/Sauce/Debugger/DebugMenuItemButton.cs,384e2b932673f2f418c60dcda5ee0c37
Scripts/Assembly-CSharp/Voodoo/Sauce/Debugger/DebugRadioButton.cs,Reference,SourceData/AssetRipper/Assets/Scripts/Assembly-CSharp/Voodoo/Sauce/Debugger/DebugRadioButton.cs,9460a868eca773eec96fb6e9b61600e1
Scripts/Assembly-CSharp/Voodoo/Sauce/Debugger/DebugRadioGroup.cs,Reference,SourceData/AssetRipper/Assets/Scripts/Assembly-CSharp/Voodoo/Sauce/Debugger/DebugRadioGroup.cs,696027b90403429f3061351a1ee3113f
Scripts/Assembly-CSharp/Voodoo/Sauce/Debugger/DebugToggleButton.cs,Reference,SourceData/AssetRipper/Assets/Scripts/Assembly-CSharp/Voodoo/Sauce/Debugger/DebugToggleButton.cs,927b0b4a09e7cc42890c78ab61c3da5c
Scripts/Assembly-CSharp/Voodoo/Sauce/Debugger/EnvironmentDebugScreen.cs,Reference,SourceData/AssetRipper/Assets/Scripts/Assembly-CSharp/Voodoo/Sauce/Debugger/EnvironmentDebugScreen.cs,8d069be628748ea46869708312192ae1
Scripts/Assembly-CSharp/Voodoo/Sauce/Debugger/EventConsoleDebugScreen.cs,Reference,SourceData/AssetRipper/Assets/Scripts/Assembly-CSharp/Voodoo/Sauce/Debugger/EventConsoleDebugScreen.cs,7eea4c05df12711c7aa9c83de32cdace
Scripts/Assembly-CSharp/Voodoo/Sauce/Debugger/EventConsoleErrorScreen.cs,Reference,SourceData/AssetRipper/Assets/Scripts/Assembly-CSharp/Voodoo/Sauce/Debugger/EventConsoleErrorScreen.cs,3089590f60ec9a0c9203e269a0fff8fe
Scripts/Assembly-CSharp/Voodoo/Sauce/Debugger/EventConsoleFiltersScreen.cs,Reference,SourceData/AssetRipper/Assets/Scripts/Assembly-CSharp/Voodoo/Sauce/Debugger/EventConsoleFiltersScreen.cs,effd32d5811ef52d0736cd72b67a00da
Scripts/Assembly-CSharp/Voodoo/Sauce/Debugger/EventConsoleInformationScreen.cs,Reference,SourceData/AssetRipper/Assets/Scripts/Assembly-CSharp/Voodoo/Sauce/Debugger/EventConsoleInformationScreen.cs,6867e02b496b8a813392a30e7ae652f0
Scripts/Assembly-CSharp/Voodoo/Sauce/Debugger/EventConsoleItem.cs,Reference,SourceData/AssetRipper/Assets/Scripts/Assembly-CSharp/Voodoo/Sauce/Debugger/EventConsoleItem.cs,c4a54331c727aeff6ffae3c74843ef32
Scripts/Assembly-CSharp/Voodoo/Sauce/Debugger/EventConsoleListScreen.cs,Reference,SourceData/AssetRipper/Assets/Scripts/Assembly-CSharp/Voodoo/Sauce/Debugger/EventConsoleListScreen.cs,a2d44173b490cb0706bc57a70ce1ead4
Scripts/Assembly-CSharp/Voodoo/Sauce/Debugger/EventConsoleSessionItem.cs,Reference,SourceData/AssetRipper/Assets/Scripts/Assembly-CSharp/Voodoo/Sauce/Debugger/EventConsoleSessionItem.cs,ed04da9eef18e7ffcc87ae8833357fe3
Scripts/Assembly-CSharp/Voodoo/Sauce/Debugger/EventInformationLineItem.cs,Reference,SourceData/AssetRipper/Assets/Scripts/Assembly-CSharp/Voodoo/Sauce/Debugger/EventInformationLineItem.cs,fcff702148c151a5c8c3b41e343e81d9
Scripts/Assembly-CSharp/Voodoo/Sauce/Debugger/EventInformationList.cs,Reference,SourceData/AssetRipper/Assets/Scripts/Assembly-CSharp/Voodoo/Sauce/Debugger/EventInformationList.cs,e17ef5624251b3d215869e2ee25491ca
Scripts/Assembly-CSharp/Voodoo/Sauce/Debugger/GeneralInfoDebugScreen.cs,Reference,SourceData/AssetRipper/Assets/Scripts/Assembly-CSharp/Voodoo/Sauce/Debugger/GeneralInfoDebugScreen.cs,8b341374f9c65714a4a4c59fb1688555
Scripts/Assembly-CSharp/Voodoo/Sauce/Debugger/HomeDebugScreen.cs,Reference,SourceData/AssetRipper/Assets/Scripts/Assembly-CSharp/Voodoo/Sauce/Debugger/HomeDebugScreen.cs,a808d762e737ca2e19f46a37bcb684ff
Scripts/Assembly-CSharp/Voodoo/Sauce/Debugger/IAPDebugScreen.cs,Reference,SourceData/AssetRipper/Assets/Scripts/Assembly-CSharp/Voodoo/Sauce/Debugger/IAPDebugScreen.cs,1f013daa9ccda9d6b3c5d9efe83ebf60
Scripts/Assembly-CSharp/Voodoo/Sauce/Debugger/IAPProductWidget.cs,Reference,SourceData/AssetRipper/Assets/Scripts/Assembly-CSharp/Voodoo/Sauce/Debugger/IAPProductWidget.cs,f3bf54ba149f1be10070d58a35be4595
Scripts/Assembly-CSharp/Voodoo/Sauce/Debugger/IConditionalScreen.cs,Reference,SourceData/AssetRipper/Assets/Scripts/Assembly-CSharp/Voodoo/Sauce/Debugger/IConditionalScreen.cs,eb1b5ce678ce8354a867a9184df46aa2
Scripts/Assembly-CSharp/Voodoo/Sauce/Debugger/IdSectionDebugger.cs,Reference,SourceData/AssetRipper/Assets/Scripts/Assembly-CSharp/Voodoo/Sauce/Debugger/IdSectionDebugger.cs,aa0776be62079b33515010fc6b24f994
Scripts/Assembly-CSharp/Voodoo/Sauce/Debugger/IssuesCounter.cs,Reference,SourceData/AssetRipper/Assets/Scripts/Assembly-CSharp/Voodoo/Sauce/Debugger/IssuesCounter.cs,a5255327dbeaf7f41967371cdb84b0e7
Scripts/Assembly-CSharp/Voodoo/Sauce/Debugger/LogConsoleDebugScreen.cs,Reference,SourceData/AssetRipper/Assets/Scripts/Assembly-CSharp/Voodoo/Sauce/Debugger/LogConsoleDebugScreen.cs,c6491afbf7d7d210619a805b7e46c398
Scripts/Assembly-CSharp/Voodoo/Sauce/Debugger/LogMessage.cs,Reference,SourceData/AssetRipper/Assets/Scripts/Assembly-CSharp/Voodoo/Sauce/Debugger/LogMessage.cs,2d5f1425ee81e174d9e593d7a0bf3738
Scripts/Assembly-CSharp/Voodoo/Sauce/Debugger/LogsOptionDebugScreen.cs,Reference,SourceData/AssetRipper/Assets/Scripts/Assembly-CSharp/Voodoo/Sauce/Debugger/LogsOptionDebugScreen.cs,0303f3cbcbc49414eed0c659d2d0b46a
Scripts/Assembly-CSharp/Voodoo/Sauce/Debugger/LogsTracker.cs,Reference,SourceData/AssetRipper/Assets/Scripts/Assembly-CSharp/Voodoo/Sauce/Debugger/LogsTracker.cs,fbd58476f7da33ccf0f979c3f8940ef6
Scripts/Assembly-CSharp/Voodoo/Sauce/Debugger/OptionsDebugScreen.cs,Reference,SourceData/AssetRipper/Assets/Scripts/Assembly-CSharp/Voodoo/Sauce/Debugger/OptionsDebugScreen.cs,f8705ab54064ce27e2b8be2d81d816c9
Scripts/Assembly-CSharp/Voodoo/Sauce/Debugger/PrivacyDebugScreen.cs,Reference,SourceData/AssetRipper/Assets/Scripts/Assembly-CSharp/Voodoo/Sauce/Debugger/PrivacyDebugScreen.cs,6197cd8c500390c35eec51da17c92041
Scripts/Assembly-CSharp/Voodoo/Sauce/Debugger/Screen.cs,Reference,SourceData/AssetRipper/Assets/Scripts/Assembly-CSharp/Voodoo/Sauce/Debugger/Screen.cs,34c511a5e8cce260c4cd7e7382dffd7f
Scripts/Assembly-CSharp/Voodoo/Sauce/Debugger/SDKListDebugScreen.cs,Reference,SourceData/AssetRipper/Assets/Scripts/Assembly-CSharp/Voodoo/Sauce/Debugger/SDKListDebugScreen.cs,e8b54d71b324f9c3242f3e02e5a5287e
Scripts/Assembly-CSharp/Voodoo/Sauce/Debugger/VoodooLogDebugScreen.cs,Reference,SourceData/AssetRipper/Assets/Scripts/Assembly-CSharp/Voodoo/Sauce/Debugger/VoodooLogDebugScreen.cs,37a8b5dd4e62657f6cd19acb61088941
Scripts/Assembly-CSharp/Voodoo/Sauce/Debugger/VoodooSettingsDebugScreen.cs,Reference,SourceData/AssetRipper/Assets/Scripts/Assembly-CSharp/Voodoo/Sauce/Debugger/VoodooSettingsDebugScreen.cs,3b52f6182fd537a468f44002c21b8874
Scripts/Assembly-CSharp/Voodoo/Sauce/Debugger/VoodooTuneAbTestsDebugScreen.cs,Reference,SourceData/AssetRipper/Assets/Scripts/Assembly-CSharp/Voodoo/Sauce/Debugger/VoodooTuneAbTestsDebugScreen.cs,18e0fe5a78490883c76d8ab13a009c37
Scripts/Assembly-CSharp/Voodoo/Sauce/Debugger/VoodooTuneConfigurationDetailsScreen.cs,Reference,SourceData/AssetRipper/Assets/Scripts/Assembly-CSharp/Voodoo/Sauce/Debugger/VoodooTuneConfigurationDetailsScreen.cs,45bff7bc7269ef4e84963ea917abde64
Scripts/Assembly-CSharp/Voodoo/Sauce/Debugger/VoodooTuneConfigurationHeader.cs,Reference,SourceData/AssetRipper/Assets/Scripts/Assembly-CSharp/Voodoo/Sauce/Debugger/VoodooTuneConfigurationHeader.cs,bc0ec00465439faa588513dea40ba099
Scripts/Assembly-CSharp/Voodoo/Sauce/Debugger/VoodooTuneDebugScreen.cs,Reference,SourceData/AssetRipper/Assets/Scripts/Assembly-CSharp/Voodoo/Sauce/Debugger/VoodooTuneDebugScreen.cs,33fc60fd54293b834030ef19558d0b0d
Scripts/Assembly-CSharp/Voodoo/Sauce/Debugger/VoodooTuneHomeDebugScreen.cs,Reference,SourceData/AssetRipper/Assets/Scripts/Assembly-CSharp/Voodoo/Sauce/Debugger/VoodooTuneHomeDebugScreen.cs,f77e1f968e52b84a29e4d0ee5e37d38f
Scripts/Assembly-CSharp/Voodoo/Sauce/Debugger/VoodooTuneLoadingDebugScreen.cs,Reference,SourceData/AssetRipper/Assets/Scripts/Assembly-CSharp/Voodoo/Sauce/Debugger/VoodooTuneLoadingDebugScreen.cs,9a2e9e3b2e9edeaece015092104e13d5
Scripts/Assembly-CSharp/Voodoo/Sauce/Debugger/VoodooTuneSandboxDebugScreen.cs,Reference,SourceData/AssetRipper/Assets/Scripts/Assembly-CSharp/Voodoo/Sauce/Debugger/VoodooTuneSandboxDebugScreen.cs,9eaf8088b3ec4d5b98bf57d52037dd83
Scripts/Assembly-CSharp/Voodoo/Sauce/Debugger/VoodooTuneSegmentsDebugScreen.cs,Reference,SourceData/AssetRipper/Assets/Scripts/Assembly-CSharp/Voodoo/Sauce/Debugger/VoodooTuneSegmentsDebugScreen.cs,c3a10054acfc550516f9d64e4ef50797
Scripts/Assembly-CSharp/Voodoo/Sauce/Debugger/VSScreen.cs,Reference,SourceData/AssetRipper/Assets/Scripts/Assembly-CSharp/Voodoo/Sauce/Debugger/VSScreen.cs,c4e59f737602596fe823b5f2d064cdea
Scripts/Assembly-CSharp/Voodoo/Sauce/Debugger/Widget.cs,Reference,SourceData/AssetRipper/Assets/Scripts/Assembly-CSharp/Voodoo/Sauce/Debugger/Widget.cs,41a2419c190373dd54d9e61119f99005
Scripts/Assembly-CSharp/Voodoo/Sauce/Debugger/WidgetBank.cs,Reference,SourceData/AssetRipper/Assets/Scripts/Assembly-CSharp/Voodoo/Sauce/Debugger/WidgetBank.cs,2707e189d8e7aef4384d5a0ec974cda2
Scripts/Assembly-CSharp/Voodoo/Sauce/Debugger/WidgetUtility.cs,Reference,SourceData/AssetRipper/Assets/Scripts/Assembly-CSharp/Voodoo/Sauce/Debugger/WidgetUtility.cs,345485d0f45d873406c6d6ee5465c1d8
Scripts/Assembly-CSharp/Voodoo/Sauce/DeviceInfo/AndroidNativeVolumeService.cs,Reference,SourceData/AssetRipper/Assets/Scripts/Assembly-CSharp/Voodoo/Sauce/DeviceInfo/AndroidNativeVolumeService.cs,b4bd7f8e61c219ccb96d4e5be1fa5648
Scripts/Assembly-CSharp/Voodoo/Sauce/DeviceInfo/Audio.cs,Reference,SourceData/AssetRipper/Assets/Scripts/Assembly-CSharp/Voodoo/Sauce/DeviceInfo/Audio.cs,b1c141725f6f7af75577a246ad879b70
Scripts/Assembly-CSharp/Voodoo/Sauce/Firebase/FirebaseCrashlyticsConstants.cs,Reference,SourceData/AssetRipper/Assets/Scripts/Assembly-CSharp/Voodoo/Sauce/Firebase/FirebaseCrashlyticsConstants.cs,e98a382333fa75b2328e7960a04a0e0e
Scripts/Assembly-CSharp/Voodoo/Sauce/Firebase/FirebaseCrashlyticsPrivacy.cs,Reference,SourceData/AssetRipper/Assets/Scripts/Assembly-CSharp/Voodoo/Sauce/Firebase/FirebaseCrashlyticsPrivacy.cs,99cd7d5f635edaef08688f8115d9730a
Scripts/Assembly-CSharp/Voodoo/Sauce/Firebase/FirebaseCrashlyticsProvider.cs,Reference,SourceData/AssetRipper/Assets/Scripts/Assembly-CSharp/Voodoo/Sauce/Firebase/FirebaseCrashlyticsProvider.cs,9921b4e8b9cc843286b3343be60ce461
Scripts/Assembly-CSharp/Voodoo/Sauce/Firebase/FirebaseCrashlyticsWrapper.cs,Reference,SourceData/AssetRipper/Assets/Scripts/Assembly-CSharp/Voodoo/Sauce/Firebase/FirebaseCrashlyticsWrapper.cs,100678133181ee2af7379f745f369c4e
Scripts/Assembly-CSharp/Voodoo/Sauce/GoogleChromePromotion/GoogleChromeChecker.cs,Reference,SourceData/AssetRipper/Assets/Scripts/Assembly-CSharp/Voodoo/Sauce/GoogleChromePromotion/GoogleChromeChecker.cs,ca43155ade5970778322152b33d42c2a
Scripts/Assembly-CSharp/Voodoo/Sauce/GoogleChromePromotion/GoogleChromePromotionAnalytics.cs,Reference,SourceData/AssetRipper/Assets/Scripts/Assembly-CSharp/Voodoo/Sauce/GoogleChromePromotion/GoogleChromePromotionAnalytics.cs,65d8daab039d8781a9610b3c1e7813fb
Scripts/Assembly-CSharp/Voodoo/Sauce/GoogleChromePromotion/GoogleChromePromotionBanner.cs,Reference,SourceData/AssetRipper/Assets/Scripts/Assembly-CSharp/Voodoo/Sauce/GoogleChromePromotion/GoogleChromePromotionBanner.cs,81f1e70a548b22d615c09ba6b9777309
Scripts/Assembly-CSharp/Voodoo/Sauce/GoogleChromePromotion/GoogleChromePromotionClaimingRewardScreen.cs,Reference,SourceData/AssetRipper/Assets/Scripts/Assembly-CSharp/Voodoo/Sauce/GoogleChromePromotion/GoogleChromePromotionClaimingRewardScreen.cs,51c6daa16efefadd7ab1aecb9b0b6123
Scripts/Assembly-CSharp/Voodoo/Sauce/GoogleChromePromotion/GoogleChromePromotionConfig.cs,Reference,SourceData/AssetRipper/Assets/Scripts/Assembly-CSharp/Voodoo/Sauce/GoogleChromePromotion/GoogleChromePromotionConfig.cs,8a518557022f919f17a8c1b98dd40874
Scripts/Assembly-CSharp/Voodoo/Sauce/GoogleChromePromotion/GoogleChromePromotionLocalisation.cs,Reference,SourceData/AssetRipper/Assets/Scripts/Assembly-CSharp/Voodoo/Sauce/GoogleChromePromotion/GoogleChromePromotionLocalisation.cs,a1b514e8419e8b3d77425a33432939e8
Scripts/Assembly-CSharp/Voodoo/Sauce/GoogleChromePromotion/GoogleChromePromotionManager.cs,Reference,SourceData/AssetRipper/Assets/Scripts/Assembly-CSharp/Voodoo/Sauce/GoogleChromePromotion/GoogleChromePromotionManager.cs,2942dc3c2728ae30d94dd15cf7df125a
Scripts/Assembly-CSharp/Voodoo/Sauce/GoogleChromePromotion/GoogleChromePromotionMonoBehaviour.cs,Reference,SourceData/AssetRipper/Assets/Scripts/Assembly-CSharp/Voodoo/Sauce/GoogleChromePromotion/GoogleChromePromotionMonoBehaviour.cs,871f7ad84008392f0828ce009cb04847
Scripts/Assembly-CSharp/Voodoo/Sauce/GoogleChromePromotion/GoogleChromePromotionRewardScreen.cs,Reference,SourceData/AssetRipper/Assets/Scripts/Assembly-CSharp/Voodoo/Sauce/GoogleChromePromotion/GoogleChromePromotionRewardScreen.cs,fc32dcf7dccba1e7cd2ef669df93082d
Scripts/Assembly-CSharp/Voodoo/Sauce/GoogleChromePromotion/GoogleChromePromotionScreen.cs,Reference,SourceData/AssetRipper/Assets/Scripts/Assembly-CSharp/Voodoo/Sauce/GoogleChromePromotion/GoogleChromePromotionScreen.cs,b3abf6e6a98249cb0a065704d4c4df60
Scripts/Assembly-CSharp/Voodoo/Sauce/IAP/IAPAnalyticsTracker.cs,Reference,SourceData/AssetRipper/Assets/Scripts/Assembly-CSharp/Voodoo/Sauce/IAP/IAPAnalyticsTracker.cs,0ada1f7e033d74e8a90f246d8813ed87
Scripts/Assembly-CSharp/Voodoo/Sauce/IAP/IAPCrashReporter.cs,Reference,SourceData/AssetRipper/Assets/Scripts/Assembly-CSharp/Voodoo/Sauce/IAP/IAPCrashReporter.cs,5f073df6a20aad1a2d0f583aee730a10
Scripts/Assembly-CSharp/Voodoo/Sauce/IAP/IAPDataBridge.cs,Reference,SourceData/AssetRipper/Assets/Scripts/Assembly-CSharp/Voodoo/Sauce/IAP/IAPDataBridge.cs,8729fd5edceb5610673408911672f29c
Scripts/Assembly-CSharp/Voodoo/Sauce/IAP/IAPDebugManager.cs,Reference,SourceData/AssetRipper/Assets/Scripts/Assembly-CSharp/Voodoo/Sauce/IAP/IAPDebugManager.cs,26e7b6ac69a1323cd19e87b5cce2fe26
Scripts/Assembly-CSharp/Voodoo/Sauce/IAP/IAPDebugProduct.cs,Reference,SourceData/AssetRipper/Assets/Scripts/Assembly-CSharp/Voodoo/Sauce/IAP/IAPDebugProduct.cs,1652eea076821fc810f5257ff1482066
Scripts/Assembly-CSharp/Voodoo/Sauce/IAP/IAPIntegrationCheck.cs,Reference,SourceData/AssetRipper/Assets/Scripts/Assembly-CSharp/Voodoo/Sauce/IAP/IAPIntegrationCheck.cs,6586fd24997f01beabe1f7db4e379ac2
Scripts/Assembly-CSharp/Voodoo/Sauce/IAP/IAPMediator.cs,Reference,SourceData/AssetRipper/Assets/Scripts/Assembly-CSharp/Voodoo/Sauce/IAP/IAPMediator.cs,7a4c4bcdd61f08669894127708bd1b8e
Scripts/Assembly-CSharp/Voodoo/Sauce/Internal/ILogger.cs,Reference,SourceData/AssetRipper/Assets/Scripts/Assembly-CSharp/Voodoo/Sauce/Internal/ILogger.cs,d58e4bfb817e4a0b2c028ff72f30fc5b
Scripts/Assembly-CSharp/Voodoo/Sauce/Internal/Module.cs,Reference,SourceData/AssetRipper/Assets/Scripts/Assembly-CSharp/Voodoo/Sauce/Internal/Module.cs,f747fdba13f708b4cbcec30442275c52
Scripts/Assembly-CSharp/Voodoo/Sauce/Internal/VoodooConfig.cs,Reference,SourceData/AssetRipper/Assets/Scripts/Assembly-CSharp/Voodoo/Sauce/Internal/VoodooConfig.cs,8d778098daa91c267f6c6364065d7c15
Scripts/Assembly-CSharp/Voodoo/Sauce/Internal/VoodooConstants.cs,Reference,SourceData/AssetRipper/Assets/Scripts/Assembly-CSharp/Voodoo/Sauce/Internal/VoodooConstants.cs,af515424e137f8e53b97e10bf88b5b7a
Scripts/Assembly-CSharp/Voodoo/Sauce/Internal/VoodooLog.cs,Reference,SourceData/AssetRipper/Assets/Scripts/Assembly-CSharp/Voodoo/Sauce/Internal/VoodooLog.cs,46ffeec117525ac85e54c028b5ed5a24
Scripts/Assembly-CSharp/Voodoo/Sauce/Internal/VoodooLogger.cs,Reference,SourceData/AssetRipper/Assets/Scripts/Assembly-CSharp/Voodoo/Sauce/Internal/VoodooLogger.cs,cab135aa15b9d694e9c0a3d08a873433
Scripts/Assembly-CSharp/Voodoo/Sauce/Internal/VoodooVersion.cs,Reference,SourceData/AssetRipper/Assets/Scripts/Assembly-CSharp/Voodoo/Sauce/Internal/VoodooVersion.cs,728da0c2c8cca0eda09325411d7b2f9f
Scripts/Assembly-CSharp/Voodoo/Sauce/LoadingTime/ElapsedTime.cs,Reference,SourceData/AssetRipper/Assets/Scripts/Assembly-CSharp/Voodoo/Sauce/LoadingTime/ElapsedTime.cs,340930b0003b06395a3a230a760a790c
Scripts/Assembly-CSharp/Voodoo/Sauce/LoadingTime/LoadingTimer.cs,Reference,SourceData/AssetRipper/Assets/Scripts/Assembly-CSharp/Voodoo/Sauce/LoadingTime/LoadingTimer.cs,013ca34e932163c7837e18c61e7fd61d
Scripts/Assembly-CSharp/Voodoo/Sauce/LoadingTime/LoadingTimerManager.cs,Reference,SourceData/AssetRipper/Assets/Scripts/Assembly-CSharp/Voodoo/Sauce/LoadingTime/LoadingTimerManager.cs,4c6fda02db24d328d0b7b7da746f3bb9
Scripts/Assembly-CSharp/Voodoo/Sauce/Privacy/AccessDataParameters.cs,Reference,SourceData/AssetRipper/Assets/Scripts/Assembly-CSharp/Voodoo/Sauce/Privacy/AccessDataParameters.cs,440273d8e294dfa48914545ff50a691e
Scripts/Assembly-CSharp/Voodoo/Sauce/Privacy/CmpConsent.cs,Reference,SourceData/AssetRipper/Assets/Scripts/Assembly-CSharp/Voodoo/Sauce/Privacy/CmpConsent.cs,de22d36ff4c742e41b75c1a53d1b7f40
Scripts/Assembly-CSharp/Voodoo/Sauce/Privacy/ConsentInsightsParams.cs,Reference,SourceData/AssetRipper/Assets/Scripts/Assembly-CSharp/Voodoo/Sauce/Privacy/ConsentInsightsParams.cs,ed37c260970ee85428bb4e873fc44a4b
Scripts/Assembly-CSharp/Voodoo/Sauce/Privacy/DeleteDataParameters.cs,Reference,SourceData/AssetRipper/Assets/Scripts/Assembly-CSharp/Voodoo/Sauce/Privacy/DeleteDataParameters.cs,987022bbfe1690f4da9b8a338bf7641c
Scripts/Assembly-CSharp/Voodoo/Sauce/Privacy/IConsentManagementProvider.cs,Reference,SourceData/AssetRipper/Assets/Scripts/Assembly-CSharp/Voodoo/Sauce/Privacy/IConsentManagementProvider.cs,e0960bc762f96a64835e492a3bee5d11
Scripts/Assembly-CSharp/Voodoo/Sauce/Privacy/IConsentManagementProviderSDK.cs,Reference,SourceData/AssetRipper/Assets/Scripts/Assembly-CSharp/Voodoo/Sauce/Privacy/IConsentManagementProviderSDK.cs,c3b1417eaa7148bd39bc529f6c0761ec
Scripts/Assembly-CSharp/Voodoo/Sauce/Privacy/IdfaAuthorizationAbstractPopupLocalisation.cs,Reference,SourceData/AssetRipper/Assets/Scripts/Assembly-CSharp/Voodoo/Sauce/Privacy/IdfaAuthorizationAbstractPopupLocalisation.cs,a14b04d36aaa1b5220e3280c22b3cd9d
Scripts/Assembly-CSharp/Voodoo/Sauce/Privacy/IdfaAuthorizationConfig.cs,Reference,SourceData/AssetRipper/Assets/Scripts/Assembly-CSharp/Voodoo/Sauce/Privacy/IdfaAuthorizationConfig.cs,97050d32dc49d07c63a6be483bdb16e0
Scripts/Assembly-CSharp/Voodoo/Sauce/Privacy/IdfaAuthorizationOfferwallPopupLocalisation.cs,Reference,SourceData/AssetRipper/Assets/Scripts/Assembly-CSharp/Voodoo/Sauce/Privacy/IdfaAuthorizationOfferwallPopupLocalisation.cs,16ee5c47d6f3f3f97bcf9d693fb06528
Scripts/Assembly-CSharp/Voodoo/Sauce/Privacy/IdfaAuthorizationPopupLocalisation.cs,Reference,SourceData/AssetRipper/Assets/Scripts/Assembly-CSharp/Voodoo/Sauce/Privacy/IdfaAuthorizationPopupLocalisation.cs,4dacbfb29d015bc3079b02696dfa35ea
Scripts/Assembly-CSharp/Voodoo/Sauce/Privacy/IdfaAuthorizationStatus.cs,Reference,SourceData/AssetRipper/Assets/Scripts/Assembly-CSharp/Voodoo/Sauce/Privacy/IdfaAuthorizationStatus.cs,ced9d3eb6fea69b44b35afa237c1f6c5
Scripts/Assembly-CSharp/Voodoo/Sauce/Privacy/IPrivacyAPI.cs,Reference,SourceData/AssetRipper/Assets/Scripts/Assembly-CSharp/Voodoo/Sauce/Privacy/IPrivacyAPI.cs,bdf5ee5d528600effcbed8f9d9ee9380
Scripts/Assembly-CSharp/Voodoo/Sauce/Privacy/IPrivacyLink.cs,Reference,SourceData/AssetRipper/Assets/Scripts/Assembly-CSharp/Voodoo/Sauce/Privacy/IPrivacyLink.cs,a6b63f8b3843361a66d853ae94c86b20
Scripts/Assembly-CSharp/Voodoo/Sauce/Privacy/NativeWrapper.cs,Reference,SourceData/AssetRipper/Assets/Scripts/Assembly-CSharp/Voodoo/Sauce/Privacy/NativeWrapper.cs,3827de4005d65ba8abdfecb13fe4bbef
Scripts/Assembly-CSharp/Voodoo/Sauce/Privacy/NeedConsent.cs,Reference,SourceData/AssetRipper/Assets/Scripts/Assembly-CSharp/Voodoo/Sauce/Privacy/NeedConsent.cs,c0fa15699251bd345a45e7145eb3f825
Scripts/Assembly-CSharp/Voodoo/Sauce/Privacy/NeedConsentParams.cs,Reference,SourceData/AssetRipper/Assets/Scripts/Assembly-CSharp/Voodoo/Sauce/Privacy/NeedConsentParams.cs,7a7065ee720023b46bf0db2544ec191c
Scripts/Assembly-CSharp/Voodoo/Sauce/Privacy/PrivacyAPI.cs,Reference,SourceData/AssetRipper/Assets/Scripts/Assembly-CSharp/Voodoo/Sauce/Privacy/PrivacyAPI.cs,f45987c37d8525779a2f908daf706a63
Scripts/Assembly-CSharp/Voodoo/Sauce/Privacy/PrivacyCore.cs,Reference,SourceData/AssetRipper/Assets/Scripts/Assembly-CSharp/Voodoo/Sauce/Privacy/PrivacyCore.cs,26639651e47e2a20875b16edd1f27b8a
Scripts/Assembly-CSharp/Voodoo/Sauce/Privacy/PrivacyEnvironment.cs,Reference,SourceData/AssetRipper/Assets/Scripts/Assembly-CSharp/Voodoo/Sauce/Privacy/PrivacyEnvironment.cs,f1e19739c6af66343b8a70161f5b0ac6
Scripts/Assembly-CSharp/Voodoo/Sauce/Privacy/PrivacyEventsManager.cs,Reference,SourceData/AssetRipper/Assets/Scripts/Assembly-CSharp/Voodoo/Sauce/Privacy/PrivacyEventsManager.cs,31857e789c9af36dd5fb0ea200fe1a9b
Scripts/Assembly-CSharp/Voodoo/Sauce/Privacy/PrivacyInfo.cs,Reference,SourceData/AssetRipper/Assets/Scripts/Assembly-CSharp/Voodoo/Sauce/Privacy/PrivacyInfo.cs,e3774e3dc2248b24e89d3bd0c638c19c
Scripts/Assembly-CSharp/Voodoo/Sauce/Privacy/PrivacyInfoList.cs,Reference,SourceData/AssetRipper/Assets/Scripts/Assembly-CSharp/Voodoo/Sauce/Privacy/PrivacyInfoList.cs,49b897c491ae22f5c5688557805b4408
Scripts/Assembly-CSharp/Voodoo/Sauce/Privacy/PrivacyManager.cs,Reference,SourceData/AssetRipper/Assets/Scripts/Assembly-CSharp/Voodoo/Sauce/Privacy/PrivacyManager.cs,5926da89dbbf4947417d036c737e362e
Scripts/Assembly-CSharp/Voodoo/Sauce/Privacy/PrivacyRequest.cs,Reference,SourceData/AssetRipper/Assets/Scripts/Assembly-CSharp/Voodoo/Sauce/Privacy/PrivacyRequest.cs,7529ae947e0428242af5d4f23fa40c2b
Scripts/Assembly-CSharp/Voodoo/Sauce/Privacy/PrivacyRequestParams.cs,Reference,SourceData/AssetRipper/Assets/Scripts/Assembly-CSharp/Voodoo/Sauce/Privacy/PrivacyRequestParams.cs,d1d8483a35b9975489e7ada880ae8a62
Scripts/Assembly-CSharp/Voodoo/Sauce/Privacy/PrivacySDKType.cs,Reference,SourceData/AssetRipper/Assets/Scripts/Assembly-CSharp/Voodoo/Sauce/Privacy/PrivacySDKType.cs,681b05aa34c011847aae4a988e16145f
Scripts/Assembly-CSharp/Voodoo/Sauce/Privacy/PrivacyUtils.cs,Reference,SourceData/AssetRipper/Assets/Scripts/Assembly-CSharp/Voodoo/Sauce/Privacy/PrivacyUtils.cs,ca0b97a5f07df2f1894e15b8e2a2402d
Scripts/Assembly-CSharp/Voodoo/Sauce/ThermalState/AndroidThermalStateProvider.cs,Reference,SourceData/AssetRipper/Assets/Scripts/Assembly-CSharp/Voodoo/Sauce/ThermalState/AndroidThermalStateProvider.cs,ff366cdb94697d0d5efcab8cdc29cdb1
Scripts/Assembly-CSharp/Voodoo/Sauce/ThermalState/IosThermalStateProvider.cs,Reference,SourceData/AssetRipper/Assets/Scripts/Assembly-CSharp/Voodoo/Sauce/ThermalState/IosThermalStateProvider.cs,7486d0a6598500663562f399696b592c
Scripts/Assembly-CSharp/Voodoo/Sauce/ThermalState/IThermalStateProvider.cs,Reference,SourceData/AssetRipper/Assets/Scripts/Assembly-CSharp/Voodoo/Sauce/ThermalState/IThermalStateProvider.cs,9bbd57418ed794148b6545aa0b698aa7
Scripts/Assembly-CSharp/Voodoo/Sauce/ThermalState/ThermalStateService.cs,Reference,SourceData/AssetRipper/Assets/Scripts/Assembly-CSharp/Voodoo/Sauce/ThermalState/ThermalStateService.cs,70b3f0fd6776a3a3c76de8b84192da9a
Scripts/Assembly-CSharp/Voodoo/Sauce/Ads/AdDataPassing/AdDataPassingWrapper.cs,Reference,SourceData/AssetRipper/Assets/Scripts/Assembly-CSharp/Voodoo/Sauce/Ads/AdDataPassing/AdDataPassingWrapper.cs,67f93fafff2b819ce0400c0b2a74e6fe
Scripts/Assembly-CSharp/Voodoo/Sauce/Ads/AdDataPassing/AdDataType.cs,Reference,SourceData/AssetRipper/Assets/Scripts/Assembly-CSharp/Voodoo/Sauce/Ads/AdDataPassing/AdDataType.cs,a43fd3df63b6b494098f5f1fe0832df4
Scripts/Assembly-CSharp/Voodoo/Sauce/Ads/AdDataPassing/GAMAdDataPassingNetwork.cs,Reference,SourceData/AssetRipper/Assets/Scripts/Assembly-CSharp/Voodoo/Sauce/Ads/AdDataPassing/GAMAdDataPassingNetwork.cs,056334a85ffd0398b218a483f9d67994
Scripts/Assembly-CSharp/Voodoo/Sauce/Ads/AdDataPassing/GenderType.cs,Reference,SourceData/AssetRipper/Assets/Scripts/Assembly-CSharp/Voodoo/Sauce/Ads/AdDataPassing/GenderType.cs,58a7ed443a3942d45916e29b60bd03dd
Scripts/Assembly-CSharp/Voodoo/Sauce/Ads/AdDataPassing/IAdDataPassingNetwork.cs,Reference,SourceData/AssetRipper/Assets/Scripts/Assembly-CSharp/Voodoo/Sauce/Ads/AdDataPassing/IAdDataPassingNetwork.cs,ebaaf735283d6966d095f4b8eb2f94bf
Scripts/Assembly-CSharp/Voodoo/Sauce/Ads/AdDataPassing/MaxAdsAdDataPassingNetwork.cs,Reference,SourceData/AssetRipper/Assets/Scripts/Assembly-CSharp/Voodoo/Sauce/Ads/AdDataPassing/MaxAdsAdDataPassingNetwork.cs,22bb4bfa9e63899223d3be9a45648e2f
Scripts/Assembly-CSharp/Voodoo/Sauce/Ads/AudioAds/AudioMobClickListener.cs,Reference,SourceData/AssetRipper/Assets/Scripts/Assembly-CSharp/Voodoo/Sauce/Ads/AudioAds/AudioMobClickListener.cs,b53a2df922ce3896bc9e0824a7b59a5e
Scripts/Assembly-CSharp/Voodoo/Sauce/Ads/Internal/AppHarbrConfig.cs,Reference,SourceData/AssetRipper/Assets/Scripts/Assembly-CSharp/Voodoo/Sauce/Ads/Internal/AppHarbrConfig.cs,ad9d7620a053e8df7d99307ec2ce03a6
Scripts/Assembly-CSharp/Voodoo/Sauce/Ads/Internal/AppHarbrMaxWrapper.cs,Reference,SourceData/AssetRipper/Assets/Scripts/Assembly-CSharp/Voodoo/Sauce/Ads/Internal/AppHarbrMaxWrapper.cs,9db8849c4623a07bfd35af73f79a0fbc
Scripts/Assembly-CSharp/Voodoo/Sauce/Ads/Internal/AppHarbrSettings.cs,Reference,SourceData/AssetRipper/Assets/Scripts/Assembly-CSharp/Voodoo/Sauce/Ads/Internal/AppHarbrSettings.cs,733443f77606b3b05da6e2e8b2f51290
Scripts/Assembly-CSharp/Voodoo/Sauce/Ads/Internal/AppHarbrWrapper.cs,Reference,SourceData/AssetRipper/Assets/Scripts/Assembly-CSharp/Voodoo/Sauce/Ads/Internal/AppHarbrWrapper.cs,1fd6ea2d9e6e19dfb72856ceb1a3e194
Scripts/Assembly-CSharp/Voodoo/Sauce/Ads/Internal/GenderSelectionType.cs,Reference,SourceData/AssetRipper/Assets/Scripts/Assembly-CSharp/Voodoo/Sauce/Ads/Internal/GenderSelectionType.cs,aa4c0b4b9c570734b8f70eb18feab2f0
Scripts/Assembly-CSharp/Voodoo/Sauce/Ads/Internal/Keywords.cs,Reference,SourceData/AssetRipper/Assets/Scripts/Assembly-CSharp/Voodoo/Sauce/Ads/Internal/Keywords.cs,1d73c5ae82ea368dd8c5a51b0d385ad9
Scripts/Assembly-CSharp/Voodoo/Sauce/Analytics/Common/Internal/IAudioAdsSDK.cs,Reference,SourceData/AssetRipper/Assets/Scripts/Assembly-CSharp/Voodoo/Sauce/Analytics/Common/Internal/IAudioAdsSDK.cs,3839f3a26cd663e3fb4a4bea25fef576
Scripts/Assembly-CSharp/Voodoo/Sauce/Analytics/FirebaseAnalytics/Internal/Config/FirebaseMessagingConfig.cs,Reference,SourceData/AssetRipper/Assets/Scripts/Assembly-CSharp/Voodoo/Sauce/Analytics/FirebaseAnalytics/Internal/Config/FirebaseMessagingConfig.cs,2528659bab3af99d72d194443cd6a19b
Scripts/Assembly-CSharp/Voodoo/Sauce/Common/Utils/ConvertUtils.cs,Reference,SourceData/AssetRipper/Assets/Scripts/Assembly-CSharp/Voodoo/Sauce/Common/Utils/ConvertUtils.cs,84f663d1b68b56175ba63db46c73dd45
Scripts/Assembly-CSharp/Voodoo/Sauce/Common/Utils/EnumMask.cs,Reference,SourceData/AssetRipper/Assets/Scripts/Assembly-CSharp/Voodoo/Sauce/Common/Utils/EnumMask.cs,f4e36a5d46037d10ed49370bc7791144
Scripts/Assembly-CSharp/Voodoo/Sauce/Common/Utils/HandledAction.cs,Reference,SourceData/AssetRipper/Assets/Scripts/Assembly-CSharp/Voodoo/Sauce/Common/Utils/HandledAction.cs,c2db59f72d2e79d4288ad35863c3b2b6
Scripts/Assembly-CSharp/Voodoo/Sauce/Common/Utils/LandscapePadding.cs,Reference,SourceData/AssetRipper/Assets/Scripts/Assembly-CSharp/Voodoo/Sauce/Common/Utils/LandscapePadding.cs,55e30c19aa25ff3034d2e019d41e2e94
Scripts/Assembly-CSharp/Voodoo/Sauce/Common/Utils/LandscapePaddingData.cs,Reference,SourceData/AssetRipper/Assets/Scripts/Assembly-CSharp/Voodoo/Sauce/Common/Utils/LandscapePaddingData.cs,b230162ae455c0b5e0bba14352fb8343
Scripts/Assembly-CSharp/Voodoo/Sauce/Common/Utils/NewManifestUtilsImpl.cs,Reference,SourceData/AssetRipper/Assets/Scripts/Assembly-CSharp/Voodoo/Sauce/Common/Utils/NewManifestUtilsImpl.cs,275bc92f7b379b7080183b3deb758960
Scripts/Assembly-CSharp/Voodoo/Sauce/Common/Utils/PlatformUtils.cs,Reference,SourceData/AssetRipper/Assets/Scripts/Assembly-CSharp/Voodoo/Sauce/Common/Utils/PlatformUtils.cs,3090aca6eb2130d4b0fd748b90a3e8ae
Scripts/Assembly-CSharp/Voodoo/Sauce/Common/Utils/UnityIosDevice.cs,Reference,SourceData/AssetRipper/Assets/Scripts/Assembly-CSharp/Voodoo/Sauce/Common/Utils/UnityIosDevice.cs,ce97d94d7aa8310ef2ccc531b41cf79e
Scripts/Assembly-CSharp/Voodoo/Sauce/Common/Utils/VoodooSauceAndroidBuildTargetEnum.cs,Reference,SourceData/AssetRipper/Assets/Scripts/Assembly-CSharp/Voodoo/Sauce/Common/Utils/VoodooSauceAndroidBuildTargetEnum.cs,6fb0e38b59f54eb47a2d09c483addb71
Scripts/Assembly-CSharp/Voodoo/Sauce/Common/Font/Network/AbstractWebRequestHandler.cs,Reference,SourceData/AssetRipper/Assets/Scripts/Assembly-CSharp/Voodoo/Sauce/Common/Font/Network/AbstractWebRequestHandler.cs,5d6ba49927c48b342fd468cedc00e364
Scripts/Assembly-CSharp/Voodoo/Sauce/Common/Font/Network/AsyncOperationExtension.cs,Reference,SourceData/AssetRipper/Assets/Scripts/Assembly-CSharp/Voodoo/Sauce/Common/Font/Network/AsyncOperationExtension.cs,5656b7834a54f1a79d745ae3053731cb
Scripts/Assembly-CSharp/Voodoo/Sauce/Common/Font/Network/Header.cs,Reference,SourceData/AssetRipper/Assets/Scripts/Assembly-CSharp/Voodoo/Sauce/Common/Font/Network/Header.cs,8b95cee04bbbb709349bc0c1ee675de0
Scripts/Assembly-CSharp/Voodoo/Sauce/Common/Font/Network/IWebRequestHandler.cs,Reference,SourceData/AssetRipper/Assets/Scripts/Assembly-CSharp/Voodoo/Sauce/Common/Font/Network/IWebRequestHandler.cs,6618d74a3c1b5cd12bdd8f566964704a
Scripts/Assembly-CSharp/Voodoo/Sauce/Common/Font/Network/WebRequest.cs,Reference,SourceData/AssetRipper/Assets/Scripts/Assembly-CSharp/Voodoo/Sauce/Common/Font/Network/WebRequest.cs,048c7e99a006ca41cfa3c3bd9290a058
Scripts/Assembly-CSharp/Voodoo/Sauce/Common/Font/Network/WebRequestHandler.cs,Reference,SourceData/AssetRipper/Assets/Scripts/Assembly-CSharp/Voodoo/Sauce/Common/Font/Network/WebRequestHandler.cs,f0839714890a985ac5056037450a56a1
Scripts/Assembly-CSharp/Voodoo/Sauce/Common/Utils/Data/ScreenUtilsConfig/IosDeviceDpiMapping.cs,Reference,SourceData/AssetRipper/Assets/Scripts/Assembly-CSharp/Voodoo/Sauce/Common/Utils/Data/ScreenUtilsConfig/IosDeviceDpiMapping.cs,205cd40f91aecc49b4582e4b1e503e0a
Scripts/Assembly-CSharp/Voodoo/Sauce/Common/Utils/Data/ScreenUtilsConfig/VoodooScreenUtilsConfig.cs,Reference,SourceData/AssetRipper/Assets/Scripts/Assembly-CSharp/Voodoo/Sauce/Common/Utils/Data/ScreenUtilsConfig/VoodooScreenUtilsConfig.cs,ecfe88edb36d4122a0bab7661a80239c
Scripts/Assembly-CSharp/Voodoo/Sauce/Core/Model/EditorIdfa.cs,Reference,SourceData/AssetRipper/Assets/Scripts/Assembly-CSharp/Voodoo/Sauce/Core/Model/EditorIdfa.cs,7cb02fc6d890859d6f24b45366ce8620
Scripts/Assembly-CSharp/Voodoo/Sauce/Core/Model/SourcepointConfiguration.cs,Reference,SourceData/AssetRipper/Assets/Scripts/Assembly-CSharp/Voodoo/Sauce/Core/Model/SourcepointConfiguration.cs,7ea30ca8bf3b76f68fd56cecb2dd6c3e
Scripts/Assembly-CSharp/Voodoo/Sauce/Debugger/Widgets/DebugRowLabel.cs,Reference,SourceData/AssetRipper/Assets/Scripts/Assembly-CSharp/Voodoo/Sauce/Debugger/Widgets/DebugRowLabel.cs,90050d1c612871640a8f03986a5ce8da
Scripts/Assembly-CSharp/Voodoo/Sauce/Debugger/Widgets/DebugSeparator.cs,Reference,SourceData/AssetRipper/Assets/Scripts/Assembly-CSharp/Voodoo/Sauce/Debugger/Widgets/DebugSeparator.cs,5780529fee849e24ac89af5bdd35c621
Scripts/Assembly-CSharp/Voodoo/Sauce/Debugger/Widgets/DebugTextPair.cs,Reference,SourceData/AssetRipper/Assets/Scripts/Assembly-CSharp/Voodoo/Sauce/Debugger/Widgets/DebugTextPair.cs,a8bbd602a4148a6769040609a9752671
Scripts/Assembly-CSharp/Voodoo/Sauce/Firebase/Interfaces/ICrashlyticsProviderSDK.cs,Reference,SourceData/AssetRipper/Assets/Scripts/Assembly-CSharp/Voodoo/Sauce/Firebase/Interfaces/ICrashlyticsProviderSDK.cs,baaad83df5216e005ec74811d4ad62c9
Scripts/Assembly-CSharp/Voodoo/Sauce/Internal/Ads/AdDisplayConditions.cs,Reference,SourceData/AssetRipper/Assets/Scripts/Assembly-CSharp/Voodoo/Sauce/Internal/Ads/AdDisplayConditions.cs,ddb24bd281b06df20301f0151e62abd8
Scripts/Assembly-CSharp/Voodoo/Sauce/Internal/Ads/AdFrequencyConfiguration.cs,Reference,SourceData/AssetRipper/Assets/Scripts/Assembly-CSharp/Voodoo/Sauce/Internal/Ads/AdFrequencyConfiguration.cs,dfdc56fd16498d1f3e98ef996f71284e
Scripts/Assembly-CSharp/Voodoo/Sauce/Internal/Ads/AdjoeAdsMaxAdsPrivacy.cs,Reference,SourceData/AssetRipper/Assets/Scripts/Assembly-CSharp/Voodoo/Sauce/Internal/Ads/AdjoeAdsMaxAdsPrivacy.cs,9ed94e9e75b659792bb1d4a985d81b72
Scripts/Assembly-CSharp/Voodoo/Sauce/Internal/Ads/AdjustAnalyticsPrivacy.cs,Reference,SourceData/AssetRipper/Assets/Scripts/Assembly-CSharp/Voodoo/Sauce/Internal/Ads/AdjustAnalyticsPrivacy.cs,5f49c284abdff54c816428371b4efe12
Scripts/Assembly-CSharp/Voodoo/Sauce/Internal/Ads/AdLoadingState.cs,Reference,SourceData/AssetRipper/Assets/Scripts/Assembly-CSharp/Voodoo/Sauce/Internal/Ads/AdLoadingState.cs,5a46b76d930f4aa4fac563cc190617ae
Scripts/Assembly-CSharp/Voodoo/Sauce/Internal/Ads/AdnMaxAdsPrivacy.cs,Reference,SourceData/AssetRipper/Assets/Scripts/Assembly-CSharp/Voodoo/Sauce/Internal/Ads/AdnMaxAdsPrivacy.cs,0eaccf191d2c98a60c358a85049f647e
Scripts/Assembly-CSharp/Voodoo/Sauce/Internal/Ads/AdsConstants.cs,Reference,SourceData/AssetRipper/Assets/Scripts/Assembly-CSharp/Voodoo/Sauce/Internal/Ads/AdsConstants.cs,f5d334fc412c14bb086278fd68e321a2
Scripts/Assembly-CSharp/Voodoo/Sauce/Internal/Ads/AdsKeys.cs,Reference,SourceData/AssetRipper/Assets/Scripts/Assembly-CSharp/Voodoo/Sauce/Internal/Ads/AdsKeys.cs,e5ebf822637199975e9a7b5a6017d9c5
Scripts/Assembly-CSharp/Voodoo/Sauce/Internal/Ads/AdsManager.cs,Reference,SourceData/AssetRipper/Assets/Scripts/Assembly-CSharp/Voodoo/Sauce/Internal/Ads/AdsManager.cs,f6497764736a3dae35f6c6c7df7e0966
Scripts/Assembly-CSharp/Voodoo/Sauce/Internal/Ads/AdTimer.cs,Reference,SourceData/AssetRipper/Assets/Scripts/Assembly-CSharp/Voodoo/Sauce/Internal/Ads/AdTimer.cs,f0babc58b35739341bb7167c61510370
Scripts/Assembly-CSharp/Voodoo/Sauce/Internal/Ads/AdTimers.cs,Reference,SourceData/AssetRipper/Assets/Scripts/Assembly-CSharp/Voodoo/Sauce/Internal/Ads/AdTimers.cs,7279908830e66d10499bbe00d9cc4c7a
Scripts/Assembly-CSharp/Voodoo/Sauce/Internal/Ads/AdUnits.cs,Reference,SourceData/AssetRipper/Assets/Scripts/Assembly-CSharp/Voodoo/Sauce/Internal/Ads/AdUnits.cs,fb56bc4bf30ba49513b07925d3b3d896
Scripts/Assembly-CSharp/Voodoo/Sauce/Internal/Ads/AdUnitsManager.cs,Reference,SourceData/AssetRipper/Assets/Scripts/Assembly-CSharp/Voodoo/Sauce/Internal/Ads/AdUnitsManager.cs,b37fcfe196c183b773b5e5e1fa49464b
Scripts/Assembly-CSharp/Voodoo/Sauce/Internal/Ads/AdUnitsRemoteConfigs.cs,Reference,SourceData/AssetRipper/Assets/Scripts/Assembly-CSharp/Voodoo/Sauce/Internal/Ads/AdUnitsRemoteConfigs.cs,c534b125b9dc8810614ea6081adf1fd9
Scripts/Assembly-CSharp/Voodoo/Sauce/Internal/Ads/AdUnitType.cs,Reference,SourceData/AssetRipper/Assets/Scripts/Assembly-CSharp/Voodoo/Sauce/Internal/Ads/AdUnitType.cs,fc82da146efbc6b4f94eb8d19cb3e878
Scripts/Assembly-CSharp/Voodoo/Sauce/Internal/Ads/AmazonConfig.cs,Reference,SourceData/AssetRipper/Assets/Scripts/Assembly-CSharp/Voodoo/Sauce/Internal/Ads/AmazonConfig.cs,4a7afb7b5be3201f0c86769759bdbfce
Scripts/Assembly-CSharp/Voodoo/Sauce/Internal/Ads/AmazonKey.cs,Reference,SourceData/AssetRipper/Assets/Scripts/Assembly-CSharp/Voodoo/Sauce/Internal/Ads/AmazonKey.cs,12a15d8eb67a53963ce77254e682b1e9
Scripts/Assembly-CSharp/Voodoo/Sauce/Internal/Ads/AmazonWrapper.cs,Reference,SourceData/AssetRipper/Assets/Scripts/Assembly-CSharp/Voodoo/Sauce/Internal/Ads/AmazonWrapper.cs,e950665f0f0f2261987cd9de05d35443
Scripts/Assembly-CSharp/Voodoo/Sauce/Internal/Ads/AppLovinPrivacy.cs,Reference,SourceData/AssetRipper/Assets/Scripts/Assembly-CSharp/Voodoo/Sauce/Internal/Ads/AppLovinPrivacy.cs,5c7b67ea37e9498feb27d5865908834d
Scripts/Assembly-CSharp/Voodoo/Sauce/Internal/Ads/AppOpen.cs,Reference,SourceData/AssetRipper/Assets/Scripts/Assembly-CSharp/Voodoo/Sauce/Internal/Ads/AppOpen.cs,89de6a08bd9a01a7644b46bf84089b73
Scripts/Assembly-CSharp/Voodoo/Sauce/Internal/Ads/AppOpenAdConfig.cs,Reference,SourceData/AssetRipper/Assets/Scripts/Assembly-CSharp/Voodoo/Sauce/Internal/Ads/AppOpenAdConfig.cs,dc9b8f0928d8ad3bd0174ff1a7169768
Scripts/Assembly-CSharp/Voodoo/Sauce/Internal/Ads/AudioAdConfig.cs,Reference,SourceData/AssetRipper/Assets/Scripts/Assembly-CSharp/Voodoo/Sauce/Internal/Ads/AudioAdConfig.cs,6d9ade6e7bbc1c0a9339d748ac9e2de4
Scripts/Assembly-CSharp/Voodoo/Sauce/Internal/Ads/AudioAdPosition.cs,Reference,SourceData/AssetRipper/Assets/Scripts/Assembly-CSharp/Voodoo/Sauce/Internal/Ads/AudioAdPosition.cs,b121777ad6ca6bb428504b9d7956a558
Scripts/Assembly-CSharp/Voodoo/Sauce/Internal/Ads/AudioAdPositionBehaviour.cs,Reference,SourceData/AssetRipper/Assets/Scripts/Assembly-CSharp/Voodoo/Sauce/Internal/Ads/AudioAdPositionBehaviour.cs,395fc59c51d488280d83e701d2df1324
Scripts/Assembly-CSharp/Voodoo/Sauce/Internal/Ads/AudioAdsGracePeriod.cs,Reference,SourceData/AssetRipper/Assets/Scripts/Assembly-CSharp/Voodoo/Sauce/Internal/Ads/AudioAdsGracePeriod.cs,855b4b28092a2b47c7f88bf0a8caddc1
Scripts/Assembly-CSharp/Voodoo/Sauce/Internal/Ads/AudioAdsGracePeriodRunner.cs,Reference,SourceData/AssetRipper/Assets/Scripts/Assembly-CSharp/Voodoo/Sauce/Internal/Ads/AudioAdsGracePeriodRunner.cs,5e71b6d2707bbcdf9ea863213fca4aeb
Scripts/Assembly-CSharp/Voodoo/Sauce/Internal/Ads/AudioAdsGracePeriodTime.cs,Reference,SourceData/AssetRipper/Assets/Scripts/Assembly-CSharp/Voodoo/Sauce/Internal/Ads/AudioAdsGracePeriodTime.cs,841fd0a7f53f2e6306d52298d9708904
Scripts/Assembly-CSharp/Voodoo/Sauce/Internal/Ads/AudioAdsLog.cs,Reference,SourceData/AssetRipper/Assets/Scripts/Assembly-CSharp/Voodoo/Sauce/Internal/Ads/AudioAdsLog.cs,0c8cc9e97ed4714a293a037d23ed81b8
Scripts/Assembly-CSharp/Voodoo/Sauce/Internal/Ads/AudioAdsManager.cs,Reference,SourceData/AssetRipper/Assets/Scripts/Assembly-CSharp/Voodoo/Sauce/Internal/Ads/AudioAdsManager.cs,a41dfd644d28d9f7ca4994fdeecda791
Scripts/Assembly-CSharp/Voodoo/Sauce/Internal/Ads/AudioAdsPopup.cs,Reference,SourceData/AssetRipper/Assets/Scripts/Assembly-CSharp/Voodoo/Sauce/Internal/Ads/AudioAdsPopup.cs,aad220e8da67d614f56c252066c1531c
Scripts/Assembly-CSharp/Voodoo/Sauce/Internal/Ads/AudioAdsPopupLocalisation.cs,Reference,SourceData/AssetRipper/Assets/Scripts/Assembly-CSharp/Voodoo/Sauce/Internal/Ads/AudioAdsPopupLocalisation.cs,144f86aa71cd1a6c491dc8593070de92
Scripts/Assembly-CSharp/Voodoo/Sauce/Internal/Ads/AudioAdsPopupTrigger.cs,Reference,SourceData/AssetRipper/Assets/Scripts/Assembly-CSharp/Voodoo/Sauce/Internal/Ads/AudioAdsPopupTrigger.cs,ea3b1620a7aa4b727a6c5d6896d2d49b
Scripts/Assembly-CSharp/Voodoo/Sauce/Internal/Ads/AudioAdsPopupTriggerLogic.cs,Reference,SourceData/AssetRipper/Assets/Scripts/Assembly-CSharp/Voodoo/Sauce/Internal/Ads/AudioAdsPopupTriggerLogic.cs,d1b1c25311301d7ac6a56ea1690dbc2c
Scripts/Assembly-CSharp/Voodoo/Sauce/Internal/Ads/AudioAdState.cs,Reference,SourceData/AssetRipper/Assets/Scripts/Assembly-CSharp/Voodoo/Sauce/Internal/Ads/AudioAdState.cs,f824821167e42844db170c7e09aa6d4f
Scripts/Assembly-CSharp/Voodoo/Sauce/Internal/Ads/AudioMobAdsNetwork.cs,Reference,SourceData/AssetRipper/Assets/Scripts/Assembly-CSharp/Voodoo/Sauce/Internal/Ads/AudioMobAdsNetwork.cs,8c54003c31b744a12adb9c9ed54bda3b
Scripts/Assembly-CSharp/Voodoo/Sauce/Internal/Ads/AudioMobAudioAdsSDK.cs,Reference,SourceData/AssetRipper/Assets/Scripts/Assembly-CSharp/Voodoo/Sauce/Internal/Ads/AudioMobAudioAdsSDK.cs,d9770e1992eae35ef64aa51603bba67e
Scripts/Assembly-CSharp/Voodoo/Sauce/Internal/Ads/AudioMobCanvas.cs,Reference,SourceData/AssetRipper/Assets/Scripts/Assembly-CSharp/Voodoo/Sauce/Internal/Ads/AudioMobCanvas.cs,649e33f936f90dda37a53735a477dfcf
Scripts/Assembly-CSharp/Voodoo/Sauce/Internal/Ads/AudioMobConfig.cs,Reference,SourceData/AssetRipper/Assets/Scripts/Assembly-CSharp/Voodoo/Sauce/Internal/Ads/AudioMobConfig.cs,34800816847ecec1580ea459b2075586
Scripts/Assembly-CSharp/Voodoo/Sauce/Internal/Ads/AudioMobPrivacy.cs,Reference,SourceData/AssetRipper/Assets/Scripts/Assembly-CSharp/Voodoo/Sauce/Internal/Ads/AudioMobPrivacy.cs,4afdadc64e0bb44c4e32ccf117d550f1
Scripts/Assembly-CSharp/Voodoo/Sauce/Internal/Ads/Banner.cs,Reference,SourceData/AssetRipper/Assets/Scripts/Assembly-CSharp/Voodoo/Sauce/Internal/Ads/Banner.cs,b03417421d6f0bf6a2826454de7cfaa1
Scripts/Assembly-CSharp/Voodoo/Sauce/Internal/Ads/BannerBackground.cs,Reference,SourceData/AssetRipper/Assets/Scripts/Assembly-CSharp/Voodoo/Sauce/Internal/Ads/BannerBackground.cs,ed6c14f9a1cf625a3b963296da0f85da
Scripts/Assembly-CSharp/Voodoo/Sauce/Internal/Ads/BannerConfiguration.cs,Reference,SourceData/AssetRipper/Assets/Scripts/Assembly-CSharp/Voodoo/Sauce/Internal/Ads/BannerConfiguration.cs,96f5843eaf7bf66c99bf1e75d9130ab0
Scripts/Assembly-CSharp/Voodoo/Sauce/Internal/Ads/BannerPopupLocalisation.cs,Reference,SourceData/AssetRipper/Assets/Scripts/Assembly-CSharp/Voodoo/Sauce/Internal/Ads/BannerPopupLocalisation.cs,380df503ff8429af338273d34834679d
Scripts/Assembly-CSharp/Voodoo/Sauce/Internal/Ads/BaseAd.cs,Reference,SourceData/AssetRipper/Assets/Scripts/Assembly-CSharp/Voodoo/Sauce/Internal/Ads/BaseAd.cs,c002bc25d5a5a4eec92081e4766400c7
Scripts/Assembly-CSharp/Voodoo/Sauce/Internal/Ads/BidMachineMaxAdsPrivacy.cs,Reference,SourceData/AssetRipper/Assets/Scripts/Assembly-CSharp/Voodoo/Sauce/Internal/Ads/BidMachineMaxAdsPrivacy.cs,babbbb33bd3730bcf63762f37c13895f
Scripts/Assembly-CSharp/Voodoo/Sauce/Internal/Ads/BigoAdsMaxAdsPrivacy.cs,Reference,SourceData/AssetRipper/Assets/Scripts/Assembly-CSharp/Voodoo/Sauce/Internal/Ads/BigoAdsMaxAdsPrivacy.cs,8ac39d05bb392438e74cc497c3f9ae11
Scripts/Assembly-CSharp/Voodoo/Sauce/Internal/Ads/ByteDanceMaxAdsPrivacy.cs,Reference,SourceData/AssetRipper/Assets/Scripts/Assembly-CSharp/Voodoo/Sauce/Internal/Ads/ByteDanceMaxAdsPrivacy.cs,22759df3ebebdaeb18774cb9afbb1f21
Scripts/Assembly-CSharp/Voodoo/Sauce/Internal/Ads/CompositeAudioAdsNetwork.cs,Reference,SourceData/AssetRipper/Assets/Scripts/Assembly-CSharp/Voodoo/Sauce/Internal/Ads/CompositeAudioAdsNetwork.cs,c8db321ac0be51cf19cb4614639289fc
Scripts/Assembly-CSharp/Voodoo/Sauce/Internal/Ads/Extensions.cs,Reference,SourceData/AssetRipper/Assets/Scripts/Assembly-CSharp/Voodoo/Sauce/Internal/Ads/Extensions.cs,4cd4b103eac004eed920e5998b415d9f
Scripts/Assembly-CSharp/Voodoo/Sauce/Internal/Ads/FacebookMaxAdNetwork.cs,Reference,SourceData/AssetRipper/Assets/Scripts/Assembly-CSharp/Voodoo/Sauce/Internal/Ads/FacebookMaxAdNetwork.cs,62c5b92947f456a76f38ae5fae06518b
Scripts/Assembly-CSharp/Voodoo/Sauce/Internal/Ads/FacebookMaxAdsPrivacy.cs,Reference,SourceData/AssetRipper/Assets/Scripts/Assembly-CSharp/Voodoo/Sauce/Internal/Ads/FacebookMaxAdsPrivacy.cs,64bccf0cbe6e4399031e8f659195d573
Scripts/Assembly-CSharp/Voodoo/Sauce/Internal/Ads/FyberMaxAdsPrivacy.cs,Reference,SourceData/AssetRipper/Assets/Scripts/Assembly-CSharp/Voodoo/Sauce/Internal/Ads/FyberMaxAdsPrivacy.cs,835dd36ee2090efa9124dde90fe14b93
Scripts/Assembly-CSharp/Voodoo/Sauce/Internal/Ads/GoogleAdManagerMaxAdsPrivacy.cs,Reference,SourceData/AssetRipper/Assets/Scripts/Assembly-CSharp/Voodoo/Sauce/Internal/Ads/GoogleAdManagerMaxAdsPrivacy.cs,32f65dec330e570112f7c4466684467a
Scripts/Assembly-CSharp/Voodoo/Sauce/Internal/Ads/GoogleMaxAdsPrivacy.cs,Reference,SourceData/AssetRipper/Assets/Scripts/Assembly-CSharp/Voodoo/Sauce/Internal/Ads/GoogleMaxAdsPrivacy.cs,a5509e0bfe13bc1d3447c99f2b061172
Scripts/Assembly-CSharp/Voodoo/Sauce/Internal/Ads/IAudioAdPositionBehaviour.cs,Reference,SourceData/AssetRipper/Assets/Scripts/Assembly-CSharp/Voodoo/Sauce/Internal/Ads/IAudioAdPositionBehaviour.cs,05b7702a8fc8eaf8a4901f4071d8d19e
Scripts/Assembly-CSharp/Voodoo/Sauce/Internal/Ads/IAudioAdsNetwork.cs,Reference,SourceData/AssetRipper/Assets/Scripts/Assembly-CSharp/Voodoo/Sauce/Internal/Ads/IAudioAdsNetwork.cs,cb05433c6ab998927d3e3dcc9fa29012
Scripts/Assembly-CSharp/Voodoo/Sauce/Internal/Ads/IAudioAdsTime.cs,Reference,SourceData/AssetRipper/Assets/Scripts/Assembly-CSharp/Voodoo/Sauce/Internal/Ads/IAudioAdsTime.cs,1dd6940d5cfdda91c4b7d077e7868c4e
Scripts/Assembly-CSharp/Voodoo/Sauce/Internal/Ads/IMediationAdapter.cs,Reference,SourceData/AssetRipper/Assets/Scripts/Assembly-CSharp/Voodoo/Sauce/Internal/Ads/IMediationAdapter.cs,a9d200acf786f283313e3554d4c170b8
Scripts/Assembly-CSharp/Voodoo/Sauce/Internal/Ads/IMediationAdapterSDK.cs,Reference,SourceData/AssetRipper/Assets/Scripts/Assembly-CSharp/Voodoo/Sauce/Internal/Ads/IMediationAdapterSDK.cs,f0581b9ffd96792d3663509a42fd2823
Scripts/Assembly-CSharp/Voodoo/Sauce/Internal/Ads/InMobiMaxAdsPrivacy.cs,Reference,SourceData/AssetRipper/Assets/Scripts/Assembly-CSharp/Voodoo/Sauce/Internal/Ads/InMobiMaxAdsPrivacy.cs,42cd1031974f8b859cbb98e3ebf9d0fe
Scripts/Assembly-CSharp/Voodoo/Sauce/Internal/Ads/Interstitial.cs,Reference,SourceData/AssetRipper/Assets/Scripts/Assembly-CSharp/Voodoo/Sauce/Internal/Ads/Interstitial.cs,3c760d6bff7106ba746da426dcf43217
Scripts/Assembly-CSharp/Voodoo/Sauce/Internal/Ads/IronSourceMaxAdsPrivacy.cs,Reference,SourceData/AssetRipper/Assets/Scripts/Assembly-CSharp/Voodoo/Sauce/Internal/Ads/IronSourceMaxAdsPrivacy.cs,c92d3b6a58424302a83f1d0d0b4b9a9e
Scripts/Assembly-CSharp/Voodoo/Sauce/Internal/Ads/LineMaxAdsPrivacy.cs,Reference,SourceData/AssetRipper/Assets/Scripts/Assembly-CSharp/Voodoo/Sauce/Internal/Ads/LineMaxAdsPrivacy.cs,39fb0d04ae911898458b1c4507084c97
Scripts/Assembly-CSharp/Voodoo/Sauce/Internal/Ads/MaxNativeAdsSdk.cs,Reference,SourceData/AssetRipper/Assets/Scripts/Assembly-CSharp/Voodoo/Sauce/Internal/Ads/MaxNativeAdsSdk.cs,0ce0a857e676394bc99deabc94afda4b
Scripts/Assembly-CSharp/Voodoo/Sauce/Internal/Ads/MaxNativeAdsSdkAndroid.cs,Reference,SourceData/AssetRipper/Assets/Scripts/Assembly-CSharp/Voodoo/Sauce/Internal/Ads/MaxNativeAdsSdkAndroid.cs,b75a02a9e50d9bb5fd50ac0e9a718776
Scripts/Assembly-CSharp/Voodoo/Sauce/Internal/Ads/MaxNativeAdsSdkCallbacks.cs,Reference,SourceData/AssetRipper/Assets/Scripts/Assembly-CSharp/Voodoo/Sauce/Internal/Ads/MaxNativeAdsSdkCallbacks.cs,062cc143e48dc861f9d86fd6c32bbe90
Scripts/Assembly-CSharp/Voodoo/Sauce/Internal/Ads/MaxNativeAdsSdkiOS.cs,Reference,SourceData/AssetRipper/Assets/Scripts/Assembly-CSharp/Voodoo/Sauce/Internal/Ads/MaxNativeAdsSdkiOS.cs,3fd2fe4068606caf20bad03c46f7b67a
Scripts/Assembly-CSharp/Voodoo/Sauce/Internal/Ads/MaxNativeAdsSdkUnityEditor.cs,Reference,SourceData/AssetRipper/Assets/Scripts/Assembly-CSharp/Voodoo/Sauce/Internal/Ads/MaxNativeAdsSdkUnityEditor.cs,0474f7d90c9861f946738c4958567951
Scripts/Assembly-CSharp/Voodoo/Sauce/Internal/Ads/MediationAdapterSelector.cs,Reference,SourceData/AssetRipper/Assets/Scripts/Assembly-CSharp/Voodoo/Sauce/Internal/Ads/MediationAdapterSelector.cs,264a591e5c95c2ef29c1bc8a023ea734
Scripts/Assembly-CSharp/Voodoo/Sauce/Internal/Ads/MediationType.cs,Reference,SourceData/AssetRipper/Assets/Scripts/Assembly-CSharp/Voodoo/Sauce/Internal/Ads/MediationType.cs,cdee2a4e59b3ca74eabdd9db71783eb7
Scripts/Assembly-CSharp/Voodoo/Sauce/Internal/Ads/MediationUserIdManager.cs,Reference,SourceData/AssetRipper/Assets/Scripts/Assembly-CSharp/Voodoo/Sauce/Internal/Ads/MediationUserIdManager.cs,73904583160a938cd3bfcad1b16ca46b
Scripts/Assembly-CSharp/Voodoo/Sauce/Internal/Ads/MintegralMaxAdsPrivacy.cs,Reference,SourceData/AssetRipper/Assets/Scripts/Assembly-CSharp/Voodoo/Sauce/Internal/Ads/MintegralMaxAdsPrivacy.cs,03bd230666fe34099cfe9ad0ef8a7edb
Scripts/Assembly-CSharp/Voodoo/Sauce/Internal/Ads/Mrec.cs,Reference,SourceData/AssetRipper/Assets/Scripts/Assembly-CSharp/Voodoo/Sauce/Internal/Ads/Mrec.cs,76450a1f4c61323706c7e55d7023e030
Scripts/Assembly-CSharp/Voodoo/Sauce/Internal/Ads/MrecInactivityScreenAdsConfig.cs,Reference,SourceData/AssetRipper/Assets/Scripts/Assembly-CSharp/Voodoo/Sauce/Internal/Ads/MrecInactivityScreenAdsConfig.cs,a61b30cca64bb2d807f3c6b674a53ef0
Scripts/Assembly-CSharp/Voodoo/Sauce/Internal/Ads/MutedAds.cs,Reference,SourceData/AssetRipper/Assets/Scripts/Assembly-CSharp/Voodoo/Sauce/Internal/Ads/MutedAds.cs,780690bc390b2fb78208ca6fe2805f35
Scripts/Assembly-CSharp/Voodoo/Sauce/Internal/Ads/NativeAds.cs,Reference,SourceData/AssetRipper/Assets/Scripts/Assembly-CSharp/Voodoo/Sauce/Internal/Ads/NativeAds.cs,51a0b718f1a8f984667afc9a4f6b14d6
Scripts/Assembly-CSharp/Voodoo/Sauce/Internal/Ads/PubmaticMaxAdsPrivacy.cs,Reference,SourceData/AssetRipper/Assets/Scripts/Assembly-CSharp/Voodoo/Sauce/Internal/Ads/PubmaticMaxAdsPrivacy.cs,96dddc7f49acb5d6bff93ec553c0465e
Scripts/Assembly-CSharp/Voodoo/Sauce/Internal/Ads/RewardedInterstitialManager.cs,Reference,SourceData/AssetRipper/Assets/Scripts/Assembly-CSharp/Voodoo/Sauce/Internal/Ads/RewardedInterstitialManager.cs,19236e0080c7e2239921546d0a4663ff
Scripts/Assembly-CSharp/Voodoo/Sauce/Internal/Ads/RewardedInterstitialVideo.cs,Reference,SourceData/AssetRipper/Assets/Scripts/Assembly-CSharp/Voodoo/Sauce/Internal/Ads/RewardedInterstitialVideo.cs,f51c0d90584c939c6418fc8e3f1e1308
Scripts/Assembly-CSharp/Voodoo/Sauce/Internal/Ads/RewardedReplaceState.cs,Reference,SourceData/AssetRipper/Assets/Scripts/Assembly-CSharp/Voodoo/Sauce/Internal/Ads/RewardedReplaceState.cs,94da3e035104d41478af0d04afdcb850
Scripts/Assembly-CSharp/Voodoo/Sauce/Internal/Ads/RewardedVideo.cs,Reference,SourceData/AssetRipper/Assets/Scripts/Assembly-CSharp/Voodoo/Sauce/Internal/Ads/RewardedVideo.cs,7e3020dfaaa3c6d6c3c6cac2e7451f76
Scripts/Assembly-CSharp/Voodoo/Sauce/Internal/Ads/UnityAdsMaxAdsPrivacy.cs,Reference,SourceData/AssetRipper/Assets/Scripts/Assembly-CSharp/Voodoo/Sauce/Internal/Ads/UnityAdsMaxAdsPrivacy.cs,abb816994fd114e84ebf49eedc29e347
Scripts/Assembly-CSharp/Voodoo/Sauce/Internal/Ads/VerveMaxAdsPrivacy.cs,Reference,SourceData/AssetRipper/Assets/Scripts/Assembly-CSharp/Voodoo/Sauce/Internal/Ads/VerveMaxAdsPrivacy.cs,cb3d01f19f9b33606b271c0fd31dcbe6
Scripts/Assembly-CSharp/Voodoo/Sauce/Internal/Ads/VoodooAdInfo.cs,Reference,SourceData/AssetRipper/Assets/Scripts/Assembly-CSharp/Voodoo/Sauce/Internal/Ads/VoodooAdInfo.cs,50e9c05eca984e2d642dd85d30205b7b
Scripts/Assembly-CSharp/Voodoo/Sauce/Internal/Ads/VoodooErrorAdInfo.cs,Reference,SourceData/AssetRipper/Assets/Scripts/Assembly-CSharp/Voodoo/Sauce/Internal/Ads/VoodooErrorAdInfo.cs,5e28bff2aa10dbd65de5cc4ce357c51c
Scripts/Assembly-CSharp/Voodoo/Sauce/Internal/Ads/VoodooPremium.cs,Reference,SourceData/AssetRipper/Assets/Scripts/Assembly-CSharp/Voodoo/Sauce/Internal/Ads/VoodooPremium.cs,b52b64b86f9261f64d01b6c97a484f49
Scripts/Assembly-CSharp/Voodoo/Sauce/Internal/Ads/VungleMaxAdsPrivacy.cs,Reference,SourceData/AssetRipper/Assets/Scripts/Assembly-CSharp/Voodoo/Sauce/Internal/Ads/VungleMaxAdsPrivacy.cs,9ee3653406644013c9a25572ee213b13
Scripts/Assembly-CSharp/Voodoo/Sauce/Internal/Analytics/AdAnalyticsInfo.cs,Reference,SourceData/AssetRipper/Assets/Scripts/Assembly-CSharp/Voodoo/Sauce/Internal/Analytics/AdAnalyticsInfo.cs,3321256ff3930444ab2ea2e01d36b90c
Scripts/Assembly-CSharp/Voodoo/Sauce/Internal/Analytics/AdClickEventAnalyticsInfo.cs,Reference,SourceData/AssetRipper/Assets/Scripts/Assembly-CSharp/Voodoo/Sauce/Internal/Analytics/AdClickEventAnalyticsInfo.cs,5b8c784982360d04c851763566e1e87d
Scripts/Assembly-CSharp/Voodoo/Sauce/Internal/Analytics/AdClosedEventAnalyticsInfo.cs,Reference,SourceData/AssetRipper/Assets/Scripts/Assembly-CSharp/Voodoo/Sauce/Internal/Analytics/AdClosedEventAnalyticsInfo.cs,3017a6086446cab43a3126f21253fdbf
Scripts/Assembly-CSharp/Voodoo/Sauce/Internal/Analytics/AdDataPassingAnalyticsInfo.cs,Reference,SourceData/AssetRipper/Assets/Scripts/Assembly-CSharp/Voodoo/Sauce/Internal/Analytics/AdDataPassingAnalyticsInfo.cs,28fa1195a34f9ed59a32907082be9b5b
Scripts/Assembly-CSharp/Voodoo/Sauce/Internal/Analytics/AdEventAnalyticsInfo.cs,Reference,SourceData/AssetRipper/Assets/Scripts/Assembly-CSharp/Voodoo/Sauce/Internal/Analytics/AdEventAnalyticsInfo.cs,308ffbec614a1abb15876be69a4ca8ee
Scripts/Assembly-CSharp/Voodoo/Sauce/Internal/Analytics/AdIncidentAnalyticsInfo.cs,Reference,SourceData/AssetRipper/Assets/Scripts/Assembly-CSharp/Voodoo/Sauce/Internal/Analytics/AdIncidentAnalyticsInfo.cs,1445a4b5f17476b5067978da30d2f123
Scripts/Assembly-CSharp/Voodoo/Sauce/Internal/Analytics/AdjustAnalyticsEvent.cs,Reference,SourceData/AssetRipper/Assets/Scripts/Assembly-CSharp/Voodoo/Sauce/Internal/Analytics/AdjustAnalyticsEvent.cs,b9d6ccc26f945531033b8c6de7fbfbed
Scripts/Assembly-CSharp/Voodoo/Sauce/Internal/Analytics/AdjustAnalyticsProvider.cs,Reference,SourceData/AssetRipper/Assets/Scripts/Assembly-CSharp/Voodoo/Sauce/Internal/Analytics/AdjustAnalyticsProvider.cs,5f956e35d1bc952aa275b6e0ceb11d36
Scripts/Assembly-CSharp/Voodoo/Sauce/Internal/Analytics/AdjustAnalyticsProviderSDK.cs,Reference,SourceData/AssetRipper/Assets/Scripts/Assembly-CSharp/Voodoo/Sauce/Internal/Analytics/AdjustAnalyticsProviderSDK.cs,f5d98ea136df47e3e26d0eea48515335
Scripts/Assembly-CSharp/Voodoo/Sauce/Internal/Analytics/AdjustConstants.cs,Reference,SourceData/AssetRipper/Assets/Scripts/Assembly-CSharp/Voodoo/Sauce/Internal/Analytics/AdjustConstants.cs,12ad789f95803338593dacc68e583471
Scripts/Assembly-CSharp/Voodoo/Sauce/Internal/Analytics/AdjustParameters.cs,Reference,SourceData/AssetRipper/Assets/Scripts/Assembly-CSharp/Voodoo/Sauce/Internal/Analytics/AdjustParameters.cs,b92e054796b62237ffa08bd79212ebc4
Scripts/Assembly-CSharp/Voodoo/Sauce/Internal/Analytics/AdjustWrapper.cs,Reference,SourceData/AssetRipper/Assets/Scripts/Assembly-CSharp/Voodoo/Sauce/Internal/Analytics/AdjustWrapper.cs,ecef505202bc78ae3f0e3342d7bdc2cf
Scripts/Assembly-CSharp/Voodoo/Sauce/Internal/Analytics/AdLoadedAnalyticsInfo.cs,Reference,SourceData/AssetRipper/Assets/Scripts/Assembly-CSharp/Voodoo/Sauce/Internal/Analytics/AdLoadedAnalyticsInfo.cs,61dbc7b4cf7726b42b3dc7cb651b5f34
Scripts/Assembly-CSharp/Voodoo/Sauce/Internal/Analytics/AdLoadedEventAnalyticsInfo.cs,Reference,SourceData/AssetRipper/Assets/Scripts/Assembly-CSharp/Voodoo/Sauce/Internal/Analytics/AdLoadedEventAnalyticsInfo.cs,6edce3cca6254ef4c9abcdff7376c9fd
Scripts/Assembly-CSharp/Voodoo/Sauce/Internal/Analytics/AdReviewAnalyticsInfo.cs,Reference,SourceData/AssetRipper/Assets/Scripts/Assembly-CSharp/Voodoo/Sauce/Internal/Analytics/AdReviewAnalyticsInfo.cs,275ba774f32c5c640aeb0da9c19f0088
Scripts/Assembly-CSharp/Voodoo/Sauce/Internal/Analytics/AdShowFailedEventAnalyticsInfo.cs,Reference,SourceData/AssetRipper/Assets/Scripts/Assembly-CSharp/Voodoo/Sauce/Internal/Analytics/AdShowFailedEventAnalyticsInfo.cs,647fa10a5f88ff0429c7c4e7fb5efdcf
Scripts/Assembly-CSharp/Voodoo/Sauce/Internal/Analytics/AdShownEventAnalyticsInfo.cs,Reference,SourceData/AssetRipper/Assets/Scripts/Assembly-CSharp/Voodoo/Sauce/Internal/Analytics/AdShownEventAnalyticsInfo.cs,8bc28346ccb018f4f8a49b61d01fa1a9
Scripts/Assembly-CSharp/Voodoo/Sauce/Internal/Analytics/AdTriggeredEventAnalyticsInfo.cs,Reference,SourceData/AssetRipper/Assets/Scripts/Assembly-CSharp/Voodoo/Sauce/Internal/Analytics/AdTriggeredEventAnalyticsInfo.cs,d7b9b084034b0d84d9d0b4edb57b0efb
Scripts/Assembly-CSharp/Voodoo/Sauce/Internal/Analytics/AnalyticsConfig.cs,Reference,SourceData/AssetRipper/Assets/Scripts/Assembly-CSharp/Voodoo/Sauce/Internal/Analytics/AnalyticsConfig.cs,652207199ed51289e5c05dc2ff4ab2b1
Scripts/Assembly-CSharp/Voodoo/Sauce/Internal/Analytics/AnalyticsEventLogger.cs,Reference,SourceData/AssetRipper/Assets/Scripts/Assembly-CSharp/Voodoo/Sauce/Internal/Analytics/AnalyticsEventLogger.cs,93ca0264f57190aa8fccc2b57c4e9d82
Scripts/Assembly-CSharp/Voodoo/Sauce/Internal/Analytics/AnalyticsEventLoggerConstant.cs,Reference,SourceData/AssetRipper/Assets/Scripts/Assembly-CSharp/Voodoo/Sauce/Internal/Analytics/AnalyticsEventLoggerConstant.cs,a54bc9b4c7dbf2641800cd8c58b2d189
Scripts/Assembly-CSharp/Voodoo/Sauce/Internal/Analytics/AnalyticsEventTimer.cs,Reference,SourceData/AssetRipper/Assets/Scripts/Assembly-CSharp/Voodoo/Sauce/Internal/Analytics/AnalyticsEventTimer.cs,921137805e1dc50c86a889c6734ba165
Scripts/Assembly-CSharp/Voodoo/Sauce/Internal/Analytics/AnalyticsManager.cs,Reference,SourceData/AssetRipper/Assets/Scripts/Assembly-CSharp/Voodoo/Sauce/Internal/Analytics/AnalyticsManager.cs,112138dcbcdf8db47b79052ca0a5c0db
Scripts/Assembly-CSharp/Voodoo/Sauce/Internal/Analytics/AnalyticsProviderInfo.cs,Reference,SourceData/AssetRipper/Assets/Scripts/Assembly-CSharp/Voodoo/Sauce/Internal/Analytics/AnalyticsProviderInfo.cs,f48d75698d5e4094197eec740a4f6da3
Scripts/Assembly-CSharp/Voodoo/Sauce/Internal/Analytics/AnalyticsSessionManager.cs,Reference,SourceData/AssetRipper/Assets/Scripts/Assembly-CSharp/Voodoo/Sauce/Internal/Analytics/AnalyticsSessionManager.cs,34221bf681bc4c29e3e1fc3a26b4e1ea
Scripts/Assembly-CSharp/Voodoo/Sauce/Internal/Analytics/AnalyticsSettings.cs,Reference,SourceData/AssetRipper/Assets/Scripts/Assembly-CSharp/Voodoo/Sauce/Internal/Analytics/AnalyticsSettings.cs,c46d06cbe404109758a196188cd0ffd2
Scripts/Assembly-CSharp/Voodoo/Sauce/Internal/Analytics/AnalyticsStorageHelper.cs,Reference,SourceData/AssetRipper/Assets/Scripts/Assembly-CSharp/Voodoo/Sauce/Internal/Analytics/AnalyticsStorageHelper.cs,105ecb45682c60f5ddcf3fcd0e3ef027
Scripts/Assembly-CSharp/Voodoo/Sauce/Internal/Analytics/AnalyticsUserIdHelper.cs,Reference,SourceData/AssetRipper/Assets/Scripts/Assembly-CSharp/Voodoo/Sauce/Internal/Analytics/AnalyticsUserIdHelper.cs,500d01d1cdbfb06410f5568a1087d6c0
Scripts/Assembly-CSharp/Voodoo/Sauce/Internal/Analytics/AttributionAnalyticsInfo.cs,Reference,SourceData/AssetRipper/Assets/Scripts/Assembly-CSharp/Voodoo/Sauce/Internal/Analytics/AttributionAnalyticsInfo.cs,cfe0a8e9ebb5b26a02c9c328f9e8155e
Scripts/Assembly-CSharp/Voodoo/Sauce/Internal/Analytics/AttributionData.cs,Reference,SourceData/AssetRipper/Assets/Scripts/Assembly-CSharp/Voodoo/Sauce/Internal/Analytics/AttributionData.cs,e265b42f45f23fa4783712331c267310
Scripts/Assembly-CSharp/Voodoo/Sauce/Internal/Analytics/AudioAdAnalyticsInfo.cs,Reference,SourceData/AssetRipper/Assets/Scripts/Assembly-CSharp/Voodoo/Sauce/Internal/Analytics/AudioAdAnalyticsInfo.cs,8415ca4fac5a8ec4ab379db102fedf1c
Scripts/Assembly-CSharp/Voodoo/Sauce/Internal/Analytics/AudioAdFailedAnalyticsInfo.cs,Reference,SourceData/AssetRipper/Assets/Scripts/Assembly-CSharp/Voodoo/Sauce/Internal/Analytics/AudioAdFailedAnalyticsInfo.cs,385a13c1e0d028d4abedca9637aab45e
Scripts/Assembly-CSharp/Voodoo/Sauce/Internal/Analytics/AudioAdImpressionAnalyticsInfo.cs,Reference,SourceData/AssetRipper/Assets/Scripts/Assembly-CSharp/Voodoo/Sauce/Internal/Analytics/AudioAdImpressionAnalyticsInfo.cs,a091f1c59df54da44b05bb86e2ce93f5
Scripts/Assembly-CSharp/Voodoo/Sauce/Internal/Analytics/AudioAdsAnalyticsManager.cs,Reference,SourceData/AssetRipper/Assets/Scripts/Assembly-CSharp/Voodoo/Sauce/Internal/Analytics/AudioAdsAnalyticsManager.cs,c8be206665c0e951cf56e3c7d653b609
Scripts/Assembly-CSharp/Voodoo/Sauce/Internal/Analytics/AudioAdTriggerAnalyticsInfo.cs,Reference,SourceData/AssetRipper/Assets/Scripts/Assembly-CSharp/Voodoo/Sauce/Internal/Analytics/AudioAdTriggerAnalyticsInfo.cs,15a61bc51b2e7c14cb1028685bd05652
Scripts/Assembly-CSharp/Voodoo/Sauce/Internal/Analytics/BaseAnalyticsEvent.cs,Reference,SourceData/AssetRipper/Assets/Scripts/Assembly-CSharp/Voodoo/Sauce/Internal/Analytics/BaseAnalyticsEvent.cs,aa226f40f7aefe3657c92fc910992dde
Scripts/Assembly-CSharp/Voodoo/Sauce/Internal/Analytics/BaseAnalyticsProviderWithLogger.cs,Reference,SourceData/AssetRipper/Assets/Scripts/Assembly-CSharp/Voodoo/Sauce/Internal/Analytics/BaseAnalyticsProviderWithLogger.cs,003ae85cf95e6445ac72f0556ce4944f
Scripts/Assembly-CSharp/Voodoo/Sauce/Internal/Analytics/ConversionAdEventInfo.cs,Reference,SourceData/AssetRipper/Assets/Scripts/Assembly-CSharp/Voodoo/Sauce/Internal/Analytics/ConversionAdEventInfo.cs,9164c9bf7d4724b449b1d2a75bb39fc2
Scripts/Assembly-CSharp/Voodoo/Sauce/Internal/Analytics/ConversionEventInfo.cs,Reference,SourceData/AssetRipper/Assets/Scripts/Assembly-CSharp/Voodoo/Sauce/Internal/Analytics/ConversionEventInfo.cs,e968373912480174a88773d76d925f7e
Scripts/Assembly-CSharp/Voodoo/Sauce/Internal/Analytics/ConversionEventName.cs,Reference,SourceData/AssetRipper/Assets/Scripts/Assembly-CSharp/Voodoo/Sauce/Internal/Analytics/ConversionEventName.cs,e336d0e52c17c39479f317bb452354a8
Scripts/Assembly-CSharp/Voodoo/Sauce/Internal/Analytics/ConversionEventsManager.cs,Reference,SourceData/AssetRipper/Assets/Scripts/Assembly-CSharp/Voodoo/Sauce/Internal/Analytics/ConversionEventsManager.cs,59c142fa80935f5b41e3af1bf848f3c0
Scripts/Assembly-CSharp/Voodoo/Sauce/Internal/Analytics/ConversionEventsSettings.cs,Reference,SourceData/AssetRipper/Assets/Scripts/Assembly-CSharp/Voodoo/Sauce/Internal/Analytics/ConversionEventsSettings.cs,c3b7b48b6e71b49d53e7ab85e7164a06
Scripts/Assembly-CSharp/Voodoo/Sauce/Internal/Analytics/CrossPromoAnalyticsInfo.cs,Reference,SourceData/AssetRipper/Assets/Scripts/Assembly-CSharp/Voodoo/Sauce/Internal/Analytics/CrossPromoAnalyticsInfo.cs,9e170d6515c690b483d0253f431f206b
Scripts/Assembly-CSharp/Voodoo/Sauce/Internal/Analytics/CrossPromoInitInfo.cs,Reference,SourceData/AssetRipper/Assets/Scripts/Assembly-CSharp/Voodoo/Sauce/Internal/Analytics/CrossPromoInitInfo.cs,ed9a151ad3be80420fcb8c7ec1d44c47
Scripts/Assembly-CSharp/Voodoo/Sauce/Internal/Analytics/DebugAnalyticsLog.cs,Reference,SourceData/AssetRipper/Assets/Scripts/Assembly-CSharp/Voodoo/Sauce/Internal/Analytics/DebugAnalyticsLog.cs,f99a4f1086e093a53cadf063d0380e4f
Scripts/Assembly-CSharp/Voodoo/Sauce/Internal/Analytics/DebugAnalyticsStateEnum.cs,Reference,SourceData/AssetRipper/Assets/Scripts/Assembly-CSharp/Voodoo/Sauce/Internal/Analytics/DebugAnalyticsStateEnum.cs,1bfd41ce890e21f4288b8e5c0a440b36
Scripts/Assembly-CSharp/Voodoo/Sauce/Internal/Analytics/DesignEvent.cs,Reference,SourceData/AssetRipper/Assets/Scripts/Assembly-CSharp/Voodoo/Sauce/Internal/Analytics/DesignEvent.cs,0258333c41fd7364582172972fc28948
Scripts/Assembly-CSharp/Voodoo/Sauce/Internal/Analytics/FakeImpressionAnalyticsInfo.cs,Reference,SourceData/AssetRipper/Assets/Scripts/Assembly-CSharp/Voodoo/Sauce/Internal/Analytics/FakeImpressionAnalyticsInfo.cs,20d1b7e4d4aec38479f61e07a677e382
Scripts/Assembly-CSharp/Voodoo/Sauce/Internal/Analytics/FirebaseAnalyticsConstants.cs,Reference,SourceData/AssetRipper/Assets/Scripts/Assembly-CSharp/Voodoo/Sauce/Internal/Analytics/FirebaseAnalyticsConstants.cs,eeaa8077a5ef14ea2419b52f75be05b3
Scripts/Assembly-CSharp/Voodoo/Sauce/Internal/Analytics/FirebaseAnalyticsEvent.cs,Reference,SourceData/AssetRipper/Assets/Scripts/Assembly-CSharp/Voodoo/Sauce/Internal/Analytics/FirebaseAnalyticsEvent.cs,2eeac631be918c60bdab489ab63c458a
Scripts/Assembly-CSharp/Voodoo/Sauce/Internal/Analytics/FirebaseAnalyticsPrivacy.cs,Reference,SourceData/AssetRipper/Assets/Scripts/Assembly-CSharp/Voodoo/Sauce/Internal/Analytics/FirebaseAnalyticsPrivacy.cs,bd3f5ef1629ac1580c5788266945db0c
Scripts/Assembly-CSharp/Voodoo/Sauce/Internal/Analytics/FirebaseAnalyticsProvider.cs,Reference,SourceData/AssetRipper/Assets/Scripts/Assembly-CSharp/Voodoo/Sauce/Internal/Analytics/FirebaseAnalyticsProvider.cs,5cbab8c963331a6a59608c032ae69d47
Scripts/Assembly-CSharp/Voodoo/Sauce/Internal/Analytics/FirebaseAnalyticsProviderSDK.cs,Reference,SourceData/AssetRipper/Assets/Scripts/Assembly-CSharp/Voodoo/Sauce/Internal/Analytics/FirebaseAnalyticsProviderSDK.cs,95190d02a9bbd3567aaf771126597d69
Scripts/Assembly-CSharp/Voodoo/Sauce/Internal/Analytics/FirebaseAnalyticsWrapper.cs,Reference,SourceData/AssetRipper/Assets/Scripts/Assembly-CSharp/Voodoo/Sauce/Internal/Analytics/FirebaseAnalyticsWrapper.cs,c03e6fcb2a22b5a7f5cc247afb252935
Scripts/Assembly-CSharp/Voodoo/Sauce/Internal/Analytics/FirebaseMessagingProviderSDK.cs,Reference,SourceData/AssetRipper/Assets/Scripts/Assembly-CSharp/Voodoo/Sauce/Internal/Analytics/FirebaseMessagingProviderSDK.cs,223c0825ef221e510dea05be662ac034
Scripts/Assembly-CSharp/Voodoo/Sauce/Internal/Analytics/FirebaseMessagingWrapper.cs,Reference,SourceData/AssetRipper/Assets/Scripts/Assembly-CSharp/Voodoo/Sauce/Internal/Analytics/FirebaseMessagingWrapper.cs,358570f9c5892d64d11018f6a3c2da25
Scripts/Assembly-CSharp/Voodoo/Sauce/Internal/Analytics/FloatMetric.cs,Reference,SourceData/AssetRipper/Assets/Scripts/Assembly-CSharp/Voodoo/Sauce/Internal/Analytics/FloatMetric.cs,c801717b2178ff74aabbf78cb6d72b45
Scripts/Assembly-CSharp/Voodoo/Sauce/Internal/Analytics/GameAnalyticsDependency.cs,Reference,SourceData/AssetRipper/Assets/Scripts/Assembly-CSharp/Voodoo/Sauce/Internal/Analytics/GameAnalyticsDependency.cs,106116f83e2d7ea4e2ddf9ded8865616
Scripts/Assembly-CSharp/Voodoo/Sauce/Internal/Analytics/GameAnalyticsEvent.cs,Reference,SourceData/AssetRipper/Assets/Scripts/Assembly-CSharp/Voodoo/Sauce/Internal/Analytics/GameAnalyticsEvent.cs,e9a22dc143ea39a8acf88797961e9a2a
Scripts/Assembly-CSharp/Voodoo/Sauce/Internal/Analytics/GameAnalyticsIntegrationCheck.cs,Reference,SourceData/AssetRipper/Assets/Scripts/Assembly-CSharp/Voodoo/Sauce/Internal/Analytics/GameAnalyticsIntegrationCheck.cs,ac5b4b5a8b2abe7d185990dc1993be1d
Scripts/Assembly-CSharp/Voodoo/Sauce/Internal/Analytics/GameAnalyticsPrivacy.cs,Reference,SourceData/AssetRipper/Assets/Scripts/Assembly-CSharp/Voodoo/Sauce/Internal/Analytics/GameAnalyticsPrivacy.cs,8ae4a2dc8b21321ed02da067e056d3d4
Scripts/Assembly-CSharp/Voodoo/Sauce/Internal/Analytics/GameAnalyticsProvider.cs,Reference,SourceData/AssetRipper/Assets/Scripts/Assembly-CSharp/Voodoo/Sauce/Internal/Analytics/GameAnalyticsProvider.cs,41f02dac9ab23287596aeea8c9279694
Scripts/Assembly-CSharp/Voodoo/Sauce/Internal/Analytics/GameAnalyticsWrapper.cs,Reference,SourceData/AssetRipper/Assets/Scripts/Assembly-CSharp/Voodoo/Sauce/Internal/Analytics/GameAnalyticsWrapper.cs,50c3ebc59de3ed90069642349ee61f86
Scripts/Assembly-CSharp/Voodoo/Sauce/Internal/Analytics/GameFinishedParameters.cs,Reference,SourceData/AssetRipper/Assets/Scripts/Assembly-CSharp/Voodoo/Sauce/Internal/Analytics/GameFinishedParameters.cs,0c2e3ce7cb319ec031835c78bd298baa
Scripts/Assembly-CSharp/Voodoo/Sauce/Internal/Analytics/GameStartedParameters.cs,Reference,SourceData/AssetRipper/Assets/Scripts/Assembly-CSharp/Voodoo/Sauce/Internal/Analytics/GameStartedParameters.cs,7ed9271e82322b0b19eed9dd2d3b82d7
Scripts/Assembly-CSharp/Voodoo/Sauce/Internal/Analytics/IAnalyticsAttributionProvider.cs,Reference,SourceData/AssetRipper/Assets/Scripts/Assembly-CSharp/Voodoo/Sauce/Internal/Analytics/IAnalyticsAttributionProvider.cs,6d84bc01543480e1df6ba8f4f0b658ec
Scripts/Assembly-CSharp/Voodoo/Sauce/Internal/Analytics/IAnalyticsProvider.cs,Reference,SourceData/AssetRipper/Assets/Scripts/Assembly-CSharp/Voodoo/Sauce/Internal/Analytics/IAnalyticsProvider.cs,ab14a4dd6dee786385b39a1352597a9e
Scripts/Assembly-CSharp/Voodoo/Sauce/Internal/Analytics/IAnalyticsProviderSDK.cs,Reference,SourceData/AssetRipper/Assets/Scripts/Assembly-CSharp/Voodoo/Sauce/Internal/Analytics/IAnalyticsProviderSDK.cs,b985fce5e9e02933c28593819ede3dc7
Scripts/Assembly-CSharp/Voodoo/Sauce/Internal/Analytics/IAnalyticStorage.cs,Reference,SourceData/AssetRipper/Assets/Scripts/Assembly-CSharp/Voodoo/Sauce/Internal/Analytics/IAnalyticStorage.cs,ae5e23f6c2815f3a66df060ef5734276
Scripts/Assembly-CSharp/Voodoo/Sauce/Internal/Analytics/IAudioAdsAnalyticsManager.cs,Reference,SourceData/AssetRipper/Assets/Scripts/Assembly-CSharp/Voodoo/Sauce/Internal/Analytics/IAudioAdsAnalyticsManager.cs,268a7e879878f3f4fd78148436bd4757
Scripts/Assembly-CSharp/Voodoo/Sauce/Internal/Analytics/ImpressionAdUnitFormat.cs,Reference,SourceData/AssetRipper/Assets/Scripts/Assembly-CSharp/Voodoo/Sauce/Internal/Analytics/ImpressionAdUnitFormat.cs,2ff98420173044d42b1d2e7661f66aa7
Scripts/Assembly-CSharp/Voodoo/Sauce/Internal/Analytics/ImpressionAnalyticsInfo.cs,Reference,SourceData/AssetRipper/Assets/Scripts/Assembly-CSharp/Voodoo/Sauce/Internal/Analytics/ImpressionAnalyticsInfo.cs,17eb3a7d7839cc2a5d9aac0c3e7ef620
Scripts/Assembly-CSharp/Voodoo/Sauce/Internal/Analytics/ImpressionInfoType.cs,Reference,SourceData/AssetRipper/Assets/Scripts/Assembly-CSharp/Voodoo/Sauce/Internal/Analytics/ImpressionInfoType.cs,9f4ec20b54b0e76489ec2a6773f40ff9
Scripts/Assembly-CSharp/Voodoo/Sauce/Internal/Analytics/IronSourceImpressionAnalyticsInfo.cs,Reference,SourceData/AssetRipper/Assets/Scripts/Assembly-CSharp/Voodoo/Sauce/Internal/Analytics/IronSourceImpressionAnalyticsInfo.cs,f396199dcc538b446a2851e6b7dfe026
Scripts/Assembly-CSharp/Voodoo/Sauce/Internal/Analytics/ItemTransactionInfo.cs,Reference,SourceData/AssetRipper/Assets/Scripts/Assembly-CSharp/Voodoo/Sauce/Internal/Analytics/ItemTransactionInfo.cs,e717836322c61a944ba4633a53b75554
Scripts/Assembly-CSharp/Voodoo/Sauce/Internal/Analytics/ItemTransactionParameters.cs,Reference,SourceData/AssetRipper/Assets/Scripts/Assembly-CSharp/Voodoo/Sauce/Internal/Analytics/ItemTransactionParameters.cs,56dcacc9ec8286b5af9402a3344000a1
Scripts/Assembly-CSharp/Voodoo/Sauce/Internal/Analytics/ItemType.cs,Reference,SourceData/AssetRipper/Assets/Scripts/Assembly-CSharp/Voodoo/Sauce/Internal/Analytics/ItemType.cs,bf62553837c2b5341be233fdfed8c9ab
Scripts/Assembly-CSharp/Voodoo/Sauce/Internal/Analytics/LoadingTimeAnalyticsInfo.cs,Reference,SourceData/AssetRipper/Assets/Scripts/Assembly-CSharp/Voodoo/Sauce/Internal/Analytics/LoadingTimeAnalyticsInfo.cs,afcfd0ab905cbd63ae5efbf28ab3bd0a
Scripts/Assembly-CSharp/Voodoo/Sauce/Internal/Analytics/MaxImpressionAnalyticsInfo.cs,Reference,SourceData/AssetRipper/Assets/Scripts/Assembly-CSharp/Voodoo/Sauce/Internal/Analytics/MaxImpressionAnalyticsInfo.cs,061b368020c2ab4478509a30f02523e6
Scripts/Assembly-CSharp/Voodoo/Sauce/Internal/Analytics/PerformanceMetricsAnalyticsInfo.cs,Reference,SourceData/AssetRipper/Assets/Scripts/Assembly-CSharp/Voodoo/Sauce/Internal/Analytics/PerformanceMetricsAnalyticsInfo.cs,4c49103d046c00868a81a6e0a516c797
Scripts/Assembly-CSharp/Voodoo/Sauce/Internal/Analytics/PerformanceMetricsConfig.cs,Reference,SourceData/AssetRipper/Assets/Scripts/Assembly-CSharp/Voodoo/Sauce/Internal/Analytics/PerformanceMetricsConfig.cs,db0a15ee152c62c51396384641f50d28
Scripts/Assembly-CSharp/Voodoo/Sauce/Internal/Analytics/Playtime.cs,Reference,SourceData/AssetRipper/Assets/Scripts/Assembly-CSharp/Voodoo/Sauce/Internal/Analytics/Playtime.cs,8bae6818971151b40aa0da7b1a5c8ac0
Scripts/Assembly-CSharp/Voodoo/Sauce/Internal/Analytics/ProgressEvent.cs,Reference,SourceData/AssetRipper/Assets/Scripts/Assembly-CSharp/Voodoo/Sauce/Internal/Analytics/ProgressEvent.cs,9e1799382646d1b46bbda33abdb13f5e
Scripts/Assembly-CSharp/Voodoo/Sauce/Internal/Analytics/RewardButtonShownEventAnalyticsInfo.cs,Reference,SourceData/AssetRipper/Assets/Scripts/Assembly-CSharp/Voodoo/Sauce/Internal/Analytics/RewardButtonShownEventAnalyticsInfo.cs,aaf125c89c56a7547b5771e8706648b5
Scripts/Assembly-CSharp/Voodoo/Sauce/Internal/Analytics/RsConfigStatusEvent.cs,Reference,SourceData/AssetRipper/Assets/Scripts/Assembly-CSharp/Voodoo/Sauce/Internal/Analytics/RsConfigStatusEvent.cs,8439a0722372f5790e39670b21756f82
Scripts/Assembly-CSharp/Voodoo/Sauce/Internal/Analytics/RsConfigStatusEventDispatcher.cs,Reference,SourceData/AssetRipper/Assets/Scripts/Assembly-CSharp/Voodoo/Sauce/Internal/Analytics/RsConfigStatusEventDispatcher.cs,a341b74a4c1b91c3bd384697113bc74d
Scripts/Assembly-CSharp/Voodoo/Sauce/Internal/Analytics/RsConfigStatusExtensions.cs,Reference,SourceData/AssetRipper/Assets/Scripts/Assembly-CSharp/Voodoo/Sauce/Internal/Analytics/RsConfigStatusExtensions.cs,1fe912f3190ba420897574c23b246d19
Scripts/Assembly-CSharp/Voodoo/Sauce/Internal/Analytics/RsConfigStatusOrigin.cs,Reference,SourceData/AssetRipper/Assets/Scripts/Assembly-CSharp/Voodoo/Sauce/Internal/Analytics/RsConfigStatusOrigin.cs,492e1a8bf60892d4f85a75403f2281e2
Scripts/Assembly-CSharp/Voodoo/Sauce/Internal/Analytics/RsConfigStatusStep.cs,Reference,SourceData/AssetRipper/Assets/Scripts/Assembly-CSharp/Voodoo/Sauce/Internal/Analytics/RsConfigStatusStep.cs,762e543aadb05744bab1b31138cc6d96
Scripts/Assembly-CSharp/Voodoo/Sauce/Internal/Analytics/SessionInfo.cs,Reference,SourceData/AssetRipper/Assets/Scripts/Assembly-CSharp/Voodoo/Sauce/Internal/Analytics/SessionInfo.cs,0781e320d7f49e29c2903a1e912d8384
Scripts/Assembly-CSharp/Voodoo/Sauce/Internal/Analytics/TransactionType.cs,Reference,SourceData/AssetRipper/Assets/Scripts/Assembly-CSharp/Voodoo/Sauce/Internal/Analytics/TransactionType.cs,51273b34ab95ca744a7c67a2f8d82692
Scripts/Assembly-CSharp/Voodoo/Sauce/Internal/Analytics/VanCustomLog.cs,Reference,SourceData/AssetRipper/Assets/Scripts/Assembly-CSharp/Voodoo/Sauce/Internal/Analytics/VanCustomLog.cs,b13171ddf8b8ab7b516da5c109d85fd2
Scripts/Assembly-CSharp/Voodoo/Sauce/Internal/Analytics/VoodooAnalyticsConfig.cs,Reference,SourceData/AssetRipper/Assets/Scripts/Assembly-CSharp/Voodoo/Sauce/Internal/Analytics/VoodooAnalyticsConfig.cs,b3469b46c4dc68479c69e325171f3d7b
Scripts/Assembly-CSharp/Voodoo/Sauce/Internal/Analytics/VoodooAnalyticsConstants.cs,Reference,SourceData/AssetRipper/Assets/Scripts/Assembly-CSharp/Voodoo/Sauce/Internal/Analytics/VoodooAnalyticsConstants.cs,00efb5631b9599ce896040aa50527bf4
Scripts/Assembly-CSharp/Voodoo/Sauce/Internal/Analytics/VoodooAnalyticsEventParameters.cs,Reference,SourceData/AssetRipper/Assets/Scripts/Assembly-CSharp/Voodoo/Sauce/Internal/Analytics/VoodooAnalyticsEventParameters.cs,ce23ac1e94a092dedfc6e245e8ca3909
Scripts/Assembly-CSharp/Voodoo/Sauce/Internal/Analytics/VoodooAnalyticsIntegrationCheck.cs,Reference,SourceData/AssetRipper/Assets/Scripts/Assembly-CSharp/Voodoo/Sauce/Internal/Analytics/VoodooAnalyticsIntegrationCheck.cs,8a455c4dfd81d3b086530d1c74486ed6
Scripts/Assembly-CSharp/Voodoo/Sauce/Internal/Analytics/VoodooAnalyticsLoggerEvent.cs,Reference,SourceData/AssetRipper/Assets/Scripts/Assembly-CSharp/Voodoo/Sauce/Internal/Analytics/VoodooAnalyticsLoggerEvent.cs,79ee5dc83d706da49d4b895fba1cc0b1
Scripts/Assembly-CSharp/Voodoo/Sauce/Internal/Analytics/VoodooAnalyticsParameters.cs,Reference,SourceData/AssetRipper/Assets/Scripts/Assembly-CSharp/Voodoo/Sauce/Internal/Analytics/VoodooAnalyticsParameters.cs,fc5a2466d096959f79f80e4d2b018c01
Scripts/Assembly-CSharp/Voodoo/Sauce/Internal/Analytics/VoodooAnalyticsPrivacy.cs,Reference,SourceData/AssetRipper/Assets/Scripts/Assembly-CSharp/Voodoo/Sauce/Internal/Analytics/VoodooAnalyticsPrivacy.cs,d6df18c5e53483b3829709a6c6fbe9c0
Scripts/Assembly-CSharp/Voodoo/Sauce/Internal/Analytics/VoodooAnalyticsProvider.cs,Reference,SourceData/AssetRipper/Assets/Scripts/Assembly-CSharp/Voodoo/Sauce/Internal/Analytics/VoodooAnalyticsProvider.cs,b544dbbecaf404a1aee0f40df41cd8e9
Scripts/Assembly-CSharp/Voodoo/Sauce/Internal/Analytics/VoodooAnalyticsWrapper.cs,Reference,SourceData/AssetRipper/Assets/Scripts/Assembly-CSharp/Voodoo/Sauce/Internal/Analytics/VoodooAnalyticsWrapper.cs,c9ee670062b996d8846f18d9f901f051
Scripts/Assembly-CSharp/Voodoo/Sauce/Internal/Analytics/VoodooFunnel.cs,Reference,SourceData/AssetRipper/Assets/Scripts/Assembly-CSharp/Voodoo/Sauce/Internal/Analytics/VoodooFunnel.cs,1cc034a737e07a84fa4f89ac346c2c35
Scripts/Assembly-CSharp/Voodoo/Sauce/Internal/Analytics/VoodooFunnelSettings.cs,Reference,SourceData/AssetRipper/Assets/Scripts/Assembly-CSharp/Voodoo/Sauce/Internal/Analytics/VoodooFunnelSettings.cs,581a34a1d8ae286e0c5702d203009fa0
Scripts/Assembly-CSharp/Voodoo/Sauce/Internal/Analytics/VoodooFunnelsManager.cs,Reference,SourceData/AssetRipper/Assets/Scripts/Assembly-CSharp/Voodoo/Sauce/Internal/Analytics/VoodooFunnelsManager.cs,5d53437bf2e55e064320e09dd3909ed2
Scripts/Assembly-CSharp/Voodoo/Sauce/Internal/Analytics/VoodooFunnelsSettings.cs,Reference,SourceData/AssetRipper/Assets/Scripts/Assembly-CSharp/Voodoo/Sauce/Internal/Analytics/VoodooFunnelsSettings.cs,5e32a36730f5d314093395212aa387b3
Scripts/Assembly-CSharp/Voodoo/Sauce/Internal/Analytics/VoodooFunnelStepSettings.cs,Reference,SourceData/AssetRipper/Assets/Scripts/Assembly-CSharp/Voodoo/Sauce/Internal/Analytics/VoodooFunnelStepSettings.cs,1d26b0a1d07cd6f45acb427c5478b2ee
Scripts/Assembly-CSharp/Voodoo/Sauce/Internal/Analytics/VoodooTuneAbTestAnalyticsInfo.cs,Reference,SourceData/AssetRipper/Assets/Scripts/Assembly-CSharp/Voodoo/Sauce/Internal/Analytics/VoodooTuneAbTestAnalyticsInfo.cs,101d48283e6bca13a2a6d951cb091327
Scripts/Assembly-CSharp/Voodoo/Sauce/Internal/Analytics/VoodooTuneInitAnalyticsInfo.cs,Reference,SourceData/AssetRipper/Assets/Scripts/Assembly-CSharp/Voodoo/Sauce/Internal/Analytics/VoodooTuneInitAnalyticsInfo.cs,96932a87025328c18bc24a4fbbeccf3c
Scripts/Assembly-CSharp/Voodoo/Sauce/Internal/Analytics/VoodooTuneInitAnalyticsInfoLog.cs,Reference,SourceData/AssetRipper/Assets/Scripts/Assembly-CSharp/Voodoo/Sauce/Internal/Analytics/VoodooTuneInitAnalyticsInfoLog.cs,a2b7832b2eb89864499139f52bd97e25
Scripts/Assembly-CSharp/Voodoo/Sauce/Internal/AppRater/AndroidAppRater.cs,Reference,SourceData/AssetRipper/Assets/Scripts/Assembly-CSharp/Voodoo/Sauce/Internal/AppRater/AndroidAppRater.cs,83f9a87680d1aef83172ae78cb824e0c
Scripts/Assembly-CSharp/Voodoo/Sauce/Internal/AppRater/AppRater.cs,Reference,SourceData/AssetRipper/Assets/Scripts/Assembly-CSharp/Voodoo/Sauce/Internal/AppRater/AppRater.cs,337842ffae66eefa15419a6979da710e
Scripts/Assembly-CSharp/Voodoo/Sauce/Internal/DebugScreen/AdsDebugManager.cs,Reference,SourceData/AssetRipper/Assets/Scripts/Assembly-CSharp/Voodoo/Sauce/Internal/DebugScreen/AdsDebugManager.cs,a2c9b356e68ed392db4e937ee148aed9
Scripts/Assembly-CSharp/Voodoo/Sauce/Internal/DebugScreen/DebugAdStateBadge.cs,Reference,SourceData/AssetRipper/Assets/Scripts/Assembly-CSharp/Voodoo/Sauce/Internal/DebugScreen/DebugAdStateBadge.cs,d8f42cd9c6cb16c2a76d2fd4def0e12d
Scripts/Assembly-CSharp/Voodoo/Sauce/Internal/DebugScreen/DebugCustomUtility.cs,Reference,SourceData/AssetRipper/Assets/Scripts/Assembly-CSharp/Voodoo/Sauce/Internal/DebugScreen/DebugCustomUtility.cs,4f54efbcc9d4e31c22d961f5fed19164
Scripts/Assembly-CSharp/Voodoo/Sauce/Internal/DebugScreen/DebugInterstitialAdStateBadge.cs,Reference,SourceData/AssetRipper/Assets/Scripts/Assembly-CSharp/Voodoo/Sauce/Internal/DebugScreen/DebugInterstitialAdStateBadge.cs,e1c9e1fb1176603cbe56e14f554b7f45
Scripts/Assembly-CSharp/Voodoo/Sauce/Internal/DebugScreen/DebugIssueNumberBadge.cs,Reference,SourceData/AssetRipper/Assets/Scripts/Assembly-CSharp/Voodoo/Sauce/Internal/DebugScreen/DebugIssueNumberBadge.cs,7dacee30eeb54ffddffd2530b9596012
Scripts/Assembly-CSharp/Voodoo/Sauce/Internal/DebugScreen/DebugLogMessageListItem.cs,Reference,SourceData/AssetRipper/Assets/Scripts/Assembly-CSharp/Voodoo/Sauce/Internal/DebugScreen/DebugLogMessageListItem.cs,02e0c4005fb6b2bdebcf83d7b7db1b78
Scripts/Assembly-CSharp/Voodoo/Sauce/Internal/DebugScreen/DebugLogMessagePopup.cs,Reference,SourceData/AssetRipper/Assets/Scripts/Assembly-CSharp/Voodoo/Sauce/Internal/DebugScreen/DebugLogMessagePopup.cs,237721a7bb4c30c95ac8d1b6af361826
Scripts/Assembly-CSharp/Voodoo/Sauce/Internal/DebugScreen/DebugLogTypes.cs,Reference,SourceData/AssetRipper/Assets/Scripts/Assembly-CSharp/Voodoo/Sauce/Internal/DebugScreen/DebugLogTypes.cs,f533d05f2b03088b031c40ba83bda7fb
Scripts/Assembly-CSharp/Voodoo/Sauce/Internal/DebugScreen/DebugPopup.cs,Reference,SourceData/AssetRipper/Assets/Scripts/Assembly-CSharp/Voodoo/Sauce/Internal/DebugScreen/DebugPopup.cs,a3d8f41ed26dbf2d9014dc12a7c79b21
Scripts/Assembly-CSharp/Voodoo/Sauce/Internal/DebugScreen/DebugRewardedVideoAdStateBadge.cs,Reference,SourceData/AssetRipper/Assets/Scripts/Assembly-CSharp/Voodoo/Sauce/Internal/DebugScreen/DebugRewardedVideoAdStateBadge.cs,21f74a9fe0598ea3870ea9d581db8ac8
Scripts/Assembly-CSharp/Voodoo/Sauce/Internal/DebugScreen/DebugSpinner.cs,Reference,SourceData/AssetRipper/Assets/Scripts/Assembly-CSharp/Voodoo/Sauce/Internal/DebugScreen/DebugSpinner.cs,cb60acdab7399eeac44887fc678d3862
Scripts/Assembly-CSharp/Voodoo/Sauce/Internal/DebugScreen/DebugToggleComponent.cs,Reference,SourceData/AssetRipper/Assets/Scripts/Assembly-CSharp/Voodoo/Sauce/Internal/DebugScreen/DebugToggleComponent.cs,17c314cfccb230abeb5cc84abd231c35
Scripts/Assembly-CSharp/Voodoo/Sauce/Internal/DebugScreen/IDebugRefreshable.cs,Reference,SourceData/AssetRipper/Assets/Scripts/Assembly-CSharp/Voodoo/Sauce/Internal/DebugScreen/IDebugRefreshable.cs,617b747a14a87bda75759f56ec29855e
Scripts/Assembly-CSharp/Voodoo/Sauce/Internal/DebugScreen/SafeAreaRectTransform.cs,Reference,SourceData/AssetRipper/Assets/Scripts/Assembly-CSharp/Voodoo/Sauce/Internal/DebugScreen/SafeAreaRectTransform.cs,7e869aa2eaf2d291e956d18b40675262
Scripts/Assembly-CSharp/Voodoo/Sauce/Internal/Editor/SmallSpacerAttribute.cs,Reference,SourceData/AssetRipper/Assets/Scripts/Assembly-CSharp/Voodoo/Sauce/Internal/Editor/SmallSpacerAttribute.cs,e681c31b040ec8f3ba9b68d0cc2da193
Scripts/Assembly-CSharp/Voodoo/Sauce/Internal/Editor/VoodooJvmHeapSizeEnum.cs,Reference,SourceData/AssetRipper/Assets/Scripts/Assembly-CSharp/Voodoo/Sauce/Internal/Editor/VoodooJvmHeapSizeEnum.cs,4e220d32ec2f2374db28725e4e0d771f
Scripts/Assembly-CSharp/Voodoo/Sauce/Internal/Extension/BoolExtensions.cs,Reference,SourceData/AssetRipper/Assets/Scripts/Assembly-CSharp/Voodoo/Sauce/Internal/Extension/BoolExtensions.cs,26ac8513f209c21d306c41033be7127b
Scripts/Assembly-CSharp/Voodoo/Sauce/Internal/Extension/DateTimeExtension.cs,Reference,SourceData/AssetRipper/Assets/Scripts/Assembly-CSharp/Voodoo/Sauce/Internal/Extension/DateTimeExtension.cs,d0148f4f64c533f9e5a43e637a2ce9c8
Scripts/Assembly-CSharp/Voodoo/Sauce/Internal/Extension/DictionaryExtension.cs,Reference,SourceData/AssetRipper/Assets/Scripts/Assembly-CSharp/Voodoo/Sauce/Internal/Extension/DictionaryExtension.cs,c22212043a6048eee43ea662dae53d79
Scripts/Assembly-CSharp/Voodoo/Sauce/Internal/Extension/ListExtension.cs,Reference,SourceData/AssetRipper/Assets/Scripts/Assembly-CSharp/Voodoo/Sauce/Internal/Extension/ListExtension.cs,9e4a17bf3b39466e155b42f5b469c947
Scripts/Assembly-CSharp/Voodoo/Sauce/Internal/Extension/StringExtension.cs,Reference,SourceData/AssetRipper/Assets/Scripts/Assembly-CSharp/Voodoo/Sauce/Internal/Extension/StringExtension.cs,5ac5b78d03fc7cc354c8a4f239756adf
Scripts/Assembly-CSharp/Voodoo/Sauce/Internal/Extension/TransformExtension.cs,Reference,SourceData/AssetRipper/Assets/Scripts/Assembly-CSharp/Voodoo/Sauce/Internal/Extension/TransformExtension.cs,e1da66ba287a5f919c9bad2a21c4ebd8
Scripts/Assembly-CSharp/Voodoo/Sauce/Internal/Firebase/FirebaseInitializer.cs,Reference,SourceData/AssetRipper/Assets/Scripts/Assembly-CSharp/Voodoo/Sauce/Internal/Firebase/FirebaseInitializer.cs,85daeaabaf700415df85b01a1f0e2364
Scripts/Assembly-CSharp/Voodoo/Sauce/Internal/IntegrationCheck/IIntegrationCheck.cs,Reference,SourceData/AssetRipper/Assets/Scripts/Assembly-CSharp/Voodoo/Sauce/Internal/IntegrationCheck/IIntegrationCheck.cs,4818242bd6d63c9f228941330aabd165
Scripts/Assembly-CSharp/Voodoo/Sauce/Internal/IntegrationCheck/IntegrationCheckMessage.cs,Reference,SourceData/AssetRipper/Assets/Scripts/Assembly-CSharp/Voodoo/Sauce/Internal/IntegrationCheck/IntegrationCheckMessage.cs,31c314eb9fbafde4c9712eb3908684ef
Scripts/Assembly-CSharp/Voodoo/Sauce/Internal/RemoteConfig/RemoteConfigConfiguration.cs,Reference,SourceData/AssetRipper/Assets/Scripts/Assembly-CSharp/Voodoo/Sauce/Internal/RemoteConfig/RemoteConfigConfiguration.cs,f6441915543cad2d43fc825e73b04cc4
Scripts/Assembly-CSharp/Voodoo/Sauce/Internal/SDKs/Adapter.cs,Reference,SourceData/AssetRipper/Assets/Scripts/Assembly-CSharp/Voodoo/Sauce/Internal/SDKs/Adapter.cs,c923c01eca298234289c6b5e2093e2d2
Scripts/Assembly-CSharp/Voodoo/Sauce/Internal/SDKs/AdFormat.cs,Reference,SourceData/AssetRipper/Assets/Scripts/Assembly-CSharp/Voodoo/Sauce/Internal/SDKs/AdFormat.cs,e9a61fb9fba266c47a22abafa982a727
Scripts/Assembly-CSharp/Voodoo/Sauce/Internal/SDKs/AdNetworkPlatform.cs,Reference,SourceData/AssetRipper/Assets/Scripts/Assembly-CSharp/Voodoo/Sauce/Internal/SDKs/AdNetworkPlatform.cs,70f9004a89cf9d241934981c0ea4b655
Scripts/Assembly-CSharp/Voodoo/Sauce/Internal/SDKs/AdNetworkSDK.cs,Reference,SourceData/AssetRipper/Assets/Scripts/Assembly-CSharp/Voodoo/Sauce/Internal/SDKs/AdNetworkSDK.cs,698ae992f40fc290f8fcc8c4a3f4b8f3
Scripts/Assembly-CSharp/Voodoo/Sauce/Internal/SDKs/ISDK.cs,Reference,SourceData/AssetRipper/Assets/Scripts/Assembly-CSharp/Voodoo/Sauce/Internal/SDKs/ISDK.cs,4ec015dda40bd24abe6103934c0e945b
Scripts/Assembly-CSharp/Voodoo/Sauce/Internal/SDKs/MediationSDK.cs,Reference,SourceData/AssetRipper/Assets/Scripts/Assembly-CSharp/Voodoo/Sauce/Internal/SDKs/MediationSDK.cs,764ef88433164881c2ac8ed6bcf06a5e
Scripts/Assembly-CSharp/Voodoo/Sauce/Internal/SDKs/SDK.cs,Reference,SourceData/AssetRipper/Assets/Scripts/Assembly-CSharp/Voodoo/Sauce/Internal/SDKs/SDK.cs,d3d4d56dfc14025da3fe0fd0bbd49b04
Scripts/Assembly-CSharp/Voodoo/Sauce/Internal/SDKs/SDKList.cs,Reference,SourceData/AssetRipper/Assets/Scripts/Assembly-CSharp/Voodoo/Sauce/Internal/SDKs/SDKList.cs,83f7db895c225b9694b3ca9023e97c02
Scripts/Assembly-CSharp/Voodoo/Sauce/Internal/SDKs/SDKVersions.cs,Reference,SourceData/AssetRipper/Assets/Scripts/Assembly-CSharp/Voodoo/Sauce/Internal/SDKs/SDKVersions.cs,12589ba25f73b3541ad8e8ab1bc28a84
Scripts/Assembly-CSharp/Voodoo/Sauce/Internal/SDKs/VoodooSauceSDKs.cs,Reference,SourceData/AssetRipper/Assets/Scripts/Assembly-CSharp/Voodoo/Sauce/Internal/SDKs/VoodooSauceSDKs.cs,1d79508d1159a988d2905ed3108eaefa
Scripts/Assembly-CSharp/Voodoo/Sauce/Internal/StoreUtility/AndroidAppInfo.cs,Reference,SourceData/AssetRipper/Assets/Scripts/Assembly-CSharp/Voodoo/Sauce/Internal/StoreUtility/AndroidAppInfo.cs,00f556d5d3dc05acde7e4451d7d5e732
Scripts/Assembly-CSharp/Voodoo/Sauce/Internal/StoreUtility/AppInfo.cs,Reference,SourceData/AssetRipper/Assets/Scripts/Assembly-CSharp/Voodoo/Sauce/Internal/StoreUtility/AppInfo.cs,e5772254a2a0d0c3eed007bde2bc57fa
Scripts/Assembly-CSharp/Voodoo/Sauce/Internal/StoreUtility/AppUpdateCallback.cs,Reference,SourceData/AssetRipper/Assets/Scripts/Assembly-CSharp/Voodoo/Sauce/Internal/StoreUtility/AppUpdateCallback.cs,b10c5d96ceb05ec44b6cdf062dc37a89
Scripts/Assembly-CSharp/Voodoo/Sauce/Internal/StoreUtility/AppUpdateInfo.cs,Reference,SourceData/AssetRipper/Assets/Scripts/Assembly-CSharp/Voodoo/Sauce/Internal/StoreUtility/AppUpdateInfo.cs,71a429abe2d920d4cbcdb44b065f0ba7
Scripts/Assembly-CSharp/Voodoo/Sauce/Internal/StoreUtility/AppUpdateStatus.cs,Reference,SourceData/AssetRipper/Assets/Scripts/Assembly-CSharp/Voodoo/Sauce/Internal/StoreUtility/AppUpdateStatus.cs,181f11b4d99e70f408a7c76129022b3b
Scripts/Assembly-CSharp/Voodoo/Sauce/Internal/StoreUtility/PackageInfo.cs,Reference,SourceData/AssetRipper/Assets/Scripts/Assembly-CSharp/Voodoo/Sauce/Internal/StoreUtility/PackageInfo.cs,dda00c1adbd4e6d4483c35600f125f04
Scripts/Assembly-CSharp/Voodoo/Sauce/Internal/StoreUtility/UnityGamingAppUpdaterProxy.cs,Reference,SourceData/AssetRipper/Assets/Scripts/Assembly-CSharp/Voodoo/Sauce/Internal/StoreUtility/UnityGamingAppUpdaterProxy.cs,38c7f53e6bb5ee5e2e26e564d2bf3c39
Scripts/Assembly-CSharp/Voodoo/Sauce/Internal/Utils/AndroidUtils.cs,Reference,SourceData/AssetRipper/Assets/Scripts/Assembly-CSharp/Voodoo/Sauce/Internal/Utils/AndroidUtils.cs,7db0d2b203756ce257abaccc1c814e2a
Scripts/Assembly-CSharp/Voodoo/Sauce/Internal/Utils/AssembliesUtils.cs,Reference,SourceData/AssetRipper/Assets/Scripts/Assembly-CSharp/Voodoo/Sauce/Internal/Utils/AssembliesUtils.cs,1bd0d672c3a9917b8bf2beb8d39f9720
Scripts/Assembly-CSharp/Voodoo/Sauce/Internal/Utils/DeviceUtils.cs,Reference,SourceData/AssetRipper/Assets/Scripts/Assembly-CSharp/Voodoo/Sauce/Internal/Utils/DeviceUtils.cs,7c191687a5d63faa1733a73e1c4d5ad1
Scripts/Assembly-CSharp/Voodoo/Sauce/Internal/Utils/DirectoryUtils.cs,Reference,SourceData/AssetRipper/Assets/Scripts/Assembly-CSharp/Voodoo/Sauce/Internal/Utils/DirectoryUtils.cs,cc2f780bb0401f2b40523c2c76f99a7f
Scripts/Assembly-CSharp/Voodoo/Sauce/Internal/Utils/LanguageUtils.cs,Reference,SourceData/AssetRipper/Assets/Scripts/Assembly-CSharp/Voodoo/Sauce/Internal/Utils/LanguageUtils.cs,2d2f71ddf114309c6da7f3a8a22bbacd
Scripts/Assembly-CSharp/Voodoo/Sauce/Internal/Utils/ManifestUtils.cs,Reference,SourceData/AssetRipper/Assets/Scripts/Assembly-CSharp/Voodoo/Sauce/Internal/Utils/ManifestUtils.cs,60b87dd2b095051c6bfc3bc777d1708c
Scripts/Assembly-CSharp/Voodoo/Sauce/Internal/Utils/ManifestUtilsImpl.cs,Reference,SourceData/AssetRipper/Assets/Scripts/Assembly-CSharp/Voodoo/Sauce/Internal/Utils/ManifestUtilsImpl.cs,602501ee092f68d651521bbaa5cd3cda
Scripts/Assembly-CSharp/Voodoo/Sauce/Internal/Utils/ScreenSizeUtils.cs,Reference,SourceData/AssetRipper/Assets/Scripts/Assembly-CSharp/Voodoo/Sauce/Internal/Utils/ScreenSizeUtils.cs,01d1c329a6cb8c5410d4bbe52011c33f
Scripts/Assembly-CSharp/Voodoo/Sauce/Internal/Utils/TimeUtils.cs,Reference,SourceData/AssetRipper/Assets/Scripts/Assembly-CSharp/Voodoo/Sauce/Internal/Utils/TimeUtils.cs,61bc1bce63aee5abd226010562015329
Scripts/Assembly-CSharp/Voodoo/Sauce/Internal/Utils/UnityThreadExecutor.cs,Reference,SourceData/AssetRipper/Assets/Scripts/Assembly-CSharp/Voodoo/Sauce/Internal/Utils/UnityThreadExecutor.cs,47149e24c2720283af4fb586bfa1cf14
Scripts/Assembly-CSharp/Voodoo/Sauce/Internal/Utils/Yielders.cs,Reference,SourceData/AssetRipper/Assets/Scripts/Assembly-CSharp/Voodoo/Sauce/Internal/Utils/Yielders.cs,5271c6bc0021b3e8575de99c2bf21203
Scripts/Assembly-CSharp/Voodoo/Sauce/Internal/VoodooTune/DebugVTConfiguration.cs,Reference,SourceData/AssetRipper/Assets/Scripts/Assembly-CSharp/Voodoo/Sauce/Internal/VoodooTune/DebugVTConfiguration.cs,485fb3b8f4c66b699ff68dbeb3540f05
Scripts/Assembly-CSharp/Voodoo/Sauce/Internal/VoodooTune/DebugVTEnvironmentFooter.cs,Reference,SourceData/AssetRipper/Assets/Scripts/Assembly-CSharp/Voodoo/Sauce/Internal/VoodooTune/DebugVTEnvironmentFooter.cs,e189ffc192423581a0acc3151b7b4b84
Scripts/Assembly-CSharp/Voodoo/Sauce/Internal/VoodooTune/DebugVTLocalTimeout.cs,Reference,SourceData/AssetRipper/Assets/Scripts/Assembly-CSharp/Voodoo/Sauce/Internal/VoodooTune/DebugVTLocalTimeout.cs,9aac392ad85bd93dc1587048e956f258
Scripts/Assembly-CSharp/Voodoo/Sauce/Internal/VoodooTune/DebugVTManager.cs,Reference,SourceData/AssetRipper/Assets/Scripts/Assembly-CSharp/Voodoo/Sauce/Internal/VoodooTune/DebugVTManager.cs,46792327777f871afdde35ef66e2b006
Scripts/Assembly-CSharp/Voodoo/Sauce/Internal/VoodooTune/VoodooTuneAbTestsTracker.cs,Reference,SourceData/AssetRipper/Assets/Scripts/Assembly-CSharp/Voodoo/Sauce/Internal/VoodooTune/VoodooTuneAbTestsTracker.cs,91778dac12f5a585a19409571445ee5e
Scripts/Assembly-CSharp/Voodoo/Sauce/Internal/VoodooTune/VoodooTuneAcquisitionParameters.cs,Reference,SourceData/AssetRipper/Assets/Scripts/Assembly-CSharp/Voodoo/Sauce/Internal/VoodooTune/VoodooTuneAcquisitionParameters.cs,698a7d43fe5688a179c9750202d87a62
Scripts/Assembly-CSharp/Voodoo/Sauce/Internal/VoodooTune/VoodooTuneAdsParameters.cs,Reference,SourceData/AssetRipper/Assets/Scripts/Assembly-CSharp/Voodoo/Sauce/Internal/VoodooTune/VoodooTuneAdsParameters.cs,1152620e568b61e8511971f0a4ff2c8a
Scripts/Assembly-CSharp/Voodoo/Sauce/Internal/VoodooTune/VoodooTuneApiException.cs,Reference,SourceData/AssetRipper/Assets/Scripts/Assembly-CSharp/Voodoo/Sauce/Internal/VoodooTune/VoodooTuneApiException.cs,a1b159b27f50e2309d6b56c80fb663a0
Scripts/Assembly-CSharp/Voodoo/Sauce/Internal/VoodooTune/VoodooTuneManager.cs,Reference,SourceData/AssetRipper/Assets/Scripts/Assembly-CSharp/Voodoo/Sauce/Internal/VoodooTune/VoodooTuneManager.cs,7e7c351cbb04d2c8cdedf0d08067c5e4
Scripts/Assembly-CSharp/Voodoo/Sauce/Internal/VoodooTune/VoodooTuneSegmentationManager.cs,Reference,SourceData/AssetRipper/Assets/Scripts/Assembly-CSharp/Voodoo/Sauce/Internal/VoodooTune/VoodooTuneSegmentationManager.cs,d9b15cff950928acc85f96aa5f1887e6
Scripts/Assembly-CSharp/Voodoo/Sauce/Internal/VoodooTune/VoodooTuneSessionParameters.cs,Reference,SourceData/AssetRipper/Assets/Scripts/Assembly-CSharp/Voodoo/Sauce/Internal/VoodooTune/VoodooTuneSessionParameters.cs,ecb4466af9c4bf0baa6faf4d4cdf4826
Scripts/Assembly-CSharp/Voodoo/Sauce/Internal/VoodooTune/WatchedRewardedVideosCounter.cs,Reference,SourceData/AssetRipper/Assets/Scripts/Assembly-CSharp/Voodoo/Sauce/Internal/VoodooTune/WatchedRewardedVideosCounter.cs,60171b46b959d184c65a33da37102e30
Scripts/Assembly-CSharp/Voodoo/Sauce/Internal/Ads/FakeMediation/FakeAd.cs,Reference,SourceData/AssetRipper/Assets/Scripts/Assembly-CSharp/Voodoo/Sauce/Internal/Ads/FakeMediation/FakeAd.cs,b51345bcea20bee45e90565d90d43a06
Scripts/Assembly-CSharp/Voodoo/Sauce/Internal/Ads/FakeMediation/FakeAdsManager.cs,Reference,SourceData/AssetRipper/Assets/Scripts/Assembly-CSharp/Voodoo/Sauce/Internal/Ads/FakeMediation/FakeAdsManager.cs,0a94fdac1918c93f1b570693b4f448cd
Scripts/Assembly-CSharp/Voodoo/Sauce/Internal/Ads/FakeMediation/FakeAppOpenAd.cs,Reference,SourceData/AssetRipper/Assets/Scripts/Assembly-CSharp/Voodoo/Sauce/Internal/Ads/FakeMediation/FakeAppOpenAd.cs,8933a1f38e12f094ba0206482a63e43a
Scripts/Assembly-CSharp/Voodoo/Sauce/Internal/Ads/FakeMediation/FakeBannerAd.cs,Reference,SourceData/AssetRipper/Assets/Scripts/Assembly-CSharp/Voodoo/Sauce/Internal/Ads/FakeMediation/FakeBannerAd.cs,cea1645f29ebf9771cb1f8ff0dfef56a
Scripts/Assembly-CSharp/Voodoo/Sauce/Internal/Ads/FakeMediation/FakeClosableAd.cs,Reference,SourceData/AssetRipper/Assets/Scripts/Assembly-CSharp/Voodoo/Sauce/Internal/Ads/FakeMediation/FakeClosableAd.cs,da200afd9ab614bd50068ddbd6b68a1d
Scripts/Assembly-CSharp/Voodoo/Sauce/Internal/Ads/FakeMediation/FakeInterstitialAd.cs,Reference,SourceData/AssetRipper/Assets/Scripts/Assembly-CSharp/Voodoo/Sauce/Internal/Ads/FakeMediation/FakeInterstitialAd.cs,aa6820f6e4eddfe2e73321f4ba56efe8
Scripts/Assembly-CSharp/Voodoo/Sauce/Internal/Ads/FakeMediation/FakeMediationAdapter.cs,Reference,SourceData/AssetRipper/Assets/Scripts/Assembly-CSharp/Voodoo/Sauce/Internal/Ads/FakeMediation/FakeMediationAdapter.cs,64de5fb61487c60d986e5cf570a6af81
Scripts/Assembly-CSharp/Voodoo/Sauce/Internal/Ads/FakeMediation/FakeMediationBehaviour.cs,Reference,SourceData/AssetRipper/Assets/Scripts/Assembly-CSharp/Voodoo/Sauce/Internal/Ads/FakeMediation/FakeMediationBehaviour.cs,f00f82edb3182713b61c6096ec312f8e
Scripts/Assembly-CSharp/Voodoo/Sauce/Internal/Ads/FakeMediation/FakeMediationCallbacks.cs,Reference,SourceData/AssetRipper/Assets/Scripts/Assembly-CSharp/Voodoo/Sauce/Internal/Ads/FakeMediation/FakeMediationCallbacks.cs,652bc24a008e72d24e1a97bfaa2a74b8
Scripts/Assembly-CSharp/Voodoo/Sauce/Internal/Ads/FakeMediation/FakeMrecAd.cs,Reference,SourceData/AssetRipper/Assets/Scripts/Assembly-CSharp/Voodoo/Sauce/Internal/Ads/FakeMediation/FakeMrecAd.cs,271563fe9f28a1bcd2a9e0397a49128a
Scripts/Assembly-CSharp/Voodoo/Sauce/Internal/Ads/FakeMediation/FakeNativeAd.cs,Reference,SourceData/AssetRipper/Assets/Scripts/Assembly-CSharp/Voodoo/Sauce/Internal/Ads/FakeMediation/FakeNativeAd.cs,7f222c29538453551fe77898c9d242d2
Scripts/Assembly-CSharp/Voodoo/Sauce/Internal/Ads/FakeMediation/FakeRewardedVideoAd.cs,Reference,SourceData/AssetRipper/Assets/Scripts/Assembly-CSharp/Voodoo/Sauce/Internal/Ads/FakeMediation/FakeRewardedVideoAd.cs,5fb3ce34e66260c7c1c55f90fda4ccc8
Scripts/Assembly-CSharp/Voodoo/Sauce/Internal/Ads/FakeMediation/IFakeAdsManager.cs,Reference,SourceData/AssetRipper/Assets/Scripts/Assembly-CSharp/Voodoo/Sauce/Internal/Ads/FakeMediation/IFakeAdsManager.cs,b5f20a2a1921b7950d6635bddb3bf3b2
Scripts/Assembly-CSharp/Voodoo/Sauce/Internal/Ads/MaxMediation/AmazonConfig.cs,Reference,SourceData/AssetRipper/Assets/Scripts/Assembly-CSharp/Voodoo/Sauce/Internal/Ads/MaxMediation/AmazonConfig.cs,66b22e2991dfe1ebe96da97115e46bd6
Scripts/Assembly-CSharp/Voodoo/Sauce/Internal/Ads/MaxMediation/AmazonMaxAdsPrivacy.cs,Reference,SourceData/AssetRipper/Assets/Scripts/Assembly-CSharp/Voodoo/Sauce/Internal/Ads/MaxMediation/AmazonMaxAdsPrivacy.cs,29ade4dffa7a87f615a39abad30859df
Scripts/Assembly-CSharp/Voodoo/Sauce/Internal/Ads/MaxMediation/AmazonMaxAdsSdk.cs,Reference,SourceData/AssetRipper/Assets/Scripts/Assembly-CSharp/Voodoo/Sauce/Internal/Ads/MaxMediation/AmazonMaxAdsSdk.cs,5131a4b3eae9ac419c460302cd38cefd
Scripts/Assembly-CSharp/Voodoo/Sauce/Internal/Ads/MaxMediation/IMaxAdsCustomNetworkSDK.cs,Reference,SourceData/AssetRipper/Assets/Scripts/Assembly-CSharp/Voodoo/Sauce/Internal/Ads/MaxMediation/IMaxAdsCustomNetworkSDK.cs,cb0be8dedc1f725b69889230a2562ae6
Scripts/Assembly-CSharp/Voodoo/Sauce/Internal/Ads/MaxMediation/MaxAdInfo.cs,Reference,SourceData/AssetRipper/Assets/Scripts/Assembly-CSharp/Voodoo/Sauce/Internal/Ads/MaxMediation/MaxAdInfo.cs,5e903cc1bd6876148b1adda5977e522f
Scripts/Assembly-CSharp/Voodoo/Sauce/Internal/Ads/MaxMediation/MaxMediationAdapter.cs,Reference,SourceData/AssetRipper/Assets/Scripts/Assembly-CSharp/Voodoo/Sauce/Internal/Ads/MaxMediation/MaxMediationAdapter.cs,375c98451c6dc0842329f97b02bc8acd
Scripts/Assembly-CSharp/Voodoo/Sauce/Internal/Ads/MaxMediation/MaxMediationAdapterSDK.cs,Reference,SourceData/AssetRipper/Assets/Scripts/Assembly-CSharp/Voodoo/Sauce/Internal/Ads/MaxMediation/MaxMediationAdapterSDK.cs,6a5270e4d2d09a37193f78c78634991e
Scripts/Assembly-CSharp/Voodoo/Sauce/Internal/Analytics/Editor/AppHarbrProviderSDK.cs,Reference,SourceData/AssetRipper/Assets/Scripts/Assembly-CSharp/Voodoo/Sauce/Internal/Analytics/Editor/AppHarbrProviderSDK.cs,90b6c61f251771e152a7988325eeabfe
Scripts/Assembly-CSharp/Voodoo/Sauce/Internal/Analytics/Editor/GameAnalyticsProviderSDK.cs,Reference,SourceData/AssetRipper/Assets/Scripts/Assembly-CSharp/Voodoo/Sauce/Internal/Analytics/Editor/GameAnalyticsProviderSDK.cs,4a8835ea0019c4433b9712b0ba63da0d
Scripts/Assembly-CSharp/Voodoo/Sauce/Internal/Analytics/PerformanceTracking/ContinuousMetrics.cs,Reference,SourceData/AssetRipper/Assets/Scripts/Assembly-CSharp/Voodoo/Sauce/Internal/Analytics/PerformanceTracking/ContinuousMetrics.cs,455e0a206aee292c2d68e3613b85c1c3
Scripts/Assembly-CSharp/Voodoo/Sauce/Internal/Analytics/PerformanceTracking/CustomPerformanceTrackingManager.cs,Reference,SourceData/AssetRipper/Assets/Scripts/Assembly-CSharp/Voodoo/Sauce/Internal/Analytics/PerformanceTracking/CustomPerformanceTrackingManager.cs,3364f4fb0c3e814dd4901c3c42251bb7
Scripts/Assembly-CSharp/Voodoo/Sauce/Internal/Analytics/PerformanceTracking/FixedIntervalFrameCounter.cs,Reference,SourceData/AssetRipper/Assets/Scripts/Assembly-CSharp/Voodoo/Sauce/Internal/Analytics/PerformanceTracking/FixedIntervalFrameCounter.cs,e6f6b4249c8b9a463e346bd546c8904e
Scripts/Assembly-CSharp/Voodoo/Sauce/Internal/Analytics/PerformanceTracking/FixedPointMetrics.cs,Reference,SourceData/AssetRipper/Assets/Scripts/Assembly-CSharp/Voodoo/Sauce/Internal/Analytics/PerformanceTracking/FixedPointMetrics.cs,e84d20c1ff38dee3793029cd50e38cba
Scripts/Assembly-CSharp/Voodoo/Sauce/Internal/Analytics/PerformanceTracking/FrameCounter.cs,Reference,SourceData/AssetRipper/Assets/Scripts/Assembly-CSharp/Voodoo/Sauce/Internal/Analytics/PerformanceTracking/FrameCounter.cs,9420228847eb30c0045dd6b19de2f243
Scripts/Assembly-CSharp/Voodoo/Sauce/Internal/Analytics/PerformanceTracking/FrameCounterService.cs,Reference,SourceData/AssetRipper/Assets/Scripts/Assembly-CSharp/Voodoo/Sauce/Internal/Analytics/PerformanceTracking/FrameCounterService.cs,0f15dd7ccf8c3f9c5e5f7095bb6987a8
Scripts/Assembly-CSharp/Voodoo/Sauce/Internal/Analytics/PerformanceTracking/IntervalBasedPerformanceTrackingManager.cs,Reference,SourceData/AssetRipper/Assets/Scripts/Assembly-CSharp/Voodoo/Sauce/Internal/Analytics/PerformanceTracking/IntervalBasedPerformanceTrackingManager.cs,444713df804bd6b27ed1770549f4802f
Scripts/Assembly-CSharp/Voodoo/Sauce/Internal/Analytics/PerformanceTracking/PerformanceTrackingManager.cs,Reference,SourceData/AssetRipper/Assets/Scripts/Assembly-CSharp/Voodoo/Sauce/Internal/Analytics/PerformanceTracking/PerformanceTrackingManager.cs,7a7dcefecedd0136d200eaad96b365df
Scripts/Assembly-CSharp/Voodoo/Sauce/Internal/Analytics/PerformanceTracking/PerformanceTrackingMeasurementType.cs,Reference,SourceData/AssetRipper/Assets/Scripts/Assembly-CSharp/Voodoo/Sauce/Internal/Analytics/PerformanceTracking/PerformanceTrackingMeasurementType.cs,c03067d9eb773154fb4444341270d192
Scripts/Assembly-CSharp/Voodoo/Sauce/Internal/Analytics/PerformanceTracking/SceneBasedPerformanceTrackingManager.cs,Reference,SourceData/AssetRipper/Assets/Scripts/Assembly-CSharp/Voodoo/Sauce/Internal/Analytics/PerformanceTracking/SceneBasedPerformanceTrackingManager.cs,550763eb41bcc47a0afcb734e2e08d79
Scripts/Assembly-CSharp/Voodoo/Sauce/Internal/Analytics/VoodooAnalytics/_3rdParty/Common/AnalyticsHttpLoggingClientHandler.cs,Reference,SourceData/AssetRipper/Assets/Scripts/Assembly-CSharp/Voodoo/Sauce/Internal/Analytics/VoodooAnalytics/_3rdParty/Common/AnalyticsHttpLoggingClientHandler.cs,09a329f2cdf231492b16da390e57e932
Scripts/Assembly-CSharp/Voodoo/Sauce/Internal/Common/Utils/QueryParameters.cs,Reference,SourceData/AssetRipper/Assets/Scripts/Assembly-CSharp/Voodoo/Sauce/Internal/Common/Utils/QueryParameters.cs,10afd849747d3717f421334def26f5ff
Scripts/Assembly-CSharp/Voodoo/Sauce/Internal/CrossPromo/Configuration/BackupAdsConfig.cs,Reference,SourceData/AssetRipper/Assets/Scripts/Assembly-CSharp/Voodoo/Sauce/Internal/CrossPromo/Configuration/BackupAdsConfig.cs,4346164a53262841e580d71562a7f612
Scripts/Assembly-CSharp/Voodoo/Sauce/Internal/CrossPromo/Configuration/BackupInterstitialConfig.cs,Reference,SourceData/AssetRipper/Assets/Scripts/Assembly-CSharp/Voodoo/Sauce/Internal/CrossPromo/Configuration/BackupInterstitialConfig.cs,d553b639d33fc2f47bdb42deddd37946
Scripts/Assembly-CSharp/Voodoo/Sauce/Internal/CrossPromo/Mercury/MercuryAPI.cs,Reference,SourceData/AssetRipper/Assets/Scripts/Assembly-CSharp/Voodoo/Sauce/Internal/CrossPromo/Mercury/MercuryAPI.cs,b6d5b3d235ecaba37603f4ff2845328e
Scripts/Assembly-CSharp/Voodoo/Sauce/Internal/CrossPromo/Mercury/MercuryCache.cs,Reference,SourceData/AssetRipper/Assets/Scripts/Assembly-CSharp/Voodoo/Sauce/Internal/CrossPromo/Mercury/MercuryCache.cs,9b9b1121e638065aeb6d3cc8902db3b2
Scripts/Assembly-CSharp/Voodoo/Sauce/Internal/CrossPromo/Mercury/MercuryDownloader.cs,Reference,SourceData/AssetRipper/Assets/Scripts/Assembly-CSharp/Voodoo/Sauce/Internal/CrossPromo/Mercury/MercuryDownloader.cs,9455f462b4e62c41f7ad7b2d66cb3dca
Scripts/Assembly-CSharp/Voodoo/Sauce/Internal/CrossPromo/Mercury/MercuryTestModeManager.cs,Reference,SourceData/AssetRipper/Assets/Scripts/Assembly-CSharp/Voodoo/Sauce/Internal/CrossPromo/Mercury/MercuryTestModeManager.cs,771f4e50604c3ea32cbfdfe72112b4b0
Scripts/Assembly-CSharp/Voodoo/Sauce/Internal/CrossPromo/BackupAds/Scripts/BackupAdsManager.cs,Reference,SourceData/AssetRipper/Assets/Scripts/Assembly-CSharp/Voodoo/Sauce/Internal/CrossPromo/BackupAds/Scripts/BackupAdsManager.cs,7943aaf00bb7da05fc4462306c806306
Scripts/Assembly-CSharp/Voodoo/Sauce/Internal/CrossPromo/BackupAds/Utils/VideoPlayerTimebar.cs,Reference,SourceData/AssetRipper/Assets/Scripts/Assembly-CSharp/Voodoo/Sauce/Internal/CrossPromo/BackupAds/Utils/VideoPlayerTimebar.cs,18dc118da56358736fb41456c5725536
Scripts/Assembly-CSharp/Voodoo/Sauce/Internal/CrossPromo/BackupAds/Scripts/Analytics/BackupAdsAdjustTracking.cs,Reference,SourceData/AssetRipper/Assets/Scripts/Assembly-CSharp/Voodoo/Sauce/Internal/CrossPromo/BackupAds/Scripts/Analytics/BackupAdsAdjustTracking.cs,f3b2e6c4278acd634640f361af71b229
Scripts/Assembly-CSharp/Voodoo/Sauce/Internal/CrossPromo/BackupAds/Scripts/Analytics/BackupAdsAnalytics.cs,Reference,SourceData/AssetRipper/Assets/Scripts/Assembly-CSharp/Voodoo/Sauce/Internal/CrossPromo/BackupAds/Scripts/Analytics/BackupAdsAnalytics.cs,b6758e24fb4efa34a767c02dc143e4c7
Scripts/Assembly-CSharp/Voodoo/Sauce/Internal/CrossPromo/BackupAds/Scripts/Canvas/BackupAdsCanvas.cs,Reference,SourceData/AssetRipper/Assets/Scripts/Assembly-CSharp/Voodoo/Sauce/Internal/CrossPromo/BackupAds/Scripts/Canvas/BackupAdsCanvas.cs,929452d527be80b6b0bb02e78ddb8f60
Scripts/Assembly-CSharp/Voodoo/Sauce/Internal/CrossPromo/BackupAds/Scripts/Canvas/BackupAdsCloseButtonLandscape.cs,Reference,SourceData/AssetRipper/Assets/Scripts/Assembly-CSharp/Voodoo/Sauce/Internal/CrossPromo/BackupAds/Scripts/Canvas/BackupAdsCloseButtonLandscape.cs,3f71a403e24d84e6d6330097b80bca07
Scripts/Assembly-CSharp/Voodoo/Sauce/Internal/CrossPromo/BackupAds/Scripts/Canvas/SimpleVideoPlayer.cs,Reference,SourceData/AssetRipper/Assets/Scripts/Assembly-CSharp/Voodoo/Sauce/Internal/CrossPromo/BackupAds/Scripts/Canvas/SimpleVideoPlayer.cs,5a6397eedd244a6e1ecff924b116a5d3
Scripts/Assembly-CSharp/Voodoo/Sauce/Internal/CrossPromo/BackupAds/Scripts/Models/BackupAdsAnalyticsInfo.cs,Reference,SourceData/AssetRipper/Assets/Scripts/Assembly-CSharp/Voodoo/Sauce/Internal/CrossPromo/BackupAds/Scripts/Models/BackupAdsAnalyticsInfo.cs,fe457f3eff55791da44eb8d5de76c34a
Scripts/Assembly-CSharp/Voodoo/Sauce/Internal/CrossPromo/BackupAds/Scripts/Models/BackupAdsInfo.cs,Reference,SourceData/AssetRipper/Assets/Scripts/Assembly-CSharp/Voodoo/Sauce/Internal/CrossPromo/BackupAds/Scripts/Models/BackupAdsInfo.cs,d3d85eadacb8a6756b49ccbff2829847
Scripts/Assembly-CSharp/Voodoo/Sauce/Internal/CrossPromo/BackupAds/Scripts/Settings/BackupAdsSettings.cs,Reference,SourceData/AssetRipper/Assets/Scripts/Assembly-CSharp/Voodoo/Sauce/Internal/CrossPromo/BackupAds/Scripts/Settings/BackupAdsSettings.cs,04388ca7c3d03725f76397a002f77bde
Scripts/Assembly-CSharp/Voodoo/Sauce/Internal/CrossPromo/Mercury/Models/MercuryGame.cs,Reference,SourceData/AssetRipper/Assets/Scripts/Assembly-CSharp/Voodoo/Sauce/Internal/CrossPromo/Mercury/Models/MercuryGame.cs,1d05b90809e318ec1d10077eed65efba
Scripts/Assembly-CSharp/Voodoo/Sauce/Internal/CrossPromo/Mercury/Models/MercuryPromotedAsset.cs,Reference,SourceData/AssetRipper/Assets/Scripts/Assembly-CSharp/Voodoo/Sauce/Internal/CrossPromo/Mercury/Models/MercuryPromotedAsset.cs,031d8f9c9d1b43e930be2c18517572a6
Scripts/Assembly-CSharp/Voodoo/Sauce/Internal/CrossPromo/Mercury/Models/MercuryRequestInfo.cs,Reference,SourceData/AssetRipper/Assets/Scripts/Assembly-CSharp/Voodoo/Sauce/Internal/CrossPromo/Mercury/Models/MercuryRequestInfo.cs,ce159da0aa7cdee765168a6daf7b080a
Scripts/Assembly-CSharp/Voodoo/Sauce/Internal/CrossPromo/Mercury/Models/MercuryWaterfall.cs,Reference,SourceData/AssetRipper/Assets/Scripts/Assembly-CSharp/Voodoo/Sauce/Internal/CrossPromo/Mercury/Models/MercuryWaterfall.cs,89b533f7a6d6ec6e744d52b0239d5c58
Scripts/Assembly-CSharp/Voodoo/Sauce/Internal/CrossPromo/Mercury/Parameters/GetGameInfoParameters.cs,Reference,SourceData/AssetRipper/Assets/Scripts/Assembly-CSharp/Voodoo/Sauce/Internal/CrossPromo/Mercury/Parameters/GetGameInfoParameters.cs,0cc9e70cb7e61cc614abd0e89b96979d
Scripts/Assembly-CSharp/Voodoo/Sauce/Internal/DebugScreen/CodeStage/AdvancedFPSCounter/AFPSCounter.cs,Reference,SourceData/AssetRipper/Assets/Scripts/Assembly-CSharp/Voodoo/Sauce/Internal/DebugScreen/CodeStage/AdvancedFPSCounter/AFPSCounter.cs,20571a141bb76a575e3fc488857d1ef8
Scripts/Assembly-CSharp/Voodoo/Sauce/Internal/DebugScreen/CodeStage/AdvancedFPSCounter/AFPSInputProxy.cs,Reference,SourceData/AssetRipper/Assets/Scripts/Assembly-CSharp/Voodoo/Sauce/Internal/DebugScreen/CodeStage/AdvancedFPSCounter/AFPSInputProxy.cs,8bcea12f7b83f814fcfe9bbdf7a40838
Scripts/Assembly-CSharp/Voodoo/Sauce/Internal/DebugScreen/CodeStage/AdvancedFPSCounter/FPSLevel.cs,Reference,SourceData/AssetRipper/Assets/Scripts/Assembly-CSharp/Voodoo/Sauce/Internal/DebugScreen/CodeStage/AdvancedFPSCounter/FPSLevel.cs,3b431f31f10588b439d756f1ae9b4623
Scripts/Assembly-CSharp/Voodoo/Sauce/Internal/DebugScreen/CodeStage/AdvancedFPSCounter/OperationMode.cs,Reference,SourceData/AssetRipper/Assets/Scripts/Assembly-CSharp/Voodoo/Sauce/Internal/DebugScreen/CodeStage/AdvancedFPSCounter/OperationMode.cs,36751e53be80ec141a0565d554a015c5
Scripts/Assembly-CSharp/Voodoo/Sauce/Internal/DebugScreen/CodeStage/AdvancedFPSCounter/CountersData/BaseCounterData.cs,Reference,SourceData/AssetRipper/Assets/Scripts/Assembly-CSharp/Voodoo/Sauce/Internal/DebugScreen/CodeStage/AdvancedFPSCounter/CountersData/BaseCounterData.cs,61417b72b712341d2c14592af3b3336b
Scripts/Assembly-CSharp/Voodoo/Sauce/Internal/DebugScreen/CodeStage/AdvancedFPSCounter/CountersData/DeviceInfoCounterData.cs,Reference,SourceData/AssetRipper/Assets/Scripts/Assembly-CSharp/Voodoo/Sauce/Internal/DebugScreen/CodeStage/AdvancedFPSCounter/CountersData/DeviceInfoCounterData.cs,02126de2fe3acf8d6b87e5cda91a9107
Scripts/Assembly-CSharp/Voodoo/Sauce/Internal/DebugScreen/CodeStage/AdvancedFPSCounter/CountersData/FPSCounterData.cs,Reference,SourceData/AssetRipper/Assets/Scripts/Assembly-CSharp/Voodoo/Sauce/Internal/DebugScreen/CodeStage/AdvancedFPSCounter/CountersData/FPSCounterData.cs,a48fc67c097d44243e92c0277db9cda2
Scripts/Assembly-CSharp/Voodoo/Sauce/Internal/DebugScreen/CodeStage/AdvancedFPSCounter/CountersData/MemoryCounterData.cs,Reference,SourceData/AssetRipper/Assets/Scripts/Assembly-CSharp/Voodoo/Sauce/Internal/DebugScreen/CodeStage/AdvancedFPSCounter/CountersData/MemoryCounterData.cs,4056e14c48827f268079535c9f12b1b1
Scripts/Assembly-CSharp/Voodoo/Sauce/Internal/DebugScreen/CodeStage/AdvancedFPSCounter/CountersData/StaticCounterData.cs,Reference,SourceData/AssetRipper/Assets/Scripts/Assembly-CSharp/Voodoo/Sauce/Internal/DebugScreen/CodeStage/AdvancedFPSCounter/CountersData/StaticCounterData.cs,38525c20fd9dd1834fa3b10e7ef8796c
Scripts/Assembly-CSharp/Voodoo/Sauce/Internal/DebugScreen/CodeStage/AdvancedFPSCounter/CountersData/ThermalStateCounterData.cs,Reference,SourceData/AssetRipper/Assets/Scripts/Assembly-CSharp/Voodoo/Sauce/Internal/DebugScreen/CodeStage/AdvancedFPSCounter/CountersData/ThermalStateCounterData.cs,44a0609e8c80c31d273fa3a3fb6bcbc5
Scripts/Assembly-CSharp/Voodoo/Sauce/Internal/DebugScreen/CodeStage/AdvancedFPSCounter/CountersData/UpdatableCounterData.cs,Reference,SourceData/AssetRipper/Assets/Scripts/Assembly-CSharp/Voodoo/Sauce/Internal/DebugScreen/CodeStage/AdvancedFPSCounter/CountersData/UpdatableCounterData.cs,66be125cb2628474f8e914f5a5863d5c
Scripts/Assembly-CSharp/Voodoo/Sauce/Internal/DebugScreen/CodeStage/AdvancedFPSCounter/Labels/DrawableLabel.cs,Reference,SourceData/AssetRipper/Assets/Scripts/Assembly-CSharp/Voodoo/Sauce/Internal/DebugScreen/CodeStage/AdvancedFPSCounter/Labels/DrawableLabel.cs,d9eaade4c3e58b5558a51150bc1d1684
Scripts/Assembly-CSharp/Voodoo/Sauce/Internal/DebugScreen/CodeStage/AdvancedFPSCounter/Labels/LabelAnchor.cs,Reference,SourceData/AssetRipper/Assets/Scripts/Assembly-CSharp/Voodoo/Sauce/Internal/DebugScreen/CodeStage/AdvancedFPSCounter/Labels/LabelAnchor.cs,e4ad24286a207c642ac3ec7f337fccda
Scripts/Assembly-CSharp/Voodoo/Sauce/Internal/DebugScreen/CodeStage/AdvancedFPSCounter/Labels/LabelEffect.cs,Reference,SourceData/AssetRipper/Assets/Scripts/Assembly-CSharp/Voodoo/Sauce/Internal/DebugScreen/CodeStage/AdvancedFPSCounter/Labels/LabelEffect.cs,716c92b123a38f4854649e47badcb98c
Scripts/Assembly-CSharp/Voodoo/Sauce/Internal/DebugScreen/CodeStage/AdvancedFPSCounter/Utils/AFPSRenderRecorder.cs,Reference,SourceData/AssetRipper/Assets/Scripts/Assembly-CSharp/Voodoo/Sauce/Internal/DebugScreen/CodeStage/AdvancedFPSCounter/Utils/AFPSRenderRecorder.cs,7dbd1e69d3ff5b3a83b138f61e2c27c6
Scripts/Assembly-CSharp/Voodoo/Sauce/Internal/DebugScreen/CodeStage/AdvancedFPSCounter/Utils/CachedNumbers.cs,Reference,SourceData/AssetRipper/Assets/Scripts/Assembly-CSharp/Voodoo/Sauce/Internal/DebugScreen/CodeStage/AdvancedFPSCounter/Utils/CachedNumbers.cs,420b87d7b637623c325c052a954056d5
Scripts/Assembly-CSharp/Voodoo/Sauce/Internal/DebugScreen/CodeStage/AdvancedFPSCounter/Utils/UIUtils.cs,Reference,SourceData/AssetRipper/Assets/Scripts/Assembly-CSharp/Voodoo/Sauce/Internal/DebugScreen/CodeStage/AdvancedFPSCounter/Utils/UIUtils.cs,493e5f09f12bd166677ae59713d16e23
Scripts/Assembly-CSharp/Voodoo/Sauce/Internal/GDPR/UI/VoodooDebuggerInstructionPopup.cs,Reference,SourceData/AssetRipper/Assets/Scripts/Assembly-CSharp/Voodoo/Sauce/Internal/GDPR/UI/VoodooDebuggerInstructionPopup.cs,f26c4a7b5db6f1de5ca7067fcb52ec04
Scripts/Assembly-CSharp/Voodoo/Sauce/Internal/SDKs/Models/AndroidPackage.cs,Reference,SourceData/AssetRipper/Assets/Scripts/Assembly-CSharp/Voodoo/Sauce/Internal/SDKs/Models/AndroidPackage.cs,1fd59c7fdf1221e4aa63d673ad8af2d9
Scripts/Assembly-CSharp/Voodoo/Sauce/Internal/SDKs/Models/AndroidPackages.cs,Reference,SourceData/AssetRipper/Assets/Scripts/Assembly-CSharp/Voodoo/Sauce/Internal/SDKs/Models/AndroidPackages.cs,9b658f7d193dbc443b97218dd73f2841
Scripts/Assembly-CSharp/Voodoo/Sauce/Internal/SDKs/Models/Dependencies.cs,Reference,SourceData/AssetRipper/Assets/Scripts/Assembly-CSharp/Voodoo/Sauce/Internal/SDKs/Models/Dependencies.cs,14f9f3bddb3db99cd889f5c972abf309
Scripts/Assembly-CSharp/Voodoo/Sauce/Internal/SDKs/Models/IosPod.cs,Reference,SourceData/AssetRipper/Assets/Scripts/Assembly-CSharp/Voodoo/Sauce/Internal/SDKs/Models/IosPod.cs,5c27984fe2d8481419c2b08b75907b99
Scripts/Assembly-CSharp/Voodoo/Sauce/Internal/SDKs/Models/IosPods.cs,Reference,SourceData/AssetRipper/Assets/Scripts/Assembly-CSharp/Voodoo/Sauce/Internal/SDKs/Models/IosPods.cs,f7f93f7540910cd409b7e778174ac07d
Scripts/Assembly-CSharp/Voodoo/Sauce/Internal/SDKs/Models/Repositories.cs,Reference,SourceData/AssetRipper/Assets/Scripts/Assembly-CSharp/Voodoo/Sauce/Internal/SDKs/Models/Repositories.cs,dde06e744ee8cbb4988a010823f3e601
Scripts/Assembly-CSharp/Voodoo/Sauce/Privacy/Sourcepoint/Sourcepoint.cs,Reference,SourceData/AssetRipper/Assets/Scripts/Assembly-CSharp/Voodoo/Sauce/Privacy/Sourcepoint/Sourcepoint.cs,eaf73da91b57409676b74dfb265091ad
Scripts/Assembly-CSharp/Voodoo/Sauce/Privacy/Sourcepoint/SourcepointBehaviour.cs,Reference,SourceData/AssetRipper/Assets/Scripts/Assembly-CSharp/Voodoo/Sauce/Privacy/Sourcepoint/SourcepointBehaviour.cs,57739a19252ff2bd0a27012333e95f9e
Scripts/Assembly-CSharp/Voodoo/Sauce/Privacy/Sourcepoint/SourcepointSDK.cs,Reference,SourceData/AssetRipper/Assets/Scripts/Assembly-CSharp/Voodoo/Sauce/Privacy/Sourcepoint/SourcepointSDK.cs,2edf23f64142ee7912b9495dca6eed0f
Scripts/Assembly-CSharp/Voodoo/Sauce/Privacy/UI/AccessDataScreen.cs,Reference,SourceData/AssetRipper/Assets/Scripts/Assembly-CSharp/Voodoo/Sauce/Privacy/UI/AccessDataScreen.cs,88457ede7654a7658a1badca7a7c67c6
Scripts/Assembly-CSharp/Voodoo/Sauce/Privacy/UI/CmpSettingsScreen.cs,Reference,SourceData/AssetRipper/Assets/Scripts/Assembly-CSharp/Voodoo/Sauce/Privacy/UI/CmpSettingsScreen.cs,861a1f43ac8d3018af76a6a459c7265a
Scripts/Assembly-CSharp/Voodoo/Sauce/Privacy/UI/ConsentLine.cs,Reference,SourceData/AssetRipper/Assets/Scripts/Assembly-CSharp/Voodoo/Sauce/Privacy/UI/ConsentLine.cs,ea13b4f59b8a9ac5b5ce08992bbd135d
Scripts/Assembly-CSharp/Voodoo/Sauce/Privacy/UI/DataScreenInfo.cs,Reference,SourceData/AssetRipper/Assets/Scripts/Assembly-CSharp/Voodoo/Sauce/Privacy/UI/DataScreenInfo.cs,3f8bb2f91cb1574488536c26b35080b8
Scripts/Assembly-CSharp/Voodoo/Sauce/Privacy/UI/DeleteScreen.cs,Reference,SourceData/AssetRipper/Assets/Scripts/Assembly-CSharp/Voodoo/Sauce/Privacy/UI/DeleteScreen.cs,a70d2334dd89e4fad3ee56c686012f33
Scripts/Assembly-CSharp/Voodoo/Sauce/Privacy/UI/GoogleChromePromotionNotDefaultBrowser.cs,Reference,SourceData/AssetRipper/Assets/Scripts/Assembly-CSharp/Voodoo/Sauce/Privacy/UI/GoogleChromePromotionNotDefaultBrowser.cs,fc0f071e563042d97876c5329ccb0673
Scripts/Assembly-CSharp/Voodoo/Sauce/Privacy/UI/IPrivacyCanvas.cs,Reference,SourceData/AssetRipper/Assets/Scripts/Assembly-CSharp/Voodoo/Sauce/Privacy/UI/IPrivacyCanvas.cs,eb739fbbd406355fb92ad1321c547de3
Scripts/Assembly-CSharp/Voodoo/Sauce/Privacy/UI/IPrivacyUIManager.cs,Reference,SourceData/AssetRipper/Assets/Scripts/Assembly-CSharp/Voodoo/Sauce/Privacy/UI/IPrivacyUIManager.cs,8e6372fbf37952a2b377b34e37b46ef3
Scripts/Assembly-CSharp/Voodoo/Sauce/Privacy/UI/IPrivacyUIManagerParameters.cs,Reference,SourceData/AssetRipper/Assets/Scripts/Assembly-CSharp/Voodoo/Sauce/Privacy/UI/IPrivacyUIManagerParameters.cs,97d62f6eae5a5c74885f4af2d247fbed
Scripts/Assembly-CSharp/Voodoo/Sauce/Privacy/UI/LearnMoreScreen.cs,Reference,SourceData/AssetRipper/Assets/Scripts/Assembly-CSharp/Voodoo/Sauce/Privacy/UI/LearnMoreScreen.cs,72dd3bcfad0ca6775128b2f5221e8441
Scripts/Assembly-CSharp/Voodoo/Sauce/Privacy/UI/LoadingScreen.cs,Reference,SourceData/AssetRipper/Assets/Scripts/Assembly-CSharp/Voodoo/Sauce/Privacy/UI/LoadingScreen.cs,7bad2c8e54993002194285f7cc64d14a
Scripts/Assembly-CSharp/Voodoo/Sauce/Privacy/UI/OfferwallTexts.cs,Reference,SourceData/AssetRipper/Assets/Scripts/Assembly-CSharp/Voodoo/Sauce/Privacy/UI/OfferwallTexts.cs,229e3073dab2e0f43980ee0b1123eec6
Scripts/Assembly-CSharp/Voodoo/Sauce/Privacy/UI/ParternsScreen.cs,Reference,SourceData/AssetRipper/Assets/Scripts/Assembly-CSharp/Voodoo/Sauce/Privacy/UI/ParternsScreen.cs,27c3bb1e2cabfd288a15016d0a907d3d
Scripts/Assembly-CSharp/Voodoo/Sauce/Privacy/UI/PopupScreen.cs,Reference,SourceData/AssetRipper/Assets/Scripts/Assembly-CSharp/Voodoo/Sauce/Privacy/UI/PopupScreen.cs,2c921c14b715a8934c870f689a9acd58
Scripts/Assembly-CSharp/Voodoo/Sauce/Privacy/UI/PrivacyCanvas.cs,Reference,SourceData/AssetRipper/Assets/Scripts/Assembly-CSharp/Voodoo/Sauce/Privacy/UI/PrivacyCanvas.cs,10b7225526f754754ee21998f1fd140a
Scripts/Assembly-CSharp/Voodoo/Sauce/Privacy/UI/PrivacyConsent.cs,Reference,SourceData/AssetRipper/Assets/Scripts/Assembly-CSharp/Voodoo/Sauce/Privacy/UI/PrivacyConsent.cs,d968bc5d19dfc004c9cbb630dec4ecf0
Scripts/Assembly-CSharp/Voodoo/Sauce/Privacy/UI/PrivacyPolicyElement.cs,Reference,SourceData/AssetRipper/Assets/Scripts/Assembly-CSharp/Voodoo/Sauce/Privacy/UI/PrivacyPolicyElement.cs,6df5aab28294357508d01be71c63b489
Scripts/Assembly-CSharp/Voodoo/Sauce/Privacy/UI/PrivacyScreen.cs,Reference,SourceData/AssetRipper/Assets/Scripts/Assembly-CSharp/Voodoo/Sauce/Privacy/UI/PrivacyScreen.cs,1da30b28584a60407a2bcfc67445a93d
Scripts/Assembly-CSharp/Voodoo/Sauce/Privacy/UI/PrivacyTexts.cs,Reference,SourceData/AssetRipper/Assets/Scripts/Assembly-CSharp/Voodoo/Sauce/Privacy/UI/PrivacyTexts.cs,1d8ba77e155151241a7162a6ec15b52a
Scripts/Assembly-CSharp/Voodoo/Sauce/Privacy/UI/PrivacyUIManager.cs,Reference,SourceData/AssetRipper/Assets/Scripts/Assembly-CSharp/Voodoo/Sauce/Privacy/UI/PrivacyUIManager.cs,f3b2b073dd3f7a54ee1a2e74f196a5ab
Scripts/Assembly-CSharp/Voodoo/Sauce/Privacy/UI/PrivacyUpdate.cs,Reference,SourceData/AssetRipper/Assets/Scripts/Assembly-CSharp/Voodoo/Sauce/Privacy/UI/PrivacyUpdate.cs,7a39d8f7c11ceac4fa9730040ae2de6f
Scripts/Assembly-CSharp/Voodoo/Sauce/Privacy/UI/SettingsScreen.cs,Reference,SourceData/AssetRipper/Assets/Scripts/Assembly-CSharp/Voodoo/Sauce/Privacy/UI/SettingsScreen.cs,bbcc92e26b627c52d742577672d0fc6d
Scripts/Assembly-CSharp/Voodoo/Sauce/Privacy/UI/SimpleCheckbox.cs,Reference,SourceData/AssetRipper/Assets/Scripts/Assembly-CSharp/Voodoo/Sauce/Privacy/UI/SimpleCheckbox.cs,e0ce2b3da90837ca964a0815765c13c9
Scripts/Assembly-CSharp/Voodoo/Sauce/Privacy/UI/UserDetails.cs,Reference,SourceData/AssetRipper/Assets/Scripts/Assembly-CSharp/Voodoo/Sauce/Privacy/UI/UserDetails.cs,73b91b5767995484fadd0823f593454f
Scripts/Assembly-CSharp/Voodoo/Sauce/ThermalState/Description/AndroidThermalStateDescriptor.cs,Reference,SourceData/AssetRipper/Assets/Scripts/Assembly-CSharp/Voodoo/Sauce/ThermalState/Description/AndroidThermalStateDescriptor.cs,893f7360b3aca0d819130066ce821f69
Scripts/Assembly-CSharp/Voodoo/Sauce/ThermalState/Description/EditorThermalStateDescriptor.cs,Reference,SourceData/AssetRipper/Assets/Scripts/Assembly-CSharp/Voodoo/Sauce/ThermalState/Description/EditorThermalStateDescriptor.cs,512dc2e3b65d55e2690c76a131002952
Scripts/Assembly-CSharp/Voodoo/Sauce/ThermalState/Description/IosThermalStateDescriptor.cs,Reference,SourceData/AssetRipper/Assets/Scripts/Assembly-CSharp/Voodoo/Sauce/ThermalState/Description/IosThermalStateDescriptor.cs,742b75f9610642921dd7a0723363d4a0
Scripts/Assembly-CSharp/Voodoo/Sauce/ThermalState/Description/IThermalStateDescriptor.cs,Reference,SourceData/AssetRipper/Assets/Scripts/Assembly-CSharp/Voodoo/Sauce/ThermalState/Description/IThermalStateDescriptor.cs,b83de34b36c6939fc3c86fa75c220974
Scripts/Assembly-CSharp/Voodoo/Sauce/Tools/AccessButton/AccessButton.cs,Reference,SourceData/AssetRipper/Assets/Scripts/Assembly-CSharp/Voodoo/Sauce/Tools/AccessButton/AccessButton.cs,7b35beb046d4994ebdb7bf590fd094b6
Scripts/Assembly-CSharp/Voodoo/Sauce/Tools/AccessButton/AccessProcess.cs,Reference,SourceData/AssetRipper/Assets/Scripts/Assembly-CSharp/Voodoo/Sauce/Tools/AccessButton/AccessProcess.cs,4dec0b07c0baaad7fe511dad2324e80f
Scripts/Assembly-CSharp/Voodoo/Sauce/Tools/AccessButton/BubbleButton.cs,Reference,SourceData/AssetRipper/Assets/Scripts/Assembly-CSharp/Voodoo/Sauce/Tools/AccessButton/BubbleButton.cs,eaf7611f845378ba754e793250419710
Scripts/Assembly-CSharp/Voodoo/Sauce/Tools/AccessButton/DebugAccessButton.cs,Reference,SourceData/AssetRipper/Assets/Scripts/Assembly-CSharp/Voodoo/Sauce/Tools/AccessButton/DebugAccessButton.cs,7a21cfb8c6c6f4837cb1a3240ed50120
Scripts/Assembly-CSharp/Voodoo/Sauce/Tools/AccessButton/HidePanel.cs,Reference,SourceData/AssetRipper/Assets/Scripts/Assembly-CSharp/Voodoo/Sauce/Tools/AccessButton/HidePanel.cs,00faa9fcd0076c87fe53bca215fc3929
Scripts/Assembly-CSharp/Voodoo/Sauce/Tools/PerformanceDisplay/PerformanceDisplayManager.cs,Reference,SourceData/AssetRipper/Assets/Scripts/Assembly-CSharp/Voodoo/Sauce/Tools/PerformanceDisplay/PerformanceDisplayManager.cs,f77340aa216fa416b65e759bd51e0cf5
Scripts/Assembly-CSharp/__Funflare/Scripts/Offers/RewardDatabase.cs,Reference,SourceData/AssetRipper/Assets/Scripts/Assembly-CSharp/__Funflare/Scripts/Offers/RewardDatabase.cs,4d22861ce95cf8f86647fe1949c16f5a
Scripts/Assembly-CSharp/__PROJECT/Dev/Scripts/AnalyticEvents.cs,Reference,SourceData/AssetRipper/Assets/Scripts/Assembly-CSharp/__PROJECT/Dev/Scripts/AnalyticEvents.cs,52f286f96231ee8443f62b993fac5308
Scripts/Assembly-CSharp/__PROJECT/Dev/Scripts/Const.cs,Reference,SourceData/AssetRipper/Assets/Scripts/Assembly-CSharp/__PROJECT/Dev/Scripts/Const.cs,c2d75769ab7ed3b44978d1ffcfdd8c59
Scripts/Assembly-CSharp/__PROJECT/Dev/Scripts/Currency.cs,Reference,SourceData/AssetRipper/Assets/Scripts/Assembly-CSharp/__PROJECT/Dev/Scripts/Currency.cs,ea3b8c600c156b14cbfcebb5c6621d38
Scripts/Assembly-CSharp/__PROJECT/Dev/Scripts/GalleryPrefs.cs,Reference,SourceData/AssetRipper/Assets/Scripts/Assembly-CSharp/__PROJECT/Dev/Scripts/GalleryPrefs.cs,15232b1ac2a891e2c51438357817a90b
Scripts/Assembly-CSharp/__PROJECT/Dev/Scripts/GameConfig.cs,Reference,SourceData/AssetRipper/Assets/Scripts/Assembly-CSharp/__PROJECT/Dev/Scripts/GameConfig.cs,b8ab13a9cec5f6671ea33e67768a98eb
Scripts/Assembly-CSharp/__PROJECT/Dev/Scripts/GameStatistics.cs,Reference,SourceData/AssetRipper/Assets/Scripts/Assembly-CSharp/__PROJECT/Dev/Scripts/GameStatistics.cs,35fea2be74963ca412ca06d94db8747b
Scripts/Assembly-CSharp/__PROJECT/Dev/Scripts/Item.cs,Reference,SourceData/AssetRipper/Assets/Scripts/Assembly-CSharp/__PROJECT/Dev/Scripts/Item.cs,1e6e84247899b4046ab7fc4101fb35cb
Scripts/Assembly-CSharp/__PROJECT/Dev/Scripts/LevelStatistics.cs,Reference,SourceData/AssetRipper/Assets/Scripts/Assembly-CSharp/__PROJECT/Dev/Scripts/LevelStatistics.cs,b4ffdb03d80fe6f16150c05338c9d334
Scripts/Assembly-CSharp/__PROJECT/Dev/Scripts/Placement.cs,Reference,SourceData/AssetRipper/Assets/Scripts/Assembly-CSharp/__PROJECT/Dev/Scripts/Placement.cs,03f5a8c30a2684248a36a57ee8ed69a5
Scripts/Assembly-CSharp/__PROJECT/Dev/Scripts/PlayerFlags.cs,Reference,SourceData/AssetRipper/Assets/Scripts/Assembly-CSharp/__PROJECT/Dev/Scripts/PlayerFlags.cs,f69eb39b2d1e088fb74420f9fc4151db
Scripts/Assembly-CSharp/__PROJECT/Dev/Scripts/SrOptions.cs,Reference,SourceData/AssetRipper/Assets/Scripts/Assembly-CSharp/__PROJECT/Dev/Scripts/SrOptions.cs,659c0e7ec2ce1822da9383088565d3c9
Scripts/Assembly-CSharp/__PROJECT/Dev/Scripts/VoodooLoaderScene.cs,Reference,SourceData/AssetRipper/Assets/Scripts/Assembly-CSharp/__PROJECT/Dev/Scripts/VoodooLoaderScene.cs,7d67d24838f9c30ae2d1cf18171ff476
Scripts/Assembly-CSharp/__PROJECT/Dev/Scripts/AB/GallerySystemConfig.cs,Reference,SourceData/AssetRipper/Assets/Scripts/Assembly-CSharp/__PROJECT/Dev/Scripts/AB/GallerySystemConfig.cs,2127ddcc59c2a778dc757f83b56cde60
Scripts/Assembly-CSharp/__PROJECT/Dev/Scripts/Config/Config_ViewShopCategory.cs,Reference,SourceData/AssetRipper/Assets/Scripts/Assembly-CSharp/__PROJECT/Dev/Scripts/Config/Config_ViewShopCategory.cs,e452174f4761b8a27d62e37b48ff2e35
Scripts/Assembly-CSharp/__PROJECT/Dev/Scripts/Config/Config_ViewShopItem.cs,Reference,SourceData/AssetRipper/Assets/Scripts/Assembly-CSharp/__PROJECT/Dev/Scripts/Config/Config_ViewShopItem.cs,1ab361f334fd8e97ce643fbe88696498
Scripts/Assembly-CSharp/__PROJECT/Dev/Scripts/Config/GalleryConfig.cs,Reference,SourceData/AssetRipper/Assets/Scripts/Assembly-CSharp/__PROJECT/Dev/Scripts/Config/GalleryConfig.cs,851fe95b56fb90f518172c1334acb450
Scripts/Assembly-CSharp/__PROJECT/Dev/Scripts/Config/PrefabConfig.cs,Reference,SourceData/AssetRipper/Assets/Scripts/Assembly-CSharp/__PROJECT/Dev/Scripts/Config/PrefabConfig.cs,d04ef887a93099e608e629c58cda2d30
Scripts/Assembly-CSharp/__PROJECT/Dev/Scripts/Config/SpriteConfig.cs,Reference,SourceData/AssetRipper/Assets/Scripts/Assembly-CSharp/__PROJECT/Dev/Scripts/Config/SpriteConfig.cs,312fdede4df30d10fcfa52cbb190d218
Scripts/Assembly-CSharp/__PROJECT/Dev/Scripts/Health/HealthMainMenu.cs,Reference,SourceData/AssetRipper/Assets/Scripts/Assembly-CSharp/__PROJECT/Dev/Scripts/Health/HealthMainMenu.cs,3c8231e15a25721a795f2d338e35d565
Scripts/Assembly-CSharp/__PROJECT/Dev/Scripts/Health/HealthManager.cs,Reference,SourceData/AssetRipper/Assets/Scripts/Assembly-CSharp/__PROJECT/Dev/Scripts/Health/HealthManager.cs,a513e50b901175c8946652d75f6939ba
Scripts/Assembly-CSharp/__PROJECT/Dev/Scripts/Health/HealthSystem.cs,Reference,SourceData/AssetRipper/Assets/Scripts/Assembly-CSharp/__PROJECT/Dev/Scripts/Health/HealthSystem.cs,5b499f84f2a2bf9029f9fcc1d051f199
Scripts/Assembly-CSharp/__PROJECT/Dev/Scripts/Managers/GalleryManager.cs,Reference,SourceData/AssetRipper/Assets/Scripts/Assembly-CSharp/__PROJECT/Dev/Scripts/Managers/GalleryManager.cs,0361c615da4811d4c6fef7f6c758e18f
Scripts/Assembly-CSharp/__PROJECT/Dev/Scripts/Managers/GenericSceneManager.cs,Reference,SourceData/AssetRipper/Assets/Scripts/Assembly-CSharp/__PROJECT/Dev/Scripts/Managers/GenericSceneManager.cs,7cf96fc8d09833047c984eff1ff302c2
Scripts/Assembly-CSharp/__PROJECT/Dev/Scripts/Managers/InterstitialManager.cs,Reference,SourceData/AssetRipper/Assets/Scripts/Assembly-CSharp/__PROJECT/Dev/Scripts/Managers/InterstitialManager.cs,3c9459c59cb36eadfbae945780ca574d
Scripts/Assembly-CSharp/__PROJECT/Dev/Scripts/Save/Saver.cs,Reference,SourceData/AssetRipper/Assets/Scripts/Assembly-CSharp/__PROJECT/Dev/Scripts/Save/Saver.cs,8490beb2118330ea24b87ff123c5c425
Scripts/Assembly-CSharp/__PROJECT/Dev/Scripts/Shop/BaseScriptableRemoteConfig.cs,Reference,SourceData/AssetRipper/Assets/Scripts/Assembly-CSharp/__PROJECT/Dev/Scripts/Shop/BaseScriptableRemoteConfig.cs,2b5e6815bb87f894f941597b1c85aeaf
Scripts/Assembly-CSharp/__PROJECT/Dev/Scripts/Shop/IReward.cs,Reference,SourceData/AssetRipper/Assets/Scripts/Assembly-CSharp/__PROJECT/Dev/Scripts/Shop/IReward.cs,c8840e7c679338696e1e422f59dd8be1
Scripts/Assembly-CSharp/__PROJECT/Dev/Scripts/Shop/ItemAvailability.cs,Reference,SourceData/AssetRipper/Assets/Scripts/Assembly-CSharp/__PROJECT/Dev/Scripts/Shop/ItemAvailability.cs,a1528ed6cbe34114393d58af154c072c
Scripts/Assembly-CSharp/__PROJECT/Dev/Scripts/Shop/PurchaseResult.cs,Reference,SourceData/AssetRipper/Assets/Scripts/Assembly-CSharp/__PROJECT/Dev/Scripts/Shop/PurchaseResult.cs,fee4b737652ea404fbdec017cb9f7af4
Scripts/Assembly-CSharp/__PROJECT/Dev/Scripts/Shop/PurchaseType.cs,Reference,SourceData/AssetRipper/Assets/Scripts/Assembly-CSharp/__PROJECT/Dev/Scripts/Shop/PurchaseType.cs,84552f9b43724e144b6dbf912c907a52
Scripts/Assembly-CSharp/__PROJECT/Dev/Scripts/Shop/RC_Shop.cs,Reference,SourceData/AssetRipper/Assets/Scripts/Assembly-CSharp/__PROJECT/Dev/Scripts/Shop/RC_Shop.cs,e2326763f14d1b63ea0be1977390edf1
Scripts/Assembly-CSharp/__PROJECT/Dev/Scripts/Shop/RC_ShopData.cs,Reference,SourceData/AssetRipper/Assets/Scripts/Assembly-CSharp/__PROJECT/Dev/Scripts/Shop/RC_ShopData.cs,4c40c4b730cfe164e91346ff376a6d1d
Scripts/Assembly-CSharp/__PROJECT/Dev/Scripts/Shop/RewardArgs.cs,Reference,SourceData/AssetRipper/Assets/Scripts/Assembly-CSharp/__PROJECT/Dev/Scripts/Shop/RewardArgs.cs,62e12bfa9a1e280c3493788e7fde663d
Scripts/Assembly-CSharp/__PROJECT/Dev/Scripts/Shop/RewardAttribute.cs,Reference,SourceData/AssetRipper/Assets/Scripts/Assembly-CSharp/__PROJECT/Dev/Scripts/Shop/RewardAttribute.cs,e2b181c5e79aec62a7eb71ea4034babc
Scripts/Assembly-CSharp/__PROJECT/Dev/Scripts/Shop/RewardVisual.cs,Reference,SourceData/AssetRipper/Assets/Scripts/Assembly-CSharp/__PROJECT/Dev/Scripts/Shop/RewardVisual.cs,d3dcf0a8b0cf20178082e91451c169c8
Scripts/Assembly-CSharp/__PROJECT/Dev/Scripts/Shop/ShopDatabase.cs,Reference,SourceData/AssetRipper/Assets/Scripts/Assembly-CSharp/__PROJECT/Dev/Scripts/Shop/ShopDatabase.cs,57b95381c62a748327e829ddc8b2b0b9
Scripts/Assembly-CSharp/__PROJECT/Dev/Scripts/Shop/ShopItemData.cs,Reference,SourceData/AssetRipper/Assets/Scripts/Assembly-CSharp/__PROJECT/Dev/Scripts/Shop/ShopItemData.cs,f6706261207c54348a183a7fdd60df5b
Scripts/Assembly-CSharp/__PROJECT/Dev/Scripts/Shop/ShopManager.cs,Reference,SourceData/AssetRipper/Assets/Scripts/Assembly-CSharp/__PROJECT/Dev/Scripts/Shop/ShopManager.cs,c5c6bfbbbb92e969e57294fbb3e2dfa2
Scripts/Assembly-CSharp/__PROJECT/Dev/Scripts/Shop/VoodooPurchaseHandler.cs,Reference,SourceData/AssetRipper/Assets/Scripts/Assembly-CSharp/__PROJECT/Dev/Scripts/Shop/VoodooPurchaseHandler.cs,c4a84da391341eb3e5a04a12210603a0
Scripts/Assembly-CSharp/__PROJECT/Dev/Scripts/Ui/Canvas_FakeLoading.cs,Reference,SourceData/AssetRipper/Assets/Scripts/Assembly-CSharp/__PROJECT/Dev/Scripts/Ui/Canvas_FakeLoading.cs,643253c27cc5b8897a766c0578faa0ae
Scripts/Assembly-CSharp/__PROJECT/Dev/Scripts/Ui/ImageSequence.cs,Reference,SourceData/AssetRipper/Assets/Scripts/Assembly-CSharp/__PROJECT/Dev/Scripts/Ui/ImageSequence.cs,094378a03fa13a9b5b6c676ebbb4dad5
Scripts/Assembly-CSharp/__PROJECT/Dev/Scripts/Util/NumberExt.cs,Reference,SourceData/AssetRipper/Assets/Scripts/Assembly-CSharp/__PROJECT/Dev/Scripts/Util/NumberExt.cs,3ab5ebc638315ed800b16f4f4aa943a2
Scripts/Assembly-CSharp/__PROJECT/Dev/Scripts/Util/ScrollRectExtensions.cs,Reference,SourceData/AssetRipper/Assets/Scripts/Assembly-CSharp/__PROJECT/Dev/Scripts/Util/ScrollRectExtensions.cs,b48960d678486d9a8574b034328aa858
Scripts/Assembly-CSharp/__PROJECT/Dev/Scripts/Util/TimeExt.cs,Reference,SourceData/AssetRipper/Assets/Scripts/Assembly-CSharp/__PROJECT/Dev/Scripts/Util/TimeExt.cs,50d70121c543bbb9e5fdc4ea8e5eba20
Scripts/Assembly-CSharp/__PROJECT/Dev/Scripts/Shop/Reward/Reward_Booster.cs,Reference,SourceData/AssetRipper/Assets/Scripts/Assembly-CSharp/__PROJECT/Dev/Scripts/Shop/Reward/Reward_Booster.cs,48e11a7249559663bf09e09772b2b6ac
Scripts/Assembly-CSharp/__PROJECT/Dev/Scripts/Shop/Reward/Reward_Bundle.cs,Reference,SourceData/AssetRipper/Assets/Scripts/Assembly-CSharp/__PROJECT/Dev/Scripts/Shop/Reward/Reward_Bundle.cs,ad9987e7e3080b062901be6fb5708462
Scripts/Assembly-CSharp/__PROJECT/Dev/Scripts/Shop/Reward/Reward_Coin.cs,Reference,SourceData/AssetRipper/Assets/Scripts/Assembly-CSharp/__PROJECT/Dev/Scripts/Shop/Reward/Reward_Coin.cs,138218439383c84a5f62424bd0a48507
Scripts/Assembly-CSharp/__PROJECT/Dev/Scripts/Shop/Reward/Reward_CoinPreset.cs,Reference,SourceData/AssetRipper/Assets/Scripts/Assembly-CSharp/__PROJECT/Dev/Scripts/Shop/Reward/Reward_CoinPreset.cs,96bf12fccbeadafa76b90964bbb57366
Scripts/Assembly-CSharp/__PROJECT/Dev/Scripts/Shop/Reward/Reward_Gift.cs,Reference,SourceData/AssetRipper/Assets/Scripts/Assembly-CSharp/__PROJECT/Dev/Scripts/Shop/Reward/Reward_Gift.cs,470fd735189c1a07c44df1a5c1845d7a
Scripts/Assembly-CSharp/__PROJECT/Dev/Scripts/Shop/Reward/Reward_Health.cs,Reference,SourceData/AssetRipper/Assets/Scripts/Assembly-CSharp/__PROJECT/Dev/Scripts/Shop/Reward/Reward_Health.cs,a6bbd8fa6376386eef90b3972950435c
Scripts/Assembly-CSharp/__PROJECT/Dev/Scripts/Shop/Reward/Reward_InfHealth.cs,Reference,SourceData/AssetRipper/Assets/Scripts/Assembly-CSharp/__PROJECT/Dev/Scripts/Shop/Reward/Reward_InfHealth.cs,8370792e97f35ea72461269faa9dff96
Scripts/Assembly-CSharp/__PROJECT/Dev/Scripts/Shop/Reward/Reward_Premium.cs,Reference,SourceData/AssetRipper/Assets/Scripts/Assembly-CSharp/__PROJECT/Dev/Scripts/Shop/Reward/Reward_Premium.cs,f1e389731e3b8a588c977249cbc00ceb
Scripts/Assembly-CSharp/__PROJECT/Dev/Scripts/Ui/Gallery/Canvas_Gallery.cs,Reference,SourceData/AssetRipper/Assets/Scripts/Assembly-CSharp/__PROJECT/Dev/Scripts/Ui/Gallery/Canvas_Gallery.cs,6f35d0b24ea01582ac504e8705612b93
Scripts/Assembly-CSharp/__PROJECT/Dev/Scripts/Ui/Gallery/CategoryConfig.cs,Reference,SourceData/AssetRipper/Assets/Scripts/Assembly-CSharp/__PROJECT/Dev/Scripts/Ui/Gallery/CategoryConfig.cs,e57fca74bd14c734f8f20c02c604dce2
Scripts/Assembly-CSharp/__PROJECT/Dev/Scripts/Ui/Gallery/Effect_Gallery_Particle.cs,Reference,SourceData/AssetRipper/Assets/Scripts/Assembly-CSharp/__PROJECT/Dev/Scripts/Ui/Gallery/Effect_Gallery_Particle.cs,da1716cb4d517d77d79baedf674f17f8
Scripts/Assembly-CSharp/__PROJECT/Dev/Scripts/Ui/Gallery/Nav_Gallery_Btn_AB.cs,Reference,SourceData/AssetRipper/Assets/Scripts/Assembly-CSharp/__PROJECT/Dev/Scripts/Ui/Gallery/Nav_Gallery_Btn_AB.cs,83eab4f69b41d1c69e247490335335ac
Scripts/Assembly-CSharp/__PROJECT/Dev/Scripts/Ui/Gallery/Popup_Gallery_Reward_Gift.cs,Reference,SourceData/AssetRipper/Assets/Scripts/Assembly-CSharp/__PROJECT/Dev/Scripts/Ui/Gallery/Popup_Gallery_Reward_Gift.cs,59dcac5a4a85e71dd1913c7e193f0953
Scripts/Assembly-CSharp/__PROJECT/Dev/Scripts/Ui/Gallery/Popup_Gallery_Reward_Single.cs,Reference,SourceData/AssetRipper/Assets/Scripts/Assembly-CSharp/__PROJECT/Dev/Scripts/Ui/Gallery/Popup_Gallery_Reward_Single.cs,1acd0cd5c4b7620fc7fca80dcc688c34
Scripts/Assembly-CSharp/__PROJECT/Dev/Scripts/Ui/Gallery/View_Gallery_Card.cs,Reference,SourceData/AssetRipper/Assets/Scripts/Assembly-CSharp/__PROJECT/Dev/Scripts/Ui/Gallery/View_Gallery_Card.cs,c360b95e9f428d7729d4ab1d77b62bbc
Scripts/Assembly-CSharp/__PROJECT/Dev/Scripts/Ui/Gallery/View_Gallery_Category.cs,Reference,SourceData/AssetRipper/Assets/Scripts/Assembly-CSharp/__PROJECT/Dev/Scripts/Ui/Gallery/View_Gallery_Category.cs,06dffa075c37d5e7deb6c89aea0edd73
Scripts/Assembly-CSharp/__PROJECT/Dev/Scripts/Ui/Gallery/View_Gallery_Milestone.cs,Reference,SourceData/AssetRipper/Assets/Scripts/Assembly-CSharp/__PROJECT/Dev/Scripts/Ui/Gallery/View_Gallery_Milestone.cs,c2748a710f12395ffd8d97776e729ffd
Scripts/Assembly-CSharp/__PROJECT/Dev/Scripts/Ui/Gallery/View_Gallery_Progress.cs,Reference,SourceData/AssetRipper/Assets/Scripts/Assembly-CSharp/__PROJECT/Dev/Scripts/Ui/Gallery/View_Gallery_Progress.cs,cecfaa9ec9c635fae05abd20aa876595
Scripts/Assembly-CSharp/__PROJECT/Dev/Scripts/Ui/Heart/Canvas_NoLives.cs,Reference,SourceData/AssetRipper/Assets/Scripts/Assembly-CSharp/__PROJECT/Dev/Scripts/Ui/Heart/Canvas_NoLives.cs,cda5d0afd517f9f4df20e98950776a0e
Scripts/Assembly-CSharp/__PROJECT/Dev/Scripts/Ui/Home/Canvas_NavBar.cs,Reference,SourceData/AssetRipper/Assets/Scripts/Assembly-CSharp/__PROJECT/Dev/Scripts/Ui/Home/Canvas_NavBar.cs,79a71238fb76d5c6d057ed2ddaa92ee1
Scripts/Assembly-CSharp/__PROJECT/Dev/Scripts/Ui/Home/View_NavBar_Button.cs,Reference,SourceData/AssetRipper/Assets/Scripts/Assembly-CSharp/__PROJECT/Dev/Scripts/Ui/Home/View_NavBar_Button.cs,79b9f376c80812582e53856320ae79a1
Scripts/Assembly-CSharp/__PROJECT/Dev/Scripts/Ui/Settings/UiPrivacyButton.cs,Reference,SourceData/AssetRipper/Assets/Scripts/Assembly-CSharp/__PROJECT/Dev/Scripts/Ui/Settings/UiPrivacyButton.cs,ae8307628eb4302819290264b322b8ec
Scripts/Assembly-CSharp/__PROJECT/Dev/Scripts/Ui/Settings/UiRestoreButton.cs,Reference,SourceData/AssetRipper/Assets/Scripts/Assembly-CSharp/__PROJECT/Dev/Scripts/Ui/Settings/UiRestoreButton.cs,e566eed58ca5d2f16e97e5454fcfd89f
Scripts/Assembly-CSharp/__PROJECT/Dev/Scripts/Ui/Shop/Canvas_NoAds_Popup.cs,Reference,SourceData/AssetRipper/Assets/Scripts/Assembly-CSharp/__PROJECT/Dev/Scripts/Ui/Shop/Canvas_NoAds_Popup.cs,fb817abc83c6247abca927f0d69247d6
Scripts/Assembly-CSharp/__PROJECT/Dev/Scripts/Ui/Shop/Canvas_Shop.cs,Reference,SourceData/AssetRipper/Assets/Scripts/Assembly-CSharp/__PROJECT/Dev/Scripts/Ui/Shop/Canvas_Shop.cs,2946192252444401d5d5743bbc29db31
Scripts/Assembly-CSharp/__PROJECT/Dev/Scripts/Ui/Shop/Canvas_ShopItemPopup.cs,Reference,SourceData/AssetRipper/Assets/Scripts/Assembly-CSharp/__PROJECT/Dev/Scripts/Ui/Shop/Canvas_ShopItemPopup.cs,5dc85049e3f0a0adc74fecf249b2a7c7
Scripts/Assembly-CSharp/__PROJECT/Dev/Scripts/Ui/Shop/Element_NoAdsWidget.cs,Reference,SourceData/AssetRipper/Assets/Scripts/Assembly-CSharp/__PROJECT/Dev/Scripts/Ui/Shop/Element_NoAdsWidget.cs,7c4a390407837473458e0d87cbdeb74d
Scripts/Assembly-CSharp/__PROJECT/Dev/Scripts/Ui/Shop/View_RewardElement.cs,Reference,SourceData/AssetRipper/Assets/Scripts/Assembly-CSharp/__PROJECT/Dev/Scripts/Ui/Shop/View_RewardElement.cs,712b1b67ee1ac7cc47e935a8851224d4
Scripts/Assembly-CSharp/__PROJECT/Dev/Scripts/Ui/Shop/View_ShopCategory.cs,Reference,SourceData/AssetRipper/Assets/Scripts/Assembly-CSharp/__PROJECT/Dev/Scripts/Ui/Shop/View_ShopCategory.cs,ff9be57bb171a3a250bfcedb07a9a53d
Scripts/Assembly-CSharp/__PROJECT/Dev/Scripts/Ui/Shop/View_ShopItem.cs,Reference,SourceData/AssetRipper/Assets/Scripts/Assembly-CSharp/__PROJECT/Dev/Scripts/Ui/Shop/View_ShopItem.cs,8e468b27a4064091257c770d6baebcc9
Scripts/Assembly-CSharp/__PROJECT/Dev/Scripts/Ui/UiCanvas/SuccessUICanvas.cs,Reference,SourceData/AssetRipper/Assets/Scripts/Assembly-CSharp/__PROJECT/Dev/Scripts/Ui/UiCanvas/SuccessUICanvas.cs,c06c68f165608a73285b19aa53f57a74
Scripts/Assembly-CSharp/__PROJECT/Dev/Scripts/Ui/Heart/Panel/Panel_ExitConfirm.cs,Reference,SourceData/AssetRipper/Assets/Scripts/Assembly-CSharp/__PROJECT/Dev/Scripts/Ui/Heart/Panel/Panel_ExitConfirm.cs,89f056bb8646bc4d35f8b7b6f3432d37
Scripts/Assembly-CSharp/__PROJECT/Dev/Scripts/Ui/Heart/View/View_Heart.cs,Reference,SourceData/AssetRipper/Assets/Scripts/Assembly-CSharp/__PROJECT/Dev/Scripts/Ui/Heart/View/View_Heart.cs,a5f173e87318cc563c9804def673caec
Scripts/Assembly-CSharp/__PROJECT/Dev/Scripts/Ui/Heart/View/View_HeartCount.cs,Reference,SourceData/AssetRipper/Assets/Scripts/Assembly-CSharp/__PROJECT/Dev/Scripts/Ui/Heart/View/View_HeartCount.cs,d71b3e36d56e345ad9e50f974b490823
Scripts/Assembly-CSharp/__PROJECT/Dev/Scripts/Ui/Heart/View/View_HeartLayout.cs,Reference,SourceData/AssetRipper/Assets/Scripts/Assembly-CSharp/__PROJECT/Dev/Scripts/Ui/Heart/View/View_HeartLayout.cs,a3d740ed0c968ea69ad3ddc9b8ee6cf0
Scripts/Assembly-CSharp/__PROJECT/Dev/Scripts/Ui/Heart/View/View_TimeToNextLife.cs,Reference,SourceData/AssetRipper/Assets/Scripts/Assembly-CSharp/__PROJECT/Dev/Scripts/Ui/Heart/View/View_TimeToNextLife.cs,b17b3ad89c693827cc5a8466ec83ccca
__PROJECT/GeneratedLevelRenders/112x84_Accessories_1.asset,Sprite,Assets/RecoveredOriginal/Sprite/__PROJECT/GeneratedLevelRenders/112x84_Accessories_1.asset,155bc49a795ef4a4fa1bb5898b9c148d
__PROJECT/GeneratedLevelRenders/112x84_Accessories_1.png,Texture,Assets/RecoveredOriginal/Texture/__PROJECT/GeneratedLevelRenders/112x84_Accessories_1.png,a30f38470cc50624e876e15305c5b745
__PROJECT/GeneratedLevelRenders/112x84_Accessories_10.asset,Sprite,Assets/RecoveredOriginal/Sprite/__PROJECT/GeneratedLevelRenders/112x84_Accessories_10.asset,b30f4d17394e0224a9a72650ad49e452
__PROJECT/GeneratedLevelRenders/112x84_Accessories_10.png,Texture,Assets/RecoveredOriginal/Texture/__PROJECT/GeneratedLevelRenders/112x84_Accessories_10.png,21df523b07980364d969bd54716134f9
__PROJECT/GeneratedLevelRenders/112x84_Accessories_11.asset,Sprite,Assets/RecoveredOriginal/Sprite/__PROJECT/GeneratedLevelRenders/112x84_Accessories_11.asset,cea0a3b558a35f443a80fb21827c5b81
__PROJECT/GeneratedLevelRenders/112x84_Accessories_11.png,Texture,Assets/RecoveredOriginal/Texture/__PROJECT/GeneratedLevelRenders/112x84_Accessories_11.png,ef9f08ca72fd4ea49b3548783647f2ab
__PROJECT/GeneratedLevelRenders/112x84_Accessories_12.asset,Sprite,Assets/RecoveredOriginal/Sprite/__PROJECT/GeneratedLevelRenders/112x84_Accessories_12.asset,4c50686754831174986067fb79e37483
__PROJECT/GeneratedLevelRenders/112x84_Accessories_12.png,Texture,Assets/RecoveredOriginal/Texture/__PROJECT/GeneratedLevelRenders/112x84_Accessories_12.png,527e04b5663f2f54495b5b8575911e3a
__PROJECT/GeneratedLevelRenders/112x84_Accessories_13.asset,Sprite,Assets/RecoveredOriginal/Sprite/__PROJECT/GeneratedLevelRenders/112x84_Accessories_13.asset,425db96fb73580f418ac5641ed51e0dd
__PROJECT/GeneratedLevelRenders/112x84_Accessories_13.png,Texture,Assets/RecoveredOriginal/Texture/__PROJECT/GeneratedLevelRenders/112x84_Accessories_13.png,ce035c14ec4ca89408e3c78a247fbd5f
__PROJECT/GeneratedLevelRenders/112x84_Accessories_14.asset,Sprite,Assets/RecoveredOriginal/Sprite/__PROJECT/GeneratedLevelRenders/112x84_Accessories_14.asset,d2015df02d4415941a36cba628df23bf
__PROJECT/GeneratedLevelRenders/112x84_Accessories_14.png,Texture,Assets/RecoveredOriginal/Texture/__PROJECT/GeneratedLevelRenders/112x84_Accessories_14.png,539c16737de99c844aab1aa3878547a3
__PROJECT/GeneratedLevelRenders/112x84_Accessories_15.asset,Sprite,Assets/RecoveredOriginal/Sprite/__PROJECT/GeneratedLevelRenders/112x84_Accessories_15.asset,ecf426b2f2984054090330450c67c603
__PROJECT/GeneratedLevelRenders/112x84_Accessories_15.png,Texture,Assets/RecoveredOriginal/Texture/__PROJECT/GeneratedLevelRenders/112x84_Accessories_15.png,2ceb7d9ed8410f24ebbbd22c748f79c8
__PROJECT/GeneratedLevelRenders/112x84_Accessories_2.asset,Sprite,Assets/RecoveredOriginal/Sprite/__PROJECT/GeneratedLevelRenders/112x84_Accessories_2.asset,7303ec0758ef3fc4d9483ba7b194accb
__PROJECT/GeneratedLevelRenders/112x84_Accessories_2.png,Texture,Assets/RecoveredOriginal/Texture/__PROJECT/GeneratedLevelRenders/112x84_Accessories_2.png,7c724f38884b75941a5c4c6cb39d47ca
__PROJECT/GeneratedLevelRenders/112x84_Accessories_3.asset,Sprite,Assets/RecoveredOriginal/Sprite/__PROJECT/GeneratedLevelRenders/112x84_Accessories_3.asset,560970530b4e6f84e97382f82a41536b
__PROJECT/GeneratedLevelRenders/112x84_Accessories_3.png,Texture,Assets/RecoveredOriginal/Texture/__PROJECT/GeneratedLevelRenders/112x84_Accessories_3.png,6b63d289103df4a4f80535cfa8db7f4a
__PROJECT/GeneratedLevelRenders/112x84_Accessories_4.asset,Sprite,Assets/RecoveredOriginal/Sprite/__PROJECT/GeneratedLevelRenders/112x84_Accessories_4.asset,a056b6a27457b3e4ea6cf95ba5f99861
__PROJECT/GeneratedLevelRenders/112x84_Accessories_4.png,Texture,Assets/RecoveredOriginal/Texture/__PROJECT/GeneratedLevelRenders/112x84_Accessories_4.png,68869f5ece0dd714d8b04da07a515500
__PROJECT/GeneratedLevelRenders/112x84_Accessories_5.asset,Sprite,Assets/RecoveredOriginal/Sprite/__PROJECT/GeneratedLevelRenders/112x84_Accessories_5.asset,34872fd926d524945bf4417162a0a20d
__PROJECT/GeneratedLevelRenders/112x84_Accessories_5.png,Texture,Assets/RecoveredOriginal/Texture/__PROJECT/GeneratedLevelRenders/112x84_Accessories_5.png,a8a95e5b90b0ed74da9fd6077514c270
__PROJECT/GeneratedLevelRenders/112x84_Accessories_6.asset,Sprite,Assets/RecoveredOriginal/Sprite/__PROJECT/GeneratedLevelRenders/112x84_Accessories_6.asset,f3449f3dac7f876498d725cacdb1506d
__PROJECT/GeneratedLevelRenders/112x84_Accessories_6.png,Texture,Assets/RecoveredOriginal/Texture/__PROJECT/GeneratedLevelRenders/112x84_Accessories_6.png,e56d2f18bed05104eba4275c04b1a80b
__PROJECT/GeneratedLevelRenders/112x84_Accessories_7.asset,Sprite,Assets/RecoveredOriginal/Sprite/__PROJECT/GeneratedLevelRenders/112x84_Accessories_7.asset,0a73b064ab5c65840ab69b59fd215b11
__PROJECT/GeneratedLevelRenders/112x84_Accessories_7.png,Texture,Assets/RecoveredOriginal/Texture/__PROJECT/GeneratedLevelRenders/112x84_Accessories_7.png,b94df447d8418d34f99cadfae77eceb0
__PROJECT/GeneratedLevelRenders/112x84_Accessories_8.asset,Sprite,Assets/RecoveredOriginal/Sprite/__PROJECT/GeneratedLevelRenders/112x84_Accessories_8.asset,2f1721c1c0d8b7647b08a88ec1f247b4
__PROJECT/GeneratedLevelRenders/112x84_Accessories_8.png,Texture,Assets/RecoveredOriginal/Texture/__PROJECT/GeneratedLevelRenders/112x84_Accessories_8.png,5b65ebb7391fd904eb33c55064135ac6
__PROJECT/GeneratedLevelRenders/112x84_Accessories_9.asset,Sprite,Assets/RecoveredOriginal/Sprite/__PROJECT/GeneratedLevelRenders/112x84_Accessories_9.asset,0913e7b7907bad84f848e7edc8c5f944
__PROJECT/GeneratedLevelRenders/112x84_Accessories_9.png,Texture,Assets/RecoveredOriginal/Texture/__PROJECT/GeneratedLevelRenders/112x84_Accessories_9.png,6bffa9d8e6a871e4c945a21d4dd52613
__PROJECT/GeneratedLevelRenders/112x84_AnimalPortrait_1.asset,Sprite,Assets/RecoveredOriginal/Sprite/__PROJECT/GeneratedLevelRenders/112x84_AnimalPortrait_1.asset,93fba140e3ec9be4cb76c0e432eff750
__PROJECT/GeneratedLevelRenders/112x84_AnimalPortrait_1.png,Texture,Assets/RecoveredOriginal/Texture/__PROJECT/GeneratedLevelRenders/112x84_AnimalPortrait_1.png,7af53ea1a57679741bc33a988ea9e13a
__PROJECT/GeneratedLevelRenders/112x84_AnimalPortrait_10.asset,Sprite,Assets/RecoveredOriginal/Sprite/__PROJECT/GeneratedLevelRenders/112x84_AnimalPortrait_10.asset,a58b6364e367ab148a12384d8d238fd6
__PROJECT/GeneratedLevelRenders/112x84_AnimalPortrait_10.png,Texture,Assets/RecoveredOriginal/Texture/__PROJECT/GeneratedLevelRenders/112x84_AnimalPortrait_10.png,4ac1a9c26e12727418c81c47eca3a78c
__PROJECT/GeneratedLevelRenders/112x84_AnimalPortrait_11.asset,Sprite,Assets/RecoveredOriginal/Sprite/__PROJECT/GeneratedLevelRenders/112x84_AnimalPortrait_11.asset,b0902dc312872a34bb62cf3971d06c3f
__PROJECT/GeneratedLevelRenders/112x84_AnimalPortrait_11.png,Texture,Assets/RecoveredOriginal/Texture/__PROJECT/GeneratedLevelRenders/112x84_AnimalPortrait_11.png,36ea600d3318d134d95835de9209bd63
__PROJECT/GeneratedLevelRenders/112x84_AnimalPortrait_12.asset,Sprite,Assets/RecoveredOriginal/Sprite/__PROJECT/GeneratedLevelRenders/112x84_AnimalPortrait_12.asset,d4edc4bd5296f7b43b7c4452d5206fbe
__PROJECT/GeneratedLevelRenders/112x84_AnimalPortrait_12.png,Texture,Assets/RecoveredOriginal/Texture/__PROJECT/GeneratedLevelRenders/112x84_AnimalPortrait_12.png,488e472a4831d9443a9fc0bc88cea723
__PROJECT/GeneratedLevelRenders/112x84_AnimalPortrait_13.asset,Sprite,Assets/RecoveredOriginal/Sprite/__PROJECT/GeneratedLevelRenders/112x84_AnimalPortrait_13.asset,6bd7c0d910cee5144b5403e9613dc6bd
__PROJECT/GeneratedLevelRenders/112x84_AnimalPortrait_13.png,Texture,Assets/RecoveredOriginal/Texture/__PROJECT/GeneratedLevelRenders/112x84_AnimalPortrait_13.png,6ebb06eadfb123b48a68c77f02fc89c7
__PROJECT/GeneratedLevelRenders/112x84_AnimalPortrait_14.asset,Sprite,Assets/RecoveredOriginal/Sprite/__PROJECT/GeneratedLevelRenders/112x84_AnimalPortrait_14.asset,7336daddeb9f3b24e93b3a9c82c13586
__PROJECT/GeneratedLevelRenders/112x84_AnimalPortrait_14.png,Texture,Assets/RecoveredOriginal/Texture/__PROJECT/GeneratedLevelRenders/112x84_AnimalPortrait_14.png,14bfc8e74f700ff45ab80f0bfedcb82b
__PROJECT/GeneratedLevelRenders/112x84_AnimalPortrait_15.asset,Sprite,Assets/RecoveredOriginal/Sprite/__PROJECT/GeneratedLevelRenders/112x84_AnimalPortrait_15.asset,da4712f48a9898b468ede10515857430
__PROJECT/GeneratedLevelRenders/112x84_AnimalPortrait_15.png,Texture,Assets/RecoveredOriginal/Texture/__PROJECT/GeneratedLevelRenders/112x84_AnimalPortrait_15.png,883e8c856f5be4c4caea2c5ac8ca1406
__PROJECT/GeneratedLevelRenders/112x84_AnimalPortrait_2.asset,Sprite,Assets/RecoveredOriginal/Sprite/__PROJECT/GeneratedLevelRenders/112x84_AnimalPortrait_2.asset,0e4cb2884b54b3b41a7ddbd1ed21416f
__PROJECT/GeneratedLevelRenders/112x84_AnimalPortrait_2.png,Texture,Assets/RecoveredOriginal/Texture/__PROJECT/GeneratedLevelRenders/112x84_AnimalPortrait_2.png,38409ebcf1361b849a307dfed1942542
__PROJECT/GeneratedLevelRenders/112x84_AnimalPortrait_3.asset,Sprite,Assets/RecoveredOriginal/Sprite/__PROJECT/GeneratedLevelRenders/112x84_AnimalPortrait_3.asset,ab09f1d6ffcfcaf4dab66d5d8ff435a8
__PROJECT/GeneratedLevelRenders/112x84_AnimalPortrait_3.png,Texture,Assets/RecoveredOriginal/Texture/__PROJECT/GeneratedLevelRenders/112x84_AnimalPortrait_3.png,f0bbcfcebdb39e04590afe5c581cd90b
__PROJECT/GeneratedLevelRenders/112x84_AnimalPortrait_4.asset,Sprite,Assets/RecoveredOriginal/Sprite/__PROJECT/GeneratedLevelRenders/112x84_AnimalPortrait_4.asset,e870deba6542ae44790717a3f0988f41
__PROJECT/GeneratedLevelRenders/112x84_AnimalPortrait_4.png,Texture,Assets/RecoveredOriginal/Texture/__PROJECT/GeneratedLevelRenders/112x84_AnimalPortrait_4.png,d944f1c2ca27c5545be10500b1d9789e
__PROJECT/GeneratedLevelRenders/112x84_AnimalPortrait_5.asset,Sprite,Assets/RecoveredOriginal/Sprite/__PROJECT/GeneratedLevelRenders/112x84_AnimalPortrait_5.asset,e866fb5120b8a5341b5700df29879d32
__PROJECT/GeneratedLevelRenders/112x84_AnimalPortrait_5.png,Texture,Assets/RecoveredOriginal/Texture/__PROJECT/GeneratedLevelRenders/112x84_AnimalPortrait_5.png,b41cec53ccd77604c8c54258cbe5a9ae
__PROJECT/GeneratedLevelRenders/112x84_AnimalPortrait_6.asset,Sprite,Assets/RecoveredOriginal/Sprite/__PROJECT/GeneratedLevelRenders/112x84_AnimalPortrait_6.asset,6d70e36dcca5dea4086496160610d731
__PROJECT/GeneratedLevelRenders/112x84_AnimalPortrait_6.png,Texture,Assets/RecoveredOriginal/Texture/__PROJECT/GeneratedLevelRenders/112x84_AnimalPortrait_6.png,db081f9b9115a2e4d8ce844e205a097a
__PROJECT/GeneratedLevelRenders/112x84_AnimalPortrait_7.asset,Sprite,Assets/RecoveredOriginal/Sprite/__PROJECT/GeneratedLevelRenders/112x84_AnimalPortrait_7.asset,494be1dd635d48c4abe71d569b79dad7
__PROJECT/GeneratedLevelRenders/112x84_AnimalPortrait_7.png,Texture,Assets/RecoveredOriginal/Texture/__PROJECT/GeneratedLevelRenders/112x84_AnimalPortrait_7.png,56b13d18d217f324799d8a2a256c8558
__PROJECT/GeneratedLevelRenders/112x84_AnimalPortrait_8.asset,Sprite,Assets/RecoveredOriginal/Sprite/__PROJECT/GeneratedLevelRenders/112x84_AnimalPortrait_8.asset,36fbfea180d6abd4aa571b4f19c5491a
__PROJECT/GeneratedLevelRenders/112x84_AnimalPortrait_8.png,Texture,Assets/RecoveredOriginal/Texture/__PROJECT/GeneratedLevelRenders/112x84_AnimalPortrait_8.png,0474cec38b9f9a8499ecb29037647200
__PROJECT/GeneratedLevelRenders/112x84_AnimalPortrait_9.asset,Sprite,Assets/RecoveredOriginal/Sprite/__PROJECT/GeneratedLevelRenders/112x84_AnimalPortrait_9.asset,932d773c16c683a479821b973bad3db1
__PROJECT/GeneratedLevelRenders/112x84_AnimalPortrait_9.png,Texture,Assets/RecoveredOriginal/Texture/__PROJECT/GeneratedLevelRenders/112x84_AnimalPortrait_9.png,e63cd8bc6fe7bca47bee9fb8cb808c91
__PROJECT/GeneratedLevelRenders/112x84_Cartoon_1.asset,Sprite,Assets/RecoveredOriginal/Sprite/__PROJECT/GeneratedLevelRenders/112x84_Cartoon_1.asset,4a05fae0d00a8ff4290581e74edcda93
__PROJECT/GeneratedLevelRenders/112x84_Cartoon_1.png,Texture,Assets/RecoveredOriginal/Texture/__PROJECT/GeneratedLevelRenders/112x84_Cartoon_1.png,10aa698cc6a9e2848a9a796c89a15f9c
__PROJECT/GeneratedLevelRenders/112x84_Cartoon_10.asset,Sprite,Assets/RecoveredOriginal/Sprite/__PROJECT/GeneratedLevelRenders/112x84_Cartoon_10.asset,e56690157d6f5cc46988878206737680
__PROJECT/GeneratedLevelRenders/112x84_Cartoon_10.png,Texture,Assets/RecoveredOriginal/Texture/__PROJECT/GeneratedLevelRenders/112x84_Cartoon_10.png,384e88546bb04c24682f367ba252e24f
__PROJECT/GeneratedLevelRenders/112x84_Cartoon_11.asset,Sprite,Assets/RecoveredOriginal/Sprite/__PROJECT/GeneratedLevelRenders/112x84_Cartoon_11.asset,5c4d6f5e5c0a243438033eee8db6b2cc
__PROJECT/GeneratedLevelRenders/112x84_Cartoon_11.png,Texture,Assets/RecoveredOriginal/Texture/__PROJECT/GeneratedLevelRenders/112x84_Cartoon_11.png,7375f922479c79d499b5ce0bbb7e534f
__PROJECT/GeneratedLevelRenders/112x84_Cartoon_12.asset,Sprite,Assets/RecoveredOriginal/Sprite/__PROJECT/GeneratedLevelRenders/112x84_Cartoon_12.asset,20e92c8cac4d0764999bab07d022a278
__PROJECT/GeneratedLevelRenders/112x84_Cartoon_12.png,Texture,Assets/RecoveredOriginal/Texture/__PROJECT/GeneratedLevelRenders/112x84_Cartoon_12.png,f0aeda046cf616e4cb81fc547203d035
__PROJECT/GeneratedLevelRenders/112x84_Cartoon_13.asset,Sprite,Assets/RecoveredOriginal/Sprite/__PROJECT/GeneratedLevelRenders/112x84_Cartoon_13.asset,dc6bcb7ca6c5f574c89848af0b0afa42
__PROJECT/GeneratedLevelRenders/112x84_Cartoon_13.png,Texture,Assets/RecoveredOriginal/Texture/__PROJECT/GeneratedLevelRenders/112x84_Cartoon_13.png,d13de1341664bab44a692849b9fedfe4
__PROJECT/GeneratedLevelRenders/112x84_Cartoon_14.asset,Sprite,Assets/RecoveredOriginal/Sprite/__PROJECT/GeneratedLevelRenders/112x84_Cartoon_14.asset,f2c6d8b9cfc0f23488af9a40d571b14b
__PROJECT/GeneratedLevelRenders/112x84_Cartoon_14.png,Texture,Assets/RecoveredOriginal/Texture/__PROJECT/GeneratedLevelRenders/112x84_Cartoon_14.png,8097a142866e025428624ad75ec42d34
__PROJECT/GeneratedLevelRenders/112x84_Cartoon_15.asset,Sprite,Assets/RecoveredOriginal/Sprite/__PROJECT/GeneratedLevelRenders/112x84_Cartoon_15.asset,0a7b3254a0e1e4a4db3a11f20160310a
__PROJECT/GeneratedLevelRenders/112x84_Cartoon_15.png,Texture,Assets/RecoveredOriginal/Texture/__PROJECT/GeneratedLevelRenders/112x84_Cartoon_15.png,a0f50a4bfe361664aad3387b9844a47d
__PROJECT/GeneratedLevelRenders/112x84_Cartoon_2.asset,Sprite,Assets/RecoveredOriginal/Sprite/__PROJECT/GeneratedLevelRenders/112x84_Cartoon_2.asset,604388388dda5be49832bfb576271528
__PROJECT/GeneratedLevelRenders/112x84_Cartoon_2.png,Texture,Assets/RecoveredOriginal/Texture/__PROJECT/GeneratedLevelRenders/112x84_Cartoon_2.png,3b63e9b3ae1ab154db736e5f72182ea6
__PROJECT/GeneratedLevelRenders/112x84_Cartoon_3.asset,Sprite,Assets/RecoveredOriginal/Sprite/__PROJECT/GeneratedLevelRenders/112x84_Cartoon_3.asset,cf55d743a059da542b9d17fd40c0da68
__PROJECT/GeneratedLevelRenders/112x84_Cartoon_3.png,Texture,Assets/RecoveredOriginal/Texture/__PROJECT/GeneratedLevelRenders/112x84_Cartoon_3.png,948252eabeb013b478e24342fc03f872
__PROJECT/GeneratedLevelRenders/112x84_Cartoon_4.asset,Sprite,Assets/RecoveredOriginal/Sprite/__PROJECT/GeneratedLevelRenders/112x84_Cartoon_4.asset,aca30504407dc304f81b6ebd8d853eff
__PROJECT/GeneratedLevelRenders/112x84_Cartoon_4.png,Texture,Assets/RecoveredOriginal/Texture/__PROJECT/GeneratedLevelRenders/112x84_Cartoon_4.png,eaf027fcf6db19f438e8032488935cc7
__PROJECT/GeneratedLevelRenders/112x84_Cartoon_5.asset,Sprite,Assets/RecoveredOriginal/Sprite/__PROJECT/GeneratedLevelRenders/112x84_Cartoon_5.asset,8e0bcb6c7583d514a9aa870ae230df8a
__PROJECT/GeneratedLevelRenders/112x84_Cartoon_5.png,Texture,Assets/RecoveredOriginal/Texture/__PROJECT/GeneratedLevelRenders/112x84_Cartoon_5.png,6a1ed33bb8bacb341962772cf7001d4f
__PROJECT/GeneratedLevelRenders/112x84_Cartoon_6.asset,Sprite,Assets/RecoveredOriginal/Sprite/__PROJECT/GeneratedLevelRenders/112x84_Cartoon_6.asset,f7610cc5ff4bc4c47a0b5adbe0b1a09c
__PROJECT/GeneratedLevelRenders/112x84_Cartoon_6.png,Texture,Assets/RecoveredOriginal/Texture/__PROJECT/GeneratedLevelRenders/112x84_Cartoon_6.png,2d2b4a5a372b6cb4e821d701401b66fe
__PROJECT/GeneratedLevelRenders/112x84_Cartoon_7.asset,Sprite,Assets/RecoveredOriginal/Sprite/__PROJECT/GeneratedLevelRenders/112x84_Cartoon_7.asset,a8abba537ba5c7b4796541368512ea0f
__PROJECT/GeneratedLevelRenders/112x84_Cartoon_7.png,Texture,Assets/RecoveredOriginal/Texture/__PROJECT/GeneratedLevelRenders/112x84_Cartoon_7.png,54b0761e6d60d9241a47573bcd1d48e2
__PROJECT/GeneratedLevelRenders/112x84_Cartoon_8.asset,Sprite,Assets/RecoveredOriginal/Sprite/__PROJECT/GeneratedLevelRenders/112x84_Cartoon_8.asset,b83c9bf7a8a5f184d85109fee1f2a554
__PROJECT/GeneratedLevelRenders/112x84_Cartoon_8.png,Texture,Assets/RecoveredOriginal/Texture/__PROJECT/GeneratedLevelRenders/112x84_Cartoon_8.png,7e9c5ef60b1db0c40a0cf1978c0751ab
__PROJECT/GeneratedLevelRenders/112x84_Cartoon_9.asset,Sprite,Assets/RecoveredOriginal/Sprite/__PROJECT/GeneratedLevelRenders/112x84_Cartoon_9.asset,fdf1a6d7d1421804f9903ec47f8fc202
__PROJECT/GeneratedLevelRenders/112x84_Cartoon_9.png,Texture,Assets/RecoveredOriginal/Texture/__PROJECT/GeneratedLevelRenders/112x84_Cartoon_9.png,2fb5879b1e89f05468baad2f70282e44
__PROJECT/GeneratedLevelRenders/112x84_Celebs_1.asset,Sprite,Assets/RecoveredOriginal/Sprite/__PROJECT/GeneratedLevelRenders/112x84_Celebs_1.asset,85cfa193298bf83458cb04310f5ec792
__PROJECT/GeneratedLevelRenders/112x84_Celebs_1.png,Texture,Assets/RecoveredOriginal/Texture/__PROJECT/GeneratedLevelRenders/112x84_Celebs_1.png,b4f907be93546664981cb12236859d68
__PROJECT/GeneratedLevelRenders/112x84_Celebs_2.asset,Sprite,Assets/RecoveredOriginal/Sprite/__PROJECT/GeneratedLevelRenders/112x84_Celebs_2.asset,7b9f366e76fe9e34a835165f504c3ced
__PROJECT/GeneratedLevelRenders/112x84_Celebs_2.png,Texture,Assets/RecoveredOriginal/Texture/__PROJECT/GeneratedLevelRenders/112x84_Celebs_2.png,aac286c7425c69441bb6443450cff54c
__PROJECT/GeneratedLevelRenders/112x84_Celebs_3.asset,Sprite,Assets/RecoveredOriginal/Sprite/__PROJECT/GeneratedLevelRenders/112x84_Celebs_3.asset,0a60deaeb69f8984eac2ce82fb479b85
__PROJECT/GeneratedLevelRenders/112x84_Celebs_3.png,Texture,Assets/RecoveredOriginal/Texture/__PROJECT/GeneratedLevelRenders/112x84_Celebs_3.png,af2bfe30a120a5e4f9ae055a7e123b9d
__PROJECT/GeneratedLevelRenders/112x84_Celebs_4.asset,Sprite,Assets/RecoveredOriginal/Sprite/__PROJECT/GeneratedLevelRenders/112x84_Celebs_4.asset,5f37abe7844130d499744f74a7f156aa
__PROJECT/GeneratedLevelRenders/112x84_Celebs_4.png,Texture,Assets/RecoveredOriginal/Texture/__PROJECT/GeneratedLevelRenders/112x84_Celebs_4.png,c4f4f050cb86c1942a237e0148007d22
__PROJECT/GeneratedLevelRenders/112x84_Celebs_5.asset,Sprite,Assets/RecoveredOriginal/Sprite/__PROJECT/GeneratedLevelRenders/112x84_Celebs_5.asset,08cc2c20dd853d248bb70b5aefff21a0
__PROJECT/GeneratedLevelRenders/112x84_Celebs_5.png,Texture,Assets/RecoveredOriginal/Texture/__PROJECT/GeneratedLevelRenders/112x84_Celebs_5.png,7011b1c21363eaa42b8a8f567f31dc93
__PROJECT/GeneratedLevelRenders/112x84_Celebs_6.asset,Sprite,Assets/RecoveredOriginal/Sprite/__PROJECT/GeneratedLevelRenders/112x84_Celebs_6.asset,9a6e3372bf4c3034ca7954bbe5b33ac9
__PROJECT/GeneratedLevelRenders/112x84_Celebs_6.png,Texture,Assets/RecoveredOriginal/Texture/__PROJECT/GeneratedLevelRenders/112x84_Celebs_6.png,6c94c7a670079f147b6c7044c3a4287d
__PROJECT/GeneratedLevelRenders/112x84_Celebs_7.asset,Sprite,Assets/RecoveredOriginal/Sprite/__PROJECT/GeneratedLevelRenders/112x84_Celebs_7.asset,302f35fcca687784daca4bc2a178785c
__PROJECT/GeneratedLevelRenders/112x84_Celebs_7.png,Texture,Assets/RecoveredOriginal/Texture/__PROJECT/GeneratedLevelRenders/112x84_Celebs_7.png,916146bf9c9fc2e43830f65ccae13152
__PROJECT/GeneratedLevelRenders/112x84_Dance_1.asset,Sprite,Assets/RecoveredOriginal/Sprite/__PROJECT/GeneratedLevelRenders/112x84_Dance_1.asset,cf62a806bd83011449406f0e81ee1805
__PROJECT/GeneratedLevelRenders/112x84_Dance_1.png,Texture,Assets/RecoveredOriginal/Texture/__PROJECT/GeneratedLevelRenders/112x84_Dance_1.png,811a819fdc919a34398551bb9a878bf6
__PROJECT/GeneratedLevelRenders/112x84_Dance_10.asset,Sprite,Assets/RecoveredOriginal/Sprite/__PROJECT/GeneratedLevelRenders/112x84_Dance_10.asset,21322f2dbeb40694db2ad476730983b6
__PROJECT/GeneratedLevelRenders/112x84_Dance_10.png,Texture,Assets/RecoveredOriginal/Texture/__PROJECT/GeneratedLevelRenders/112x84_Dance_10.png,b6e48e550c570e5429dee9930b4d0c65
__PROJECT/GeneratedLevelRenders/112x84_Dance_11.asset,Sprite,Assets/RecoveredOriginal/Sprite/__PROJECT/GeneratedLevelRenders/112x84_Dance_11.asset,534b80be3b5542f4fb2ebbdbcf7ea227
__PROJECT/GeneratedLevelRenders/112x84_Dance_11.png,Texture,Assets/RecoveredOriginal/Texture/__PROJECT/GeneratedLevelRenders/112x84_Dance_11.png,4fd58dc14b7fc134191bde86f807f882
__PROJECT/GeneratedLevelRenders/112x84_Dance_12.asset,Sprite,Assets/RecoveredOriginal/Sprite/__PROJECT/GeneratedLevelRenders/112x84_Dance_12.asset,f6fb8a47c7848414697c1f3958dde64a
__PROJECT/GeneratedLevelRenders/112x84_Dance_12.png,Texture,Assets/RecoveredOriginal/Texture/__PROJECT/GeneratedLevelRenders/112x84_Dance_12.png,1a42a54ae8b9c8b4494947d0417854b8
__PROJECT/GeneratedLevelRenders/112x84_Dance_13.asset,Sprite,Assets/RecoveredOriginal/Sprite/__PROJECT/GeneratedLevelRenders/112x84_Dance_13.asset,b621328c945199d44bd50e03e1294740
__PROJECT/GeneratedLevelRenders/112x84_Dance_13.png,Texture,Assets/RecoveredOriginal/Texture/__PROJECT/GeneratedLevelRenders/112x84_Dance_13.png,a71a54a680203d441b6bc470a7a3dcb7
__PROJECT/GeneratedLevelRenders/112x84_Dance_14.asset,Sprite,Assets/RecoveredOriginal/Sprite/__PROJECT/GeneratedLevelRenders/112x84_Dance_14.asset,3b39bd45c446ef946b4925258acbc745
__PROJECT/GeneratedLevelRenders/112x84_Dance_14.png,Texture,Assets/RecoveredOriginal/Texture/__PROJECT/GeneratedLevelRenders/112x84_Dance_14.png,f4ffab633d8765f4a8b7bd3455b02fe3
__PROJECT/GeneratedLevelRenders/112x84_Dance_15.asset,Sprite,Assets/RecoveredOriginal/Sprite/__PROJECT/GeneratedLevelRenders/112x84_Dance_15.asset,36b282aed7b504944a48d6162f194023
__PROJECT/GeneratedLevelRenders/112x84_Dance_15.png,Texture,Assets/RecoveredOriginal/Texture/__PROJECT/GeneratedLevelRenders/112x84_Dance_15.png,fe95c6fb8da912b44803b0fe8174b60c
__PROJECT/GeneratedLevelRenders/112x84_Dance_2.asset,Sprite,Assets/RecoveredOriginal/Sprite/__PROJECT/GeneratedLevelRenders/112x84_Dance_2.asset,a720a29bcd29f754ea222cd5f414af93
__PROJECT/GeneratedLevelRenders/112x84_Dance_2.png,Texture,Assets/RecoveredOriginal/Texture/__PROJECT/GeneratedLevelRenders/112x84_Dance_2.png,50ed3a5b3c4bb834c91874f704cecff4
__PROJECT/GeneratedLevelRenders/112x84_Dance_3.asset,Sprite,Assets/RecoveredOriginal/Sprite/__PROJECT/GeneratedLevelRenders/112x84_Dance_3.asset,bf92a2a0240820748a5a9a3eae1d960c
__PROJECT/GeneratedLevelRenders/112x84_Dance_3.png,Texture,Assets/RecoveredOriginal/Texture/__PROJECT/GeneratedLevelRenders/112x84_Dance_3.png,e68009f9fd0906145bbcefb33745a359
__PROJECT/GeneratedLevelRenders/112x84_Dance_4.asset,Sprite,Assets/RecoveredOriginal/Sprite/__PROJECT/GeneratedLevelRenders/112x84_Dance_4.asset,8e8bb10f3b8af204fad9f3347b7f77ea
__PROJECT/GeneratedLevelRenders/112x84_Dance_4.png,Texture,Assets/RecoveredOriginal/Texture/__PROJECT/GeneratedLevelRenders/112x84_Dance_4.png,67b5911a222943e49953e7ac06babe43
__PROJECT/GeneratedLevelRenders/112x84_Dance_5.asset,Sprite,Assets/RecoveredOriginal/Sprite/__PROJECT/GeneratedLevelRenders/112x84_Dance_5.asset,1bc88ca756b17b747ad09f8b1da083af
__PROJECT/GeneratedLevelRenders/112x84_Dance_5.png,Texture,Assets/RecoveredOriginal/Texture/__PROJECT/GeneratedLevelRenders/112x84_Dance_5.png,a73b573a8d09d9c4cb7404d4417a9542
__PROJECT/GeneratedLevelRenders/112x84_Dance_6.asset,Sprite,Assets/RecoveredOriginal/Sprite/__PROJECT/GeneratedLevelRenders/112x84_Dance_6.asset,19f260bcd44ea654abd99e85dc2d7e87
__PROJECT/GeneratedLevelRenders/112x84_Dance_6.png,Texture,Assets/RecoveredOriginal/Texture/__PROJECT/GeneratedLevelRenders/112x84_Dance_6.png,dcb674c35cb3f2f49a14d0278ecd5c9c
__PROJECT/GeneratedLevelRenders/112x84_Dance_7.asset,Sprite,Assets/RecoveredOriginal/Sprite/__PROJECT/GeneratedLevelRenders/112x84_Dance_7.asset,7be934d1ecb5a314ab8c1dd9203c6b7b
__PROJECT/GeneratedLevelRenders/112x84_Dance_7.png,Texture,Assets/RecoveredOriginal/Texture/__PROJECT/GeneratedLevelRenders/112x84_Dance_7.png,eff3251fe6fa71d44aa7f1b365a7841c
__PROJECT/GeneratedLevelRenders/112x84_Dance_8.asset,Sprite,Assets/RecoveredOriginal/Sprite/__PROJECT/GeneratedLevelRenders/112x84_Dance_8.asset,b2b28e3cef5e1d54abf26347ce6a9644
__PROJECT/GeneratedLevelRenders/112x84_Dance_8.png,Texture,Assets/RecoveredOriginal/Texture/__PROJECT/GeneratedLevelRenders/112x84_Dance_8.png,a818b95d964b7b749a7e5cddf5ef3b2a
__PROJECT/GeneratedLevelRenders/112x84_Dance_9.asset,Sprite,Assets/RecoveredOriginal/Sprite/__PROJECT/GeneratedLevelRenders/112x84_Dance_9.asset,23f00f02b3d36e449821ce2b35997455
__PROJECT/GeneratedLevelRenders/112x84_Dance_9.png,Texture,Assets/RecoveredOriginal/Texture/__PROJECT/GeneratedLevelRenders/112x84_Dance_9.png,b0bf090d6a82dac4394ba3c49050f410
__PROJECT/GeneratedLevelRenders/112x84_EventFigures_1.asset,Sprite,Assets/RecoveredOriginal/Sprite/__PROJECT/GeneratedLevelRenders/112x84_EventFigures_1.asset,90ecefb571cc589408f7bfbf5e64f804
__PROJECT/GeneratedLevelRenders/112x84_EventFigures_1.png,Texture,Assets/RecoveredOriginal/Texture/__PROJECT/GeneratedLevelRenders/112x84_EventFigures_1.png,69e36668d38df4c4595fc9e22a08c752
__PROJECT/GeneratedLevelRenders/112x84_EventFigures_10.asset,Sprite,Assets/RecoveredOriginal/Sprite/__PROJECT/GeneratedLevelRenders/112x84_EventFigures_10.asset,0b613b852b738f648b2b342e4b9e9ed4
__PROJECT/GeneratedLevelRenders/112x84_EventFigures_10.png,Texture,Assets/RecoveredOriginal/Texture/__PROJECT/GeneratedLevelRenders/112x84_EventFigures_10.png,eeb41e1177c999b4493aabd17412d738
__PROJECT/GeneratedLevelRenders/112x84_EventFigures_11.asset,Sprite,Assets/RecoveredOriginal/Sprite/__PROJECT/GeneratedLevelRenders/112x84_EventFigures_11.asset,0a654cff93399c9409ddea7c8732f4a5
__PROJECT/GeneratedLevelRenders/112x84_EventFigures_11.png,Texture,Assets/RecoveredOriginal/Texture/__PROJECT/GeneratedLevelRenders/112x84_EventFigures_11.png,c3b66c09aaea6cb4ba40ec9bf9a8ffa7
__PROJECT/GeneratedLevelRenders/112x84_EventFigures_12.asset,Sprite,Assets/RecoveredOriginal/Sprite/__PROJECT/GeneratedLevelRenders/112x84_EventFigures_12.asset,603a0f7ea34ed4046b075c2a289b3a74
__PROJECT/GeneratedLevelRenders/112x84_EventFigures_12.png,Texture,Assets/RecoveredOriginal/Texture/__PROJECT/GeneratedLevelRenders/112x84_EventFigures_12.png,7fb058b63f535664fa26d620829a29b4
__PROJECT/GeneratedLevelRenders/112x84_EventFigures_13.asset,Sprite,Assets/RecoveredOriginal/Sprite/__PROJECT/GeneratedLevelRenders/112x84_EventFigures_13.asset,377e3bd8e8f726a4ba7bcfd67574d787
__PROJECT/GeneratedLevelRenders/112x84_EventFigures_13.png,Texture,Assets/RecoveredOriginal/Texture/__PROJECT/GeneratedLevelRenders/112x84_EventFigures_13.png,bea7868a5410e364f83f191a0f9855c1
__PROJECT/GeneratedLevelRenders/112x84_EventFigures_14.asset,Sprite,Assets/RecoveredOriginal/Sprite/__PROJECT/GeneratedLevelRenders/112x84_EventFigures_14.asset,64a36a89e3bb5024cab07bfe0d678312
__PROJECT/GeneratedLevelRenders/112x84_EventFigures_14.png,Texture,Assets/RecoveredOriginal/Texture/__PROJECT/GeneratedLevelRenders/112x84_EventFigures_14.png,9e82dda440c84c64f9f3fcfd726e9a58
__PROJECT/GeneratedLevelRenders/112x84_EventFigures_15.asset,Sprite,Assets/RecoveredOriginal/Sprite/__PROJECT/GeneratedLevelRenders/112x84_EventFigures_15.asset,bac36461124abf94bb7103364e3c24c4
__PROJECT/GeneratedLevelRenders/112x84_EventFigures_15.png,Texture,Assets/RecoveredOriginal/Texture/__PROJECT/GeneratedLevelRenders/112x84_EventFigures_15.png,9952a613188cab64d9919d77c302fa80
__PROJECT/GeneratedLevelRenders/112x84_EventFigures_2.asset,Sprite,Assets/RecoveredOriginal/Sprite/__PROJECT/GeneratedLevelRenders/112x84_EventFigures_2.asset,1fb1c31d1d45f5d409c1273f7efc9477
__PROJECT/GeneratedLevelRenders/112x84_EventFigures_2.png,Texture,Assets/RecoveredOriginal/Texture/__PROJECT/GeneratedLevelRenders/112x84_EventFigures_2.png,4e966c4df4fc09547bbc199b57690410
__PROJECT/GeneratedLevelRenders/112x84_EventFigures_3.asset,Sprite,Assets/RecoveredOriginal/Sprite/__PROJECT/GeneratedLevelRenders/112x84_EventFigures_3.asset,cadcf54b5aa0c9042af5fdeb79593231
__PROJECT/GeneratedLevelRenders/112x84_EventFigures_3.png,Texture,Assets/RecoveredOriginal/Texture/__PROJECT/GeneratedLevelRenders/112x84_EventFigures_3.png,b0f7b4fda5d5b5a4cb804535592b845b
__PROJECT/GeneratedLevelRenders/112x84_EventFigures_4.asset,Sprite,Assets/RecoveredOriginal/Sprite/__PROJECT/GeneratedLevelRenders/112x84_EventFigures_4.asset,da4370667c9a24841a613bbe71e67e52
__PROJECT/GeneratedLevelRenders/112x84_EventFigures_4.png,Texture,Assets/RecoveredOriginal/Texture/__PROJECT/GeneratedLevelRenders/112x84_EventFigures_4.png,f53f418c576c7a84daf0c4d0ba2a89f3
__PROJECT/GeneratedLevelRenders/112x84_EventFigures_5.asset,Sprite,Assets/RecoveredOriginal/Sprite/__PROJECT/GeneratedLevelRenders/112x84_EventFigures_5.asset,d9dc6f893d5729e489f67cfb1103d8eb
__PROJECT/GeneratedLevelRenders/112x84_EventFigures_5.png,Texture,Assets/RecoveredOriginal/Texture/__PROJECT/GeneratedLevelRenders/112x84_EventFigures_5.png,200f1ce5a1673a343ac72f1cc583f4d6
__PROJECT/GeneratedLevelRenders/112x84_EventFigures_6.asset,Sprite,Assets/RecoveredOriginal/Sprite/__PROJECT/GeneratedLevelRenders/112x84_EventFigures_6.asset,11e4e5d4abb0cc849880a401f4799282
__PROJECT/GeneratedLevelRenders/112x84_EventFigures_6.png,Texture,Assets/RecoveredOriginal/Texture/__PROJECT/GeneratedLevelRenders/112x84_EventFigures_6.png,282b7532a7e425846a13ee32e70a41fc
__PROJECT/GeneratedLevelRenders/112x84_EventFigures_7.asset,Sprite,Assets/RecoveredOriginal/Sprite/__PROJECT/GeneratedLevelRenders/112x84_EventFigures_7.asset,c70a3c704642b6349988cf86159df414
__PROJECT/GeneratedLevelRenders/112x84_EventFigures_7.png,Texture,Assets/RecoveredOriginal/Texture/__PROJECT/GeneratedLevelRenders/112x84_EventFigures_7.png,90f89ae851b51b1479b5795dd9b53dba
__PROJECT/GeneratedLevelRenders/112x84_EventFigures_8.asset,Sprite,Assets/RecoveredOriginal/Sprite/__PROJECT/GeneratedLevelRenders/112x84_EventFigures_8.asset,67d3333003698f44e990c2b675312d0c
__PROJECT/GeneratedLevelRenders/112x84_EventFigures_8.png,Texture,Assets/RecoveredOriginal/Texture/__PROJECT/GeneratedLevelRenders/112x84_EventFigures_8.png,07598d3adefae2a4b9eef8641e98c534
__PROJECT/GeneratedLevelRenders/112x84_EventFigures_9.asset,Sprite,Assets/RecoveredOriginal/Sprite/__PROJECT/GeneratedLevelRenders/112x84_EventFigures_9.asset,9844d860fcf669e4d8580ad77aed83f9
__PROJECT/GeneratedLevelRenders/112x84_EventFigures_9.png,Texture,Assets/RecoveredOriginal/Texture/__PROJECT/GeneratedLevelRenders/112x84_EventFigures_9.png,588ea3ec37f350b4fa589f3f9e92422b
__PROJECT/GeneratedLevelRenders/112x84_Family_1.asset,Sprite,Assets/RecoveredOriginal/Sprite/__PROJECT/GeneratedLevelRenders/112x84_Family_1.asset,034586fab3044b248bb5f8fdc5090c2f
__PROJECT/GeneratedLevelRenders/112x84_Family_1.png,Texture,Assets/RecoveredOriginal/Texture/__PROJECT/GeneratedLevelRenders/112x84_Family_1.png,77d911eb0bd49f44f8ef463fbf4264ed
__PROJECT/GeneratedLevelRenders/112x84_Family_10.asset,Sprite,Assets/RecoveredOriginal/Sprite/__PROJECT/GeneratedLevelRenders/112x84_Family_10.asset,bc437e1e09a1952459eb76d0d26d2828
__PROJECT/GeneratedLevelRenders/112x84_Family_10.png,Texture,Assets/RecoveredOriginal/Texture/__PROJECT/GeneratedLevelRenders/112x84_Family_10.png,f3eb36f1e55ead547a4a2af85373f89d
__PROJECT/GeneratedLevelRenders/112x84_Family_11.asset,Sprite,Assets/RecoveredOriginal/Sprite/__PROJECT/GeneratedLevelRenders/112x84_Family_11.asset,1534a9a794e3cbb41888f0b5547141a5
__PROJECT/GeneratedLevelRenders/112x84_Family_11.png,Texture,Assets/RecoveredOriginal/Texture/__PROJECT/GeneratedLevelRenders/112x84_Family_11.png,d5dc9f47e1b285c489a66786e2d763d6
__PROJECT/GeneratedLevelRenders/112x84_Family_12.asset,Sprite,Assets/RecoveredOriginal/Sprite/__PROJECT/GeneratedLevelRenders/112x84_Family_12.asset,3ddca279c349aaa469ed3dc3bea89d00
__PROJECT/GeneratedLevelRenders/112x84_Family_12.png,Texture,Assets/RecoveredOriginal/Texture/__PROJECT/GeneratedLevelRenders/112x84_Family_12.png,06e8b0c86e8b75641b3bc52321675671
__PROJECT/GeneratedLevelRenders/112x84_Family_13.asset,Sprite,Assets/RecoveredOriginal/Sprite/__PROJECT/GeneratedLevelRenders/112x84_Family_13.asset,e9ddc709fd1f5494ab3456a30685da32
__PROJECT/GeneratedLevelRenders/112x84_Family_13.png,Texture,Assets/RecoveredOriginal/Texture/__PROJECT/GeneratedLevelRenders/112x84_Family_13.png,05a2d21f2c09f47418827ca8597f1067
__PROJECT/GeneratedLevelRenders/112x84_Family_14.asset,Sprite,Assets/RecoveredOriginal/Sprite/__PROJECT/GeneratedLevelRenders/112x84_Family_14.asset,f08b2c99a1b7e68498dbf71a6f6165d0
__PROJECT/GeneratedLevelRenders/112x84_Family_14.png,Texture,Assets/RecoveredOriginal/Texture/__PROJECT/GeneratedLevelRenders/112x84_Family_14.png,54695b112a1fe5c49aca9c167793a353
__PROJECT/GeneratedLevelRenders/112x84_Family_15.asset,Sprite,Assets/RecoveredOriginal/Sprite/__PROJECT/GeneratedLevelRenders/112x84_Family_15.asset,a935a8ca1ea7770428034e1554a9359a
__PROJECT/GeneratedLevelRenders/112x84_Family_15.png,Texture,Assets/RecoveredOriginal/Texture/__PROJECT/GeneratedLevelRenders/112x84_Family_15.png,8044ade6fac9f354d872d7c6a6bb65ca
__PROJECT/GeneratedLevelRenders/112x84_Family_2.asset,Sprite,Assets/RecoveredOriginal/Sprite/__PROJECT/GeneratedLevelRenders/112x84_Family_2.asset,3fb8f0370f910c8459134a1592690eba
__PROJECT/GeneratedLevelRenders/112x84_Family_2.png,Texture,Assets/RecoveredOriginal/Texture/__PROJECT/GeneratedLevelRenders/112x84_Family_2.png,702c70a230c404c409110152c89a9a2c
__PROJECT/GeneratedLevelRenders/112x84_Family_3.asset,Sprite,Assets/RecoveredOriginal/Sprite/__PROJECT/GeneratedLevelRenders/112x84_Family_3.asset,aab1de36a0c8ad345be9249d4674648c
__PROJECT/GeneratedLevelRenders/112x84_Family_3.png,Texture,Assets/RecoveredOriginal/Texture/__PROJECT/GeneratedLevelRenders/112x84_Family_3.png,cb0e6639e99bd974488d1f8c2b7ce647
__PROJECT/GeneratedLevelRenders/112x84_Family_4.asset,Sprite,Assets/RecoveredOriginal/Sprite/__PROJECT/GeneratedLevelRenders/112x84_Family_4.asset,d8754c4e22869704e94253d8e467a327
__PROJECT/GeneratedLevelRenders/112x84_Family_4.png,Texture,Assets/RecoveredOriginal/Texture/__PROJECT/GeneratedLevelRenders/112x84_Family_4.png,11d395bb3b9206848af9eb089c29dd48
__PROJECT/GeneratedLevelRenders/112x84_Family_5.asset,Sprite,Assets/RecoveredOriginal/Sprite/__PROJECT/GeneratedLevelRenders/112x84_Family_5.asset,4dc41f11c4cabbf44a7d73479bb04f80
__PROJECT/GeneratedLevelRenders/112x84_Family_5.png,Texture,Assets/RecoveredOriginal/Texture/__PROJECT/GeneratedLevelRenders/112x84_Family_5.png,cd6034eb7ec5bb840a1d7e1434638be2
__PROJECT/GeneratedLevelRenders/112x84_Family_6.asset,Sprite,Assets/RecoveredOriginal/Sprite/__PROJECT/GeneratedLevelRenders/112x84_Family_6.asset,b25333b884dca0c42a0a39f5e402549f
__PROJECT/GeneratedLevelRenders/112x84_Family_6.png,Texture,Assets/RecoveredOriginal/Texture/__PROJECT/GeneratedLevelRenders/112x84_Family_6.png,a5eec2a6e5a98f7478570c4ae46f58ee
__PROJECT/GeneratedLevelRenders/112x84_Family_7.asset,Sprite,Assets/RecoveredOriginal/Sprite/__PROJECT/GeneratedLevelRenders/112x84_Family_7.asset,f5d752e60055488408b72c7f0e272adc
__PROJECT/GeneratedLevelRenders/112x84_Family_7.png,Texture,Assets/RecoveredOriginal/Texture/__PROJECT/GeneratedLevelRenders/112x84_Family_7.png,51bd16ac49e55cf40a3b1d89477377ab
__PROJECT/GeneratedLevelRenders/112x84_Family_8.asset,Sprite,Assets/RecoveredOriginal/Sprite/__PROJECT/GeneratedLevelRenders/112x84_Family_8.asset,3c507ca597ffe8e4fa3cc5fd2bc3731c
__PROJECT/GeneratedLevelRenders/112x84_Family_8.png,Texture,Assets/RecoveredOriginal/Texture/__PROJECT/GeneratedLevelRenders/112x84_Family_8.png,2c75b561ab67dc34ca544a96c64d283f
__PROJECT/GeneratedLevelRenders/112x84_Family_9.asset,Sprite,Assets/RecoveredOriginal/Sprite/__PROJECT/GeneratedLevelRenders/112x84_Family_9.asset,3e8a172a1b4ea074bb2c47c2906fda92
__PROJECT/GeneratedLevelRenders/112x84_Family_9.png,Texture,Assets/RecoveredOriginal/Texture/__PROJECT/GeneratedLevelRenders/112x84_Family_9.png,6dabf7e503510e64d8672a08764adfd4
__PROJECT/GeneratedLevelRenders/112x84_Flower_10.asset,Sprite,Assets/RecoveredOriginal/Sprite/__PROJECT/GeneratedLevelRenders/112x84_Flower_10.asset,2112be56aa9f8724ea9329a299337c11
__PROJECT/GeneratedLevelRenders/112x84_Flower_10.png,Texture,Assets/RecoveredOriginal/Texture/__PROJECT/GeneratedLevelRenders/112x84_Flower_10.png,bf0c64abb914402488a4063b1e1d65da
__PROJECT/GeneratedLevelRenders/112x84_Flower_11.asset,Sprite,Assets/RecoveredOriginal/Sprite/__PROJECT/GeneratedLevelRenders/112x84_Flower_11.asset,e87676ba62cde194584b48432f6c45e0
__PROJECT/GeneratedLevelRenders/112x84_Flower_11.png,Texture,Assets/RecoveredOriginal/Texture/__PROJECT/GeneratedLevelRenders/112x84_Flower_11.png,d66330a3abb6f9d47a7f67f4d10901a2
__PROJECT/GeneratedLevelRenders/112x84_Flower_12.asset,Sprite,Assets/RecoveredOriginal/Sprite/__PROJECT/GeneratedLevelRenders/112x84_Flower_12.asset,b656f956197016442bf595f7f56d7bc0
__PROJECT/GeneratedLevelRenders/112x84_Flower_12.png,Texture,Assets/RecoveredOriginal/Texture/__PROJECT/GeneratedLevelRenders/112x84_Flower_12.png,d7805dfb5b57ab642bf4dd80362b8b79
__PROJECT/GeneratedLevelRenders/112x84_Flower_13.asset,Sprite,Assets/RecoveredOriginal/Sprite/__PROJECT/GeneratedLevelRenders/112x84_Flower_13.asset,36ae88df194791343bb6c6eb8f31e890
__PROJECT/GeneratedLevelRenders/112x84_Flower_13.png,Texture,Assets/RecoveredOriginal/Texture/__PROJECT/GeneratedLevelRenders/112x84_Flower_13.png,8f27ed0ea5c2b7f48b69f5dbbd089db0
__PROJECT/GeneratedLevelRenders/112x84_Flower_14.asset,Sprite,Assets/RecoveredOriginal/Sprite/__PROJECT/GeneratedLevelRenders/112x84_Flower_14.asset,da25e02e247b45248ab1eb151122208e
__PROJECT/GeneratedLevelRenders/112x84_Flower_14.png,Texture,Assets/RecoveredOriginal/Texture/__PROJECT/GeneratedLevelRenders/112x84_Flower_14.png,d7dd03da5bdbe0a4698a0764320724ae
__PROJECT/GeneratedLevelRenders/112x84_Flower_15.asset,Sprite,Assets/RecoveredOriginal/Sprite/__PROJECT/GeneratedLevelRenders/112x84_Flower_15.asset,a4931cc56cab7e140a7ed81a78d7cf97
__PROJECT/GeneratedLevelRenders/112x84_Flower_15.png,Texture,Assets/RecoveredOriginal/Texture/__PROJECT/GeneratedLevelRenders/112x84_Flower_15.png,d6aeaa8dd86845249868fe972b290676
__PROJECT/GeneratedLevelRenders/112x84_Flower_2.asset,Sprite,Assets/RecoveredOriginal/Sprite/__PROJECT/GeneratedLevelRenders/112x84_Flower_2.asset,54d7f977fa045624096033f314d21b30
__PROJECT/GeneratedLevelRenders/112x84_Flower_2.png,Texture,Assets/RecoveredOriginal/Texture/__PROJECT/GeneratedLevelRenders/112x84_Flower_2.png,e4daa9a7adb2a324d8644727eac72519
__PROJECT/GeneratedLevelRenders/112x84_Flower_3.asset,Sprite,Assets/RecoveredOriginal/Sprite/__PROJECT/GeneratedLevelRenders/112x84_Flower_3.asset,3414aecaf494bcf47a74f5f95c1b4d78
__PROJECT/GeneratedLevelRenders/112x84_Flower_3.png,Texture,Assets/RecoveredOriginal/Texture/__PROJECT/GeneratedLevelRenders/112x84_Flower_3.png,c083db743cbf8064b9bc1b5ed3e55293
__PROJECT/GeneratedLevelRenders/112x84_Flower_4.asset,Sprite,Assets/RecoveredOriginal/Sprite/__PROJECT/GeneratedLevelRenders/112x84_Flower_4.asset,697e4005b0dfe6745907db229a16e00f
__PROJECT/GeneratedLevelRenders/112x84_Flower_4.png,Texture,Assets/RecoveredOriginal/Texture/__PROJECT/GeneratedLevelRenders/112x84_Flower_4.png,89e551c88036c564b9e42a28c5b6d819
__PROJECT/GeneratedLevelRenders/112x84_Flower_5.asset,Sprite,Assets/RecoveredOriginal/Sprite/__PROJECT/GeneratedLevelRenders/112x84_Flower_5.asset,2f13b03be9bf31e4daec7ea9ace5b611
__PROJECT/GeneratedLevelRenders/112x84_Flower_5.png,Texture,Assets/RecoveredOriginal/Texture/__PROJECT/GeneratedLevelRenders/112x84_Flower_5.png,d15b35f693d3a5746b8cc37f02e000a4
__PROJECT/GeneratedLevelRenders/112x84_Flower_6.asset,Sprite,Assets/RecoveredOriginal/Sprite/__PROJECT/GeneratedLevelRenders/112x84_Flower_6.asset,e696aafc783915749b5385b0b635f5f4
__PROJECT/GeneratedLevelRenders/112x84_Flower_6.png,Texture,Assets/RecoveredOriginal/Texture/__PROJECT/GeneratedLevelRenders/112x84_Flower_6.png,1841c82d4b5d9e741aed207b474add3f
__PROJECT/GeneratedLevelRenders/112x84_Flower_7.asset,Sprite,Assets/RecoveredOriginal/Sprite/__PROJECT/GeneratedLevelRenders/112x84_Flower_7.asset,dd4136c7dde7d6e4fb7c74a5abb398eb
__PROJECT/GeneratedLevelRenders/112x84_Flower_7.png,Texture,Assets/RecoveredOriginal/Texture/__PROJECT/GeneratedLevelRenders/112x84_Flower_7.png,6839a89f4ee9c8f4593c3d421d6d9a60
__PROJECT/GeneratedLevelRenders/112x84_Flower_8.asset,Sprite,Assets/RecoveredOriginal/Sprite/__PROJECT/GeneratedLevelRenders/112x84_Flower_8.asset,0d2077d4a4571b34fa992f0e9611551c
__PROJECT/GeneratedLevelRenders/112x84_Flower_8.png,Texture,Assets/RecoveredOriginal/Texture/__PROJECT/GeneratedLevelRenders/112x84_Flower_8.png,0baf33bcea7e61243818174057c869e2
__PROJECT/GeneratedLevelRenders/112x84_Flower_9.asset,Sprite,Assets/RecoveredOriginal/Sprite/__PROJECT/GeneratedLevelRenders/112x84_Flower_9.asset,e56d40b4098006c41a0d71bbf1fdccdd
__PROJECT/GeneratedLevelRenders/112x84_Flower_9.png,Texture,Assets/RecoveredOriginal/Texture/__PROJECT/GeneratedLevelRenders/112x84_Flower_9.png,93f25511e7114b14a80b75274d77b36d
__PROJECT/GeneratedLevelRenders/112x84_FoodAndDrinks_1.asset,Sprite,Assets/RecoveredOriginal/Sprite/__PROJECT/GeneratedLevelRenders/112x84_FoodAndDrinks_1.asset,f8ab723de91489f4fb347f52d68b50ca
__PROJECT/GeneratedLevelRenders/112x84_FoodAndDrinks_1.png,Texture,Assets/RecoveredOriginal/Texture/__PROJECT/GeneratedLevelRenders/112x84_FoodAndDrinks_1.png,b33ad5d0aa4c85f4a87f1792080fefdd
__PROJECT/GeneratedLevelRenders/112x84_FoodAndDrinks_10.asset,Sprite,Assets/RecoveredOriginal/Sprite/__PROJECT/GeneratedLevelRenders/112x84_FoodAndDrinks_10.asset,acd3e7b62ed341145968976a61f02ea8
__PROJECT/GeneratedLevelRenders/112x84_FoodAndDrinks_10.png,Texture,Assets/RecoveredOriginal/Texture/__PROJECT/GeneratedLevelRenders/112x84_FoodAndDrinks_10.png,71c57daef69d30845a8961df50032a75
__PROJECT/GeneratedLevelRenders/112x84_FoodAndDrinks_11.asset,Sprite,Assets/RecoveredOriginal/Sprite/__PROJECT/GeneratedLevelRenders/112x84_FoodAndDrinks_11.asset,9ce4f7cb4cf694d48acf6f2b34e9ae62
__PROJECT/GeneratedLevelRenders/112x84_FoodAndDrinks_11.png,Texture,Assets/RecoveredOriginal/Texture/__PROJECT/GeneratedLevelRenders/112x84_FoodAndDrinks_11.png,e322b2733684a5e49add3098388815d5
__PROJECT/GeneratedLevelRenders/112x84_FoodAndDrinks_12.asset,Sprite,Assets/RecoveredOriginal/Sprite/__PROJECT/GeneratedLevelRenders/112x84_FoodAndDrinks_12.asset,e2a6768060eb1fe43b836998d148904f
__PROJECT/GeneratedLevelRenders/112x84_FoodAndDrinks_12.png,Texture,Assets/RecoveredOriginal/Texture/__PROJECT/GeneratedLevelRenders/112x84_FoodAndDrinks_12.png,1525543640042a64dab268684ee57747
__PROJECT/GeneratedLevelRenders/112x84_FoodAndDrinks_13.asset,Sprite,Assets/RecoveredOriginal/Sprite/__PROJECT/GeneratedLevelRenders/112x84_FoodAndDrinks_13.asset,373704142940a624ebd9022185a20090
__PROJECT/GeneratedLevelRenders/112x84_FoodAndDrinks_13.png,Texture,Assets/RecoveredOriginal/Texture/__PROJECT/GeneratedLevelRenders/112x84_FoodAndDrinks_13.png,866acfa3c6e72274e94474bc01e62dc3
__PROJECT/GeneratedLevelRenders/112x84_FoodAndDrinks_14.asset,Sprite,Assets/RecoveredOriginal/Sprite/__PROJECT/GeneratedLevelRenders/112x84_FoodAndDrinks_14.asset,150ae81da3b86ff4198803302c2625c7
__PROJECT/GeneratedLevelRenders/112x84_FoodAndDrinks_14.png,Texture,Assets/RecoveredOriginal/Texture/__PROJECT/GeneratedLevelRenders/112x84_FoodAndDrinks_14.png,e28d3421299e5ef4083fb83eeb0c686a
__PROJECT/GeneratedLevelRenders/112x84_FoodAndDrinks_15.asset,Sprite,Assets/RecoveredOriginal/Sprite/__PROJECT/GeneratedLevelRenders/112x84_FoodAndDrinks_15.asset,1825846c8c134234f9ff4f694eb51263
__PROJECT/GeneratedLevelRenders/112x84_FoodAndDrinks_15.png,Texture,Assets/RecoveredOriginal/Texture/__PROJECT/GeneratedLevelRenders/112x84_FoodAndDrinks_15.png,9f360c937be4967459e400fd36ed623c
__PROJECT/GeneratedLevelRenders/112x84_FoodAndDrinks_2.asset,Sprite,Assets/RecoveredOriginal/Sprite/__PROJECT/GeneratedLevelRenders/112x84_FoodAndDrinks_2.asset,81a03779224384b4bbbad046430e404a
__PROJECT/GeneratedLevelRenders/112x84_FoodAndDrinks_2.png,Texture,Assets/RecoveredOriginal/Texture/__PROJECT/GeneratedLevelRenders/112x84_FoodAndDrinks_2.png,4f8621012bd576b4486aa5885ccfdb5c
__PROJECT/GeneratedLevelRenders/112x84_FoodAndDrinks_3.asset,Sprite,Assets/RecoveredOriginal/Sprite/__PROJECT/GeneratedLevelRenders/112x84_FoodAndDrinks_3.asset,b5f936ee9f1a9cb4d91aa902a6f648b4
__PROJECT/GeneratedLevelRenders/112x84_FoodAndDrinks_3.png,Texture,Assets/RecoveredOriginal/Texture/__PROJECT/GeneratedLevelRenders/112x84_FoodAndDrinks_3.png,9f4e307a17fcafd42a7b59b16bcaf0c7
__PROJECT/GeneratedLevelRenders/112x84_FoodAndDrinks_4.asset,Sprite,Assets/RecoveredOriginal/Sprite/__PROJECT/GeneratedLevelRenders/112x84_FoodAndDrinks_4.asset,0fb9df456bc96a244a7ce026f2f9323e
__PROJECT/GeneratedLevelRenders/112x84_FoodAndDrinks_4.png,Texture,Assets/RecoveredOriginal/Texture/__PROJECT/GeneratedLevelRenders/112x84_FoodAndDrinks_4.png,dabc0b67ebc200244995f63ffaf0917c
__PROJECT/GeneratedLevelRenders/112x84_FoodAndDrinks_5.asset,Sprite,Assets/RecoveredOriginal/Sprite/__PROJECT/GeneratedLevelRenders/112x84_FoodAndDrinks_5.asset,c13527ecf09d74e4c8f78951f6c40863
__PROJECT/GeneratedLevelRenders/112x84_FoodAndDrinks_5.png,Texture,Assets/RecoveredOriginal/Texture/__PROJECT/GeneratedLevelRenders/112x84_FoodAndDrinks_5.png,c26112cd21def044bb10baacc5d1ce25
__PROJECT/GeneratedLevelRenders/112x84_FoodAndDrinks_6.asset,Sprite,Assets/RecoveredOriginal/Sprite/__PROJECT/GeneratedLevelRenders/112x84_FoodAndDrinks_6.asset,209aa44b726f32d46b3e9c6b5551d78d
__PROJECT/GeneratedLevelRenders/112x84_FoodAndDrinks_6.png,Texture,Assets/RecoveredOriginal/Texture/__PROJECT/GeneratedLevelRenders/112x84_FoodAndDrinks_6.png,06454dbe1387dca4b81b85a68d9b6dc3
__PROJECT/GeneratedLevelRenders/112x84_FoodAndDrinks_7.asset,Sprite,Assets/RecoveredOriginal/Sprite/__PROJECT/GeneratedLevelRenders/112x84_FoodAndDrinks_7.asset,62252b90205070141a77df0d727b93cc
__PROJECT/GeneratedLevelRenders/112x84_FoodAndDrinks_7.png,Texture,Assets/RecoveredOriginal/Texture/__PROJECT/GeneratedLevelRenders/112x84_FoodAndDrinks_7.png,5ab989a9aa3167b4e80968f698ce4373
__PROJECT/GeneratedLevelRenders/112x84_FoodAndDrinks_8.asset,Sprite,Assets/RecoveredOriginal/Sprite/__PROJECT/GeneratedLevelRenders/112x84_FoodAndDrinks_8.asset,064588b16d99d8149aeb12cea719b52d
__PROJECT/GeneratedLevelRenders/112x84_FoodAndDrinks_8.png,Texture,Assets/RecoveredOriginal/Texture/__PROJECT/GeneratedLevelRenders/112x84_FoodAndDrinks_8.png,301f8ade08f39c24e91d6e1a5322d8f2
__PROJECT/GeneratedLevelRenders/112x84_FoodAndDrinks_9.asset,Sprite,Assets/RecoveredOriginal/Sprite/__PROJECT/GeneratedLevelRenders/112x84_FoodAndDrinks_9.asset,bf50dce404325d04caeff46745a2c3f7
__PROJECT/GeneratedLevelRenders/112x84_FoodAndDrinks_9.png,Texture,Assets/RecoveredOriginal/Texture/__PROJECT/GeneratedLevelRenders/112x84_FoodAndDrinks_9.png,c6fcacc5ca42ac444bfe42eb56de38da
__PROJECT/GeneratedLevelRenders/112x84_Halloween_1.asset,Sprite,Assets/RecoveredOriginal/Sprite/__PROJECT/GeneratedLevelRenders/112x84_Halloween_1.asset,1fe389102569a664b8c02099d36af3fb
__PROJECT/GeneratedLevelRenders/112x84_Halloween_1.png,Texture,Assets/RecoveredOriginal/Texture/__PROJECT/GeneratedLevelRenders/112x84_Halloween_1.png,e21c28b085cb2a44f948b29f99750947
__PROJECT/GeneratedLevelRenders/112x84_Halloween_10.asset,Sprite,Assets/RecoveredOriginal/Sprite/__PROJECT/GeneratedLevelRenders/112x84_Halloween_10.asset,475a7fbef0e73ad478efc56f86d3f439
__PROJECT/GeneratedLevelRenders/112x84_Halloween_10.png,Texture,Assets/RecoveredOriginal/Texture/__PROJECT/GeneratedLevelRenders/112x84_Halloween_10.png,90db94c6cd44d2a4fab22b890ea7fd48
__PROJECT/GeneratedLevelRenders/112x84_Halloween_11.asset,Sprite,Assets/RecoveredOriginal/Sprite/__PROJECT/GeneratedLevelRenders/112x84_Halloween_11.asset,ad310d763ac1ac14bb7bf96f11f6302d
__PROJECT/GeneratedLevelRenders/112x84_Halloween_11.png,Texture,Assets/RecoveredOriginal/Texture/__PROJECT/GeneratedLevelRenders/112x84_Halloween_11.png,ea28258cc3e688243b796f16213455a7
__PROJECT/GeneratedLevelRenders/112x84_Halloween_12.asset,Sprite,Assets/RecoveredOriginal/Sprite/__PROJECT/GeneratedLevelRenders/112x84_Halloween_12.asset,4fd04e981f8ea28449721fff751000cd
__PROJECT/GeneratedLevelRenders/112x84_Halloween_12.png,Texture,Assets/RecoveredOriginal/Texture/__PROJECT/GeneratedLevelRenders/112x84_Halloween_12.png,e90d4b3cdc03ae540a1a9b64c83d488e
__PROJECT/GeneratedLevelRenders/112x84_Halloween_13.asset,Sprite,Assets/RecoveredOriginal/Sprite/__PROJECT/GeneratedLevelRenders/112x84_Halloween_13.asset,d5a09af705d00cf46904ee70a8d62592
__PROJECT/GeneratedLevelRenders/112x84_Halloween_13.png,Texture,Assets/RecoveredOriginal/Texture/__PROJECT/GeneratedLevelRenders/112x84_Halloween_13.png,f91b02ab976576a42af230d72ae30026
__PROJECT/GeneratedLevelRenders/112x84_Halloween_14.asset,Sprite,Assets/RecoveredOriginal/Sprite/__PROJECT/GeneratedLevelRenders/112x84_Halloween_14.asset,cabfc7487735fad4a84e068b6760aee1
__PROJECT/GeneratedLevelRenders/112x84_Halloween_14.png,Texture,Assets/RecoveredOriginal/Texture/__PROJECT/GeneratedLevelRenders/112x84_Halloween_14.png,9470182f12574544cbf1069c395a2287
__PROJECT/GeneratedLevelRenders/112x84_Halloween_15.asset,Sprite,Assets/RecoveredOriginal/Sprite/__PROJECT/GeneratedLevelRenders/112x84_Halloween_15.asset,f74ec6918e7729a4bae55830eb705807
__PROJECT/GeneratedLevelRenders/112x84_Halloween_15.png,Texture,Assets/RecoveredOriginal/Texture/__PROJECT/GeneratedLevelRenders/112x84_Halloween_15.png,82b5dea20b5dd3d4384ee9c6eb7bee15
__PROJECT/GeneratedLevelRenders/112x84_Halloween_2.asset,Sprite,Assets/RecoveredOriginal/Sprite/__PROJECT/GeneratedLevelRenders/112x84_Halloween_2.asset,ee4ea40a492706d439809005fc1d725e
__PROJECT/GeneratedLevelRenders/112x84_Halloween_2.png,Texture,Assets/RecoveredOriginal/Texture/__PROJECT/GeneratedLevelRenders/112x84_Halloween_2.png,e08b49ac09610a643a0c0c49d7233a77
__PROJECT/GeneratedLevelRenders/112x84_Halloween_3.asset,Sprite,Assets/RecoveredOriginal/Sprite/__PROJECT/GeneratedLevelRenders/112x84_Halloween_3.asset,ebeed9cf574179f40aa6918413e16201
__PROJECT/GeneratedLevelRenders/112x84_Halloween_3.png,Texture,Assets/RecoveredOriginal/Texture/__PROJECT/GeneratedLevelRenders/112x84_Halloween_3.png,51828dbaadf7a7a4babdc1134827f4d1
__PROJECT/GeneratedLevelRenders/112x84_Halloween_4.asset,Sprite,Assets/RecoveredOriginal/Sprite/__PROJECT/GeneratedLevelRenders/112x84_Halloween_4.asset,cb4caa0c828264b4993f1582afe12527
__PROJECT/GeneratedLevelRenders/112x84_Halloween_4.png,Texture,Assets/RecoveredOriginal/Texture/__PROJECT/GeneratedLevelRenders/112x84_Halloween_4.png,38bb23f9029f3b5498a6e21de17ca4ea
__PROJECT/GeneratedLevelRenders/112x84_Halloween_5.asset,Sprite,Assets/RecoveredOriginal/Sprite/__PROJECT/GeneratedLevelRenders/112x84_Halloween_5.asset,d9adc8373550e52468697e732c1dc1dc
__PROJECT/GeneratedLevelRenders/112x84_Halloween_5.png,Texture,Assets/RecoveredOriginal/Texture/__PROJECT/GeneratedLevelRenders/112x84_Halloween_5.png,7c75f719535463448a6b4ce90072df87
__PROJECT/GeneratedLevelRenders/112x84_Halloween_6.asset,Sprite,Assets/RecoveredOriginal/Sprite/__PROJECT/GeneratedLevelRenders/112x84_Halloween_6.asset,a63a02e230c01b14dbe2d3d73d2b0a40
__PROJECT/GeneratedLevelRenders/112x84_Halloween_6.png,Texture,Assets/RecoveredOriginal/Texture/__PROJECT/GeneratedLevelRenders/112x84_Halloween_6.png,17652983de1d5de43a9155087c4cc0c2
__PROJECT/GeneratedLevelRenders/112x84_Halloween_7.asset,Sprite,Assets/RecoveredOriginal/Sprite/__PROJECT/GeneratedLevelRenders/112x84_Halloween_7.asset,98057c9b33c529c40b6ed1c0f8edc625
__PROJECT/GeneratedLevelRenders/112x84_Halloween_7.png,Texture,Assets/RecoveredOriginal/Texture/__PROJECT/GeneratedLevelRenders/112x84_Halloween_7.png,1ec73cd243c7f874fad128b13a219296
__PROJECT/GeneratedLevelRenders/112x84_Halloween_8.asset,Sprite,Assets/RecoveredOriginal/Sprite/__PROJECT/GeneratedLevelRenders/112x84_Halloween_8.asset,8b9208177c9960f449897a816d4c025b
__PROJECT/GeneratedLevelRenders/112x84_Halloween_8.png,Texture,Assets/RecoveredOriginal/Texture/__PROJECT/GeneratedLevelRenders/112x84_Halloween_8.png,9327d32654110454d8fa49df3cfda64c
__PROJECT/GeneratedLevelRenders/112x84_Halloween_9.asset,Sprite,Assets/RecoveredOriginal/Sprite/__PROJECT/GeneratedLevelRenders/112x84_Halloween_9.asset,1afa53a6e941a5146882ea19a5ab2610
__PROJECT/GeneratedLevelRenders/112x84_Halloween_9.png,Texture,Assets/RecoveredOriginal/Texture/__PROJECT/GeneratedLevelRenders/112x84_Halloween_9.png,88277a7cdf51e3644b7b7508e9c487bf
__PROJECT/GeneratedLevelRenders/112x84_Level10_C.asset,Sprite,Assets/RecoveredOriginal/Sprite/__PROJECT/GeneratedLevelRenders/112x84_Level10_C.asset,82d87485a0ff21c4c91f8bc023aff221
__PROJECT/GeneratedLevelRenders/112x84_Level10_C.png,Texture,Assets/RecoveredOriginal/Texture/__PROJECT/GeneratedLevelRenders/112x84_Level10_C.png,111898229bf6abb42801709d16cfa903
__PROJECT/GeneratedLevelRenders/112x84_Level11_D.asset,Sprite,Assets/RecoveredOriginal/Sprite/__PROJECT/GeneratedLevelRenders/112x84_Level11_D.asset,1d71bd704a07f784587b9826d356cacb
__PROJECT/GeneratedLevelRenders/112x84_Level11_D.png,Texture,Assets/RecoveredOriginal/Texture/__PROJECT/GeneratedLevelRenders/112x84_Level11_D.png,f7da00f8922b7ad46aa8fec6209d8ae3
__PROJECT/GeneratedLevelRenders/112x84_Level12_D.asset,Sprite,Assets/RecoveredOriginal/Sprite/__PROJECT/GeneratedLevelRenders/112x84_Level12_D.asset,4788ff5f3b083d94eb2da7ee89f72634
__PROJECT/GeneratedLevelRenders/112x84_Level12_D.png,Texture,Assets/RecoveredOriginal/Texture/__PROJECT/GeneratedLevelRenders/112x84_Level12_D.png,981f0c51f11d9c64abb58bcb57deac72
__PROJECT/GeneratedLevelRenders/112x84_Level13_D.asset,Sprite,Assets/RecoveredOriginal/Sprite/__PROJECT/GeneratedLevelRenders/112x84_Level13_D.asset,78860798bf64980488332a22a1fc49e6
__PROJECT/GeneratedLevelRenders/112x84_Level13_D.png,Texture,Assets/RecoveredOriginal/Texture/__PROJECT/GeneratedLevelRenders/112x84_Level13_D.png,c0f6541b19591af41b63baa6c5d59416
__PROJECT/GeneratedLevelRenders/112x84_Level14_E.asset,Sprite,Assets/RecoveredOriginal/Sprite/__PROJECT/GeneratedLevelRenders/112x84_Level14_E.asset,38630de9f778c074e99fd3b9a4fb24fa
__PROJECT/GeneratedLevelRenders/112x84_Level14_E.png,Texture,Assets/RecoveredOriginal/Texture/__PROJECT/GeneratedLevelRenders/112x84_Level14_E.png,5fb16600952b3e040947d49f6524606b
__PROJECT/GeneratedLevelRenders/112x84_Level15_D.asset,Sprite,Assets/RecoveredOriginal/Sprite/__PROJECT/GeneratedLevelRenders/112x84_Level15_D.asset,8faed896104faa348ba527762d53a51c
__PROJECT/GeneratedLevelRenders/112x84_Level15_D.png,Texture,Assets/RecoveredOriginal/Texture/__PROJECT/GeneratedLevelRenders/112x84_Level15_D.png,141b3a1276e482e4fa00c6897c5aea6e
__PROJECT/GeneratedLevelRenders/112x84_Level16_F.asset,Sprite,Assets/RecoveredOriginal/Sprite/__PROJECT/GeneratedLevelRenders/112x84_Level16_F.asset,3d7c54c5c4fb3e04ba6ccde123c73f3e
__PROJECT/GeneratedLevelRenders/112x84_Level16_F.png,Texture,Assets/RecoveredOriginal/Texture/__PROJECT/GeneratedLevelRenders/112x84_Level16_F.png,5e4c60728f99dfe459599df3cc96ba94
__PROJECT/GeneratedLevelRenders/112x84_Level17_G.asset,Sprite,Assets/RecoveredOriginal/Sprite/__PROJECT/GeneratedLevelRenders/112x84_Level17_G.asset,521ea37ac8dc7cb4bbbdd86a798c8d05
__PROJECT/GeneratedLevelRenders/112x84_Level17_G.png,Texture,Assets/RecoveredOriginal/Texture/__PROJECT/GeneratedLevelRenders/112x84_Level17_G.png,46576cd7b11719344bb5c3b1c1b9950e
__PROJECT/GeneratedLevelRenders/112x84_Level18_H.asset,Sprite,Assets/RecoveredOriginal/Sprite/__PROJECT/GeneratedLevelRenders/112x84_Level18_H.asset,5dc5e85c85b72b84b925fa28ca699eea
__PROJECT/GeneratedLevelRenders/112x84_Level18_H.png,Texture,Assets/RecoveredOriginal/Texture/__PROJECT/GeneratedLevelRenders/112x84_Level18_H.png,f49cd67a8361ede4aaf79e78a6e52dcb
__PROJECT/GeneratedLevelRenders/112x84_Level19_G.asset,Sprite,Assets/RecoveredOriginal/Sprite/__PROJECT/GeneratedLevelRenders/112x84_Level19_G.asset,000b447beab92834f8ca1f7797d4d57c
__PROJECT/GeneratedLevelRenders/112x84_Level19_G.png,Texture,Assets/RecoveredOriginal/Texture/__PROJECT/GeneratedLevelRenders/112x84_Level19_G.png,deb0e81430e7fc044bb3d721ed385ea9
__PROJECT/GeneratedLevelRenders/112x84_Level20_G.asset,Sprite,Assets/RecoveredOriginal/Sprite/__PROJECT/GeneratedLevelRenders/112x84_Level20_G.asset,080888dbd3510b5448614bcfec73c603
__PROJECT/GeneratedLevelRenders/112x84_Level20_G.png,Texture,Assets/RecoveredOriginal/Texture/__PROJECT/GeneratedLevelRenders/112x84_Level20_G.png,746219e7ad302c84ca4b569eb66cd9be
__PROJECT/GeneratedLevelRenders/112x84_Level21_G.asset,Sprite,Assets/RecoveredOriginal/Sprite/__PROJECT/GeneratedLevelRenders/112x84_Level21_G.asset,84a668dbeb226d14a8bc526380cb79f3
__PROJECT/GeneratedLevelRenders/112x84_Level21_G.png,Texture,Assets/RecoveredOriginal/Texture/__PROJECT/GeneratedLevelRenders/112x84_Level21_G.png,b781003a7cb5cb243a70ab8cd935bd2d
__PROJECT/GeneratedLevelRenders/112x84_Level22_D.asset,Sprite,Assets/RecoveredOriginal/Sprite/__PROJECT/GeneratedLevelRenders/112x84_Level22_D.asset,60219976549be6d488c6e2ec7b933f77
__PROJECT/GeneratedLevelRenders/112x84_Level22_D.png,Texture,Assets/RecoveredOriginal/Texture/__PROJECT/GeneratedLevelRenders/112x84_Level22_D.png,db57f399130973b4dbfdc386b3e7d08b
__PROJECT/GeneratedLevelRenders/112x84_Level24_A.asset,Sprite,Assets/RecoveredOriginal/Sprite/__PROJECT/GeneratedLevelRenders/112x84_Level24_A.asset,0ff16949d72ce834d8404d3d59043e94
__PROJECT/GeneratedLevelRenders/112x84_Level24_A.png,Texture,Assets/RecoveredOriginal/Texture/__PROJECT/GeneratedLevelRenders/112x84_Level24_A.png,4135c714dde3d4a4a94b94a26df0cbce
__PROJECT/GeneratedLevelRenders/112x84_Level25_A.asset,Sprite,Assets/RecoveredOriginal/Sprite/__PROJECT/GeneratedLevelRenders/112x84_Level25_A.asset,ac2c356def9e5dc4a952e5e1df26846d
__PROJECT/GeneratedLevelRenders/112x84_Level25_A.png,Texture,Assets/RecoveredOriginal/Texture/__PROJECT/GeneratedLevelRenders/112x84_Level25_A.png,bece05681846ed748888c3382812835d
__PROJECT/GeneratedLevelRenders/112x84_Level26_A.asset,Sprite,Assets/RecoveredOriginal/Sprite/__PROJECT/GeneratedLevelRenders/112x84_Level26_A.asset,27bbe8f44ecee0b4aaecf59505206edc
__PROJECT/GeneratedLevelRenders/112x84_Level26_A.png,Texture,Assets/RecoveredOriginal/Texture/__PROJECT/GeneratedLevelRenders/112x84_Level26_A.png,b434eb0de7773d34a95e6a4f5df4d6fc
__PROJECT/GeneratedLevelRenders/112x84_Level27_A.asset,Sprite,Assets/RecoveredOriginal/Sprite/__PROJECT/GeneratedLevelRenders/112x84_Level27_A.asset,6dde937b095149f458cbf0d72c7591b3
__PROJECT/GeneratedLevelRenders/112x84_Level27_A.png,Texture,Assets/RecoveredOriginal/Texture/__PROJECT/GeneratedLevelRenders/112x84_Level27_A.png,1fee84233eacb13489a82f3b1b5da9d3
__PROJECT/GeneratedLevelRenders/112x84_Level28_A.asset,Sprite,Assets/RecoveredOriginal/Sprite/__PROJECT/GeneratedLevelRenders/112x84_Level28_A.asset,f4fc04409948289459bb48751774c642
__PROJECT/GeneratedLevelRenders/112x84_Level28_A.png,Texture,Assets/RecoveredOriginal/Texture/__PROJECT/GeneratedLevelRenders/112x84_Level28_A.png,8a0c619153ddf8e459024072faa7df76
__PROJECT/GeneratedLevelRenders/112x84_Level29_A.asset,Sprite,Assets/RecoveredOriginal/Sprite/__PROJECT/GeneratedLevelRenders/112x84_Level29_A.asset,e37cbe582c34a984ea4f6118447b80e8
__PROJECT/GeneratedLevelRenders/112x84_Level29_A.png,Texture,Assets/RecoveredOriginal/Texture/__PROJECT/GeneratedLevelRenders/112x84_Level29_A.png,4def94319d28b05449e51afcce2e590b
__PROJECT/GeneratedLevelRenders/112x84_Level2_B.asset,Sprite,Assets/RecoveredOriginal/Sprite/__PROJECT/GeneratedLevelRenders/112x84_Level2_B.asset,00c4fba58bc1c3546bc7d4d2dbbf8252
__PROJECT/GeneratedLevelRenders/112x84_Level2_B.png,Texture,Assets/RecoveredOriginal/Texture/__PROJECT/GeneratedLevelRenders/112x84_Level2_B.png,a0c7b8afd5e17a54e8b72302959a48a6
__PROJECT/GeneratedLevelRenders/112x84_Level30_A.asset,Sprite,Assets/RecoveredOriginal/Sprite/__PROJECT/GeneratedLevelRenders/112x84_Level30_A.asset,d9fcf24f6ab30ba449d7090424da34ac
__PROJECT/GeneratedLevelRenders/112x84_Level30_A.png,Texture,Assets/RecoveredOriginal/Texture/__PROJECT/GeneratedLevelRenders/112x84_Level30_A.png,4ab78261c68f91c42b91a8edda0f02d4
__PROJECT/GeneratedLevelRenders/112x84_Level31_ArtDrawing.asset,Sprite,Assets/RecoveredOriginal/Sprite/__PROJECT/GeneratedLevelRenders/112x84_Level31_ArtDrawing.asset,b85cfac0b7c91e540b462222f57fa07c
__PROJECT/GeneratedLevelRenders/112x84_Level31_ArtDrawing.png,Texture,Assets/RecoveredOriginal/Texture/__PROJECT/GeneratedLevelRenders/112x84_Level31_ArtDrawing.png,2d558d14463a6eb4ab4c2ba50b162da9
__PROJECT/GeneratedLevelRenders/112x84_Level31_ArtDrawing111.asset,Sprite,Assets/RecoveredOriginal/Sprite/__PROJECT/GeneratedLevelRenders/112x84_Level31_ArtDrawing111.asset,14373b965c51f1242bada1ac68a415fe
__PROJECT/GeneratedLevelRenders/112x84_Level31_ArtDrawing111.png,Texture,Assets/RecoveredOriginal/Texture/__PROJECT/GeneratedLevelRenders/112x84_Level31_ArtDrawing111.png,16dbad61ac434b042b43a30e4d5ec906
__PROJECT/GeneratedLevelRenders/112x84_Level31_Bird 1.asset,Sprite,Assets/RecoveredOriginal/Sprite/__PROJECT/GeneratedLevelRenders/112x84_Level31_Bird 1.asset,1ac6e9f0a25e53c4798b4c609e7346b1
__PROJECT/GeneratedLevelRenders/112x84_Level31_Bird 1.png,Texture,Assets/RecoveredOriginal/Texture/__PROJECT/GeneratedLevelRenders/112x84_Level31_Bird 1.png,38b3f0a46803aeb4181716c5a29c1103
__PROJECT/GeneratedLevelRenders/112x84_Level31_Bird.asset,Sprite,Assets/RecoveredOriginal/Sprite/__PROJECT/GeneratedLevelRenders/112x84_Level31_Bird.asset,a4a3179c49775d04dba340edd2e86944
__PROJECT/GeneratedLevelRenders/112x84_Level31_Bird.png,Texture,Assets/RecoveredOriginal/Texture/__PROJECT/GeneratedLevelRenders/112x84_Level31_Bird.png,0fa9521fe1a8c0d40b7c8c8873141cc3
__PROJECT/GeneratedLevelRenders/112x84_Level31_Charlie.asset,Sprite,Assets/RecoveredOriginal/Sprite/__PROJECT/GeneratedLevelRenders/112x84_Level31_Charlie.asset,fd5ae0e9d08b72d4a9ed531d2af0edb8
__PROJECT/GeneratedLevelRenders/112x84_Level31_Charlie.png,Texture,Assets/RecoveredOriginal/Texture/__PROJECT/GeneratedLevelRenders/112x84_Level31_Charlie.png,789725c76752a464e9fba9edb7dd72ff
__PROJECT/GeneratedLevelRenders/112x84_Level31_Cubist.asset,Sprite,Assets/RecoveredOriginal/Sprite/__PROJECT/GeneratedLevelRenders/112x84_Level31_Cubist.asset,2686510f52dd85045bbb2198fd745715
__PROJECT/GeneratedLevelRenders/112x84_Level31_Cubist.png,Texture,Assets/RecoveredOriginal/Texture/__PROJECT/GeneratedLevelRenders/112x84_Level31_Cubist.png,5e40d7f16a3668e4492a9b2486b3834c
__PROJECT/GeneratedLevelRenders/112x84_Level31_Cubist2.asset,Sprite,Assets/RecoveredOriginal/Sprite/__PROJECT/GeneratedLevelRenders/112x84_Level31_Cubist2.asset,93c9af5aef020ca4db9be73bda90832d
__PROJECT/GeneratedLevelRenders/112x84_Level31_Cubist2.png,Texture,Assets/RecoveredOriginal/Texture/__PROJECT/GeneratedLevelRenders/112x84_Level31_Cubist2.png,ee7269fa24df19c45aabaa46d1a968d3
__PROJECT/GeneratedLevelRenders/112x84_Level31_D.asset,Sprite,Assets/RecoveredOriginal/Sprite/__PROJECT/GeneratedLevelRenders/112x84_Level31_D.asset,62fcf471224525c459fd66816dea22ca
__PROJECT/GeneratedLevelRenders/112x84_Level31_D.png,Texture,Assets/RecoveredOriginal/Texture/__PROJECT/GeneratedLevelRenders/112x84_Level31_D.png,16b168db6f1f1f844b4c5a8db4026a76
__PROJECT/GeneratedLevelRenders/112x84_Level31_Desert.asset,Sprite,Assets/RecoveredOriginal/Sprite/__PROJECT/GeneratedLevelRenders/112x84_Level31_Desert.asset,c62ca5897ad31fe418bdf7a39b44e914
__PROJECT/GeneratedLevelRenders/112x84_Level31_Desert.png,Texture,Assets/RecoveredOriginal/Texture/__PROJECT/GeneratedLevelRenders/112x84_Level31_Desert.png,dc52b97ab7dae0343bd99e1a94496ea1
__PROJECT/GeneratedLevelRenders/112x84_Level31_Drum.asset,Sprite,Assets/RecoveredOriginal/Sprite/__PROJECT/GeneratedLevelRenders/112x84_Level31_Drum.asset,e894dc60e5aa9354d865da08670fb906
__PROJECT/GeneratedLevelRenders/112x84_Level31_Drum.png,Texture,Assets/RecoveredOriginal/Texture/__PROJECT/GeneratedLevelRenders/112x84_Level31_Drum.png,cfb4e0cd804d3e7448bb4330362a110e
__PROJECT/GeneratedLevelRenders/112x84_Level31_Einstein.asset,Sprite,Assets/RecoveredOriginal/Sprite/__PROJECT/GeneratedLevelRenders/112x84_Level31_Einstein.asset,e24a1ed0acce52f49999fe8b9fa9855b
__PROJECT/GeneratedLevelRenders/112x84_Level31_Einstein.png,Texture,Assets/RecoveredOriginal/Texture/__PROJECT/GeneratedLevelRenders/112x84_Level31_Einstein.png,167599604574ae348994b7c85b03dc03
__PROJECT/GeneratedLevelRenders/112x84_Level31_ElonMusk.asset,Sprite,Assets/RecoveredOriginal/Sprite/__PROJECT/GeneratedLevelRenders/112x84_Level31_ElonMusk.asset,8fb3febbc7e5edc468a9573b7797131d
__PROJECT/GeneratedLevelRenders/112x84_Level31_ElonMusk.png,Texture,Assets/RecoveredOriginal/Texture/__PROJECT/GeneratedLevelRenders/112x84_Level31_ElonMusk.png,7dbaf00b723a8ca47ab76b65e4cdb762
__PROJECT/GeneratedLevelRenders/112x84_Level31_EyeDost.asset,Sprite,Assets/RecoveredOriginal/Sprite/__PROJECT/GeneratedLevelRenders/112x84_Level31_EyeDost.asset,68f95830b8e34a34dbdd2d77fde6ca94
__PROJECT/GeneratedLevelRenders/112x84_Level31_EyeDost.png,Texture,Assets/RecoveredOriginal/Texture/__PROJECT/GeneratedLevelRenders/112x84_Level31_EyeDost.png,73e05f5be3be28f45a5c8745cad81c03
__PROJECT/GeneratedLevelRenders/112x84_Level31_Fish.asset,Sprite,Assets/RecoveredOriginal/Sprite/__PROJECT/GeneratedLevelRenders/112x84_Level31_Fish.asset,c80a5c780518f2b4c83232be8f4cc92a
__PROJECT/GeneratedLevelRenders/112x84_Level31_Fish.png,Texture,Assets/RecoveredOriginal/Texture/__PROJECT/GeneratedLevelRenders/112x84_Level31_Fish.png,e1a6e3f45b1a0074694c55aed87672f8
__PROJECT/GeneratedLevelRenders/112x84_Level31_GirlFlower.asset,Sprite,Assets/RecoveredOriginal/Sprite/__PROJECT/GeneratedLevelRenders/112x84_Level31_GirlFlower.asset,2837fe0fa0286b147a587cb836aa447b
__PROJECT/GeneratedLevelRenders/112x84_Level31_GirlFlower.png,Texture,Assets/RecoveredOriginal/Texture/__PROJECT/GeneratedLevelRenders/112x84_Level31_GirlFlower.png,e4ea828718c483a4692cc6c6129a53ff
__PROJECT/GeneratedLevelRenders/112x84_Level31_GreenGirl.asset,Sprite,Assets/RecoveredOriginal/Sprite/__PROJECT/GeneratedLevelRenders/112x84_Level31_GreenGirl.asset,0a189e2ba28c8344e9986be5d5f19dc0
__PROJECT/GeneratedLevelRenders/112x84_Level31_GreenGirl.png,Texture,Assets/RecoveredOriginal/Texture/__PROJECT/GeneratedLevelRenders/112x84_Level31_GreenGirl.png,d09ff8a3e27c6d441932352508007e41
__PROJECT/GeneratedLevelRenders/112x84_Level31_Heros 1.asset,Sprite,Assets/RecoveredOriginal/Sprite/__PROJECT/GeneratedLevelRenders/112x84_Level31_Heros 1.asset,78077710189f4894aa876dab155bb18f
__PROJECT/GeneratedLevelRenders/112x84_Level31_Heros 1.png,Texture,Assets/RecoveredOriginal/Texture/__PROJECT/GeneratedLevelRenders/112x84_Level31_Heros 1.png,c34f717681c055049af332557a067518
__PROJECT/GeneratedLevelRenders/112x84_Level31_Heros 2.asset,Sprite,Assets/RecoveredOriginal/Sprite/__PROJECT/GeneratedLevelRenders/112x84_Level31_Heros 2.asset,5f9ba5dc1e0e0ef4a86f3e2ea256912a
__PROJECT/GeneratedLevelRenders/112x84_Level31_Heros 2.png,Texture,Assets/RecoveredOriginal/Texture/__PROJECT/GeneratedLevelRenders/112x84_Level31_Heros 2.png,86cba49aeb7deea49b4139fd42dd31e8
__PROJECT/GeneratedLevelRenders/112x84_Level31_Heros 3.asset,Sprite,Assets/RecoveredOriginal/Sprite/__PROJECT/GeneratedLevelRenders/112x84_Level31_Heros 3.asset,350305c2853da6c4b86c99a71d68993a
__PROJECT/GeneratedLevelRenders/112x84_Level31_Heros 3.png,Texture,Assets/RecoveredOriginal/Texture/__PROJECT/GeneratedLevelRenders/112x84_Level31_Heros 3.png,8dfa339c6455c0044bbd316171408a68
__PROJECT/GeneratedLevelRenders/112x84_Level31_Heros.asset,Sprite,Assets/RecoveredOriginal/Sprite/__PROJECT/GeneratedLevelRenders/112x84_Level31_Heros.asset,2e1e5c693cb2f9b4ba62a979a4b50891
__PROJECT/GeneratedLevelRenders/112x84_Level31_Heros.png,Texture,Assets/RecoveredOriginal/Texture/__PROJECT/GeneratedLevelRenders/112x84_Level31_Heros.png,5c401198517cb8e46b24d0e283d4c859
__PROJECT/GeneratedLevelRenders/112x84_Level31_Land.asset,Sprite,Assets/RecoveredOriginal/Sprite/__PROJECT/GeneratedLevelRenders/112x84_Level31_Land.asset,f3636d2d126f3c44b9906cbc5d4e2d94
__PROJECT/GeneratedLevelRenders/112x84_Level31_Land.png,Texture,Assets/RecoveredOriginal/Texture/__PROJECT/GeneratedLevelRenders/112x84_Level31_Land.png,a3714f17c08876c43bf7bf63a5dbebd5
__PROJECT/GeneratedLevelRenders/112x84_Level31_Lotus.asset,Sprite,Assets/RecoveredOriginal/Sprite/__PROJECT/GeneratedLevelRenders/112x84_Level31_Lotus.asset,7e5149526501d424890b5f8a7e2cb679
__PROJECT/GeneratedLevelRenders/112x84_Level31_Lotus.png,Texture,Assets/RecoveredOriginal/Texture/__PROJECT/GeneratedLevelRenders/112x84_Level31_Lotus.png,52a4e5c2003997e4aac176c1eed03f3d
__PROJECT/GeneratedLevelRenders/112x84_Level31_Mandala.asset,Sprite,Assets/RecoveredOriginal/Sprite/__PROJECT/GeneratedLevelRenders/112x84_Level31_Mandala.asset,c7d5f001d79198341a600938e2fd2746
__PROJECT/GeneratedLevelRenders/112x84_Level31_Mandala.png,Texture,Assets/RecoveredOriginal/Texture/__PROJECT/GeneratedLevelRenders/112x84_Level31_Mandala.png,911a5ea07a3182242a2ccfde5b1def63
__PROJECT/GeneratedLevelRenders/112x84_Level31_Mantar.asset,Sprite,Assets/RecoveredOriginal/Sprite/__PROJECT/GeneratedLevelRenders/112x84_Level31_Mantar.asset,9da48e8e690fef44b98da9088540b3f2
__PROJECT/GeneratedLevelRenders/112x84_Level31_Mantar.png,Texture,Assets/RecoveredOriginal/Texture/__PROJECT/GeneratedLevelRenders/112x84_Level31_Mantar.png,b6ea843c3369aa948b902f8a8b69d0c5
__PROJECT/GeneratedLevelRenders/112x84_Level31_Owl.asset,Sprite,Assets/RecoveredOriginal/Sprite/__PROJECT/GeneratedLevelRenders/112x84_Level31_Owl.asset,53fa228f94ec4a043b5fc33b91ec48d0
__PROJECT/GeneratedLevelRenders/112x84_Level31_Owl.png,Texture,Assets/RecoveredOriginal/Texture/__PROJECT/GeneratedLevelRenders/112x84_Level31_Owl.png,14d63e5b8e45d5a419ae64b532574827
__PROJECT/GeneratedLevelRenders/112x84_Level31_Plant 1.asset,Sprite,Assets/RecoveredOriginal/Sprite/__PROJECT/GeneratedLevelRenders/112x84_Level31_Plant 1.asset,4ccf881ee8a52a84e847dfa4548b6a87
__PROJECT/GeneratedLevelRenders/112x84_Level31_Plant 1.png,Texture,Assets/RecoveredOriginal/Texture/__PROJECT/GeneratedLevelRenders/112x84_Level31_Plant 1.png,7e792911dfb95ed4189f1f470f42db62
__PROJECT/GeneratedLevelRenders/112x84_Level31_Plant 2.asset,Sprite,Assets/RecoveredOriginal/Sprite/__PROJECT/GeneratedLevelRenders/112x84_Level31_Plant 2.asset,88f7309106c2fc446a761a6290c62c5c
__PROJECT/GeneratedLevelRenders/112x84_Level31_Plant 2.png,Texture,Assets/RecoveredOriginal/Texture/__PROJECT/GeneratedLevelRenders/112x84_Level31_Plant 2.png,73bc805af7ea7ce46b625195c857f584
__PROJECT/GeneratedLevelRenders/112x84_Level31_Plant.asset,Sprite,Assets/RecoveredOriginal/Sprite/__PROJECT/GeneratedLevelRenders/112x84_Level31_Plant.asset,250604c0c3571ff4cb7de40f5ba5d5c9
__PROJECT/GeneratedLevelRenders/112x84_Level31_Plant.png,Texture,Assets/RecoveredOriginal/Texture/__PROJECT/GeneratedLevelRenders/112x84_Level31_Plant.png,7f62f4c529c65984791024d2478beafc
__PROJECT/GeneratedLevelRenders/112x84_Level31_RedWoman.asset,Sprite,Assets/RecoveredOriginal/Sprite/__PROJECT/GeneratedLevelRenders/112x84_Level31_RedWoman.asset,93764fbb9746be54d8ca396c01b6b162
__PROJECT/GeneratedLevelRenders/112x84_Level31_RedWoman.png,Texture,Assets/RecoveredOriginal/Texture/__PROJECT/GeneratedLevelRenders/112x84_Level31_RedWoman.png,342d05931c0ead445a216c254e2ac22a
__PROJECT/GeneratedLevelRenders/112x84_Level31_Saksafon.asset,Sprite,Assets/RecoveredOriginal/Sprite/__PROJECT/GeneratedLevelRenders/112x84_Level31_Saksafon.asset,8fb8d8297036581458e19edeb1399573
__PROJECT/GeneratedLevelRenders/112x84_Level31_Saksafon.png,Texture,Assets/RecoveredOriginal/Texture/__PROJECT/GeneratedLevelRenders/112x84_Level31_Saksafon.png,5ee3b1f48914ddc46b5a421cb32aa24a
__PROJECT/GeneratedLevelRenders/112x84_Level31_Strawberry.asset,Sprite,Assets/RecoveredOriginal/Sprite/__PROJECT/GeneratedLevelRenders/112x84_Level31_Strawberry.asset,f567f8aba775ab841a967e5240ed0d97
__PROJECT/GeneratedLevelRenders/112x84_Level31_Strawberry.png,Texture,Assets/RecoveredOriginal/Texture/__PROJECT/GeneratedLevelRenders/112x84_Level31_Strawberry.png,bf8448fddb5fa2843bb9418d0a65d664
__PROJECT/GeneratedLevelRenders/112x84_Level31_Sunview.asset,Sprite,Assets/RecoveredOriginal/Sprite/__PROJECT/GeneratedLevelRenders/112x84_Level31_Sunview.asset,60d0fc0121d2c53429afde3a23c52636
__PROJECT/GeneratedLevelRenders/112x84_Level31_Sunview.png,Texture,Assets/RecoveredOriginal/Texture/__PROJECT/GeneratedLevelRenders/112x84_Level31_Sunview.png,5f9e79fe70e04de44a0e9fc47d90d20b
__PROJECT/GeneratedLevelRenders/112x84_Level31_TeaPot.asset,Sprite,Assets/RecoveredOriginal/Sprite/__PROJECT/GeneratedLevelRenders/112x84_Level31_TeaPot.asset,f02fa2a3958055c48a5be171eef8ae1b
__PROJECT/GeneratedLevelRenders/112x84_Level31_TeaPot.png,Texture,Assets/RecoveredOriginal/Texture/__PROJECT/GeneratedLevelRenders/112x84_Level31_TeaPot.png,10e54d78cd6027e40a59d1cf45a94286
__PROJECT/GeneratedLevelRenders/112x84_Level31_Tutorial.asset,Sprite,Assets/RecoveredOriginal/Sprite/__PROJECT/GeneratedLevelRenders/112x84_Level31_Tutorial.asset,362dd5aba6946aa42b99ba19c3e60beb
__PROJECT/GeneratedLevelRenders/112x84_Level31_Tutorial.png,Texture,Assets/RecoveredOriginal/Texture/__PROJECT/GeneratedLevelRenders/112x84_Level31_Tutorial.png,c8857b20d6b50d44d959f359a5e9a5bb
__PROJECT/GeneratedLevelRenders/112x84_Level31_ViewColor.asset,Sprite,Assets/RecoveredOriginal/Sprite/__PROJECT/GeneratedLevelRenders/112x84_Level31_ViewColor.asset,1ce14aae20b7eef4fb2b5ffa71e1874b
__PROJECT/GeneratedLevelRenders/112x84_Level31_ViewColor.png,Texture,Assets/RecoveredOriginal/Texture/__PROJECT/GeneratedLevelRenders/112x84_Level31_ViewColor.png,207e5e59e7356b647a4fb17fb293fdc3
__PROJECT/GeneratedLevelRenders/112x84_Level31_violin.asset,Sprite,Assets/RecoveredOriginal/Sprite/__PROJECT/GeneratedLevelRenders/112x84_Level31_violin.asset,9e298b9206f5f81469a5687e358951c1
__PROJECT/GeneratedLevelRenders/112x84_Level31_violin.png,Texture,Assets/RecoveredOriginal/Texture/__PROJECT/GeneratedLevelRenders/112x84_Level31_violin.png,b82038fb2d009c843900da5625966330
__PROJECT/GeneratedLevelRenders/112x84_Level31_vWomanBlack.asset,Sprite,Assets/RecoveredOriginal/Sprite/__PROJECT/GeneratedLevelRenders/112x84_Level31_vWomanBlack.asset,910b41c73caab0549ac1c90efdc48b8e
__PROJECT/GeneratedLevelRenders/112x84_Level31_vWomanBlack.png,Texture,Assets/RecoveredOriginal/Texture/__PROJECT/GeneratedLevelRenders/112x84_Level31_vWomanBlack.png,8f0900f24b8cc204db2766d8fefdc961
__PROJECT/GeneratedLevelRenders/112x84_Level32_D.asset,Sprite,Assets/RecoveredOriginal/Sprite/__PROJECT/GeneratedLevelRenders/112x84_Level32_D.asset,5a96fe599cd74604395b089d02f43e46
__PROJECT/GeneratedLevelRenders/112x84_Level32_D.png,Texture,Assets/RecoveredOriginal/Texture/__PROJECT/GeneratedLevelRenders/112x84_Level32_D.png,0ea5f43891225cb4a85a2b801f1026f1
__PROJECT/GeneratedLevelRenders/112x84_Level33_D.asset,Sprite,Assets/RecoveredOriginal/Sprite/__PROJECT/GeneratedLevelRenders/112x84_Level33_D.asset,e6ccd32813b9e904eb8bf705156ac400
__PROJECT/GeneratedLevelRenders/112x84_Level33_D.png,Texture,Assets/RecoveredOriginal/Texture/__PROJECT/GeneratedLevelRenders/112x84_Level33_D.png,2ff59cc99cdc5df4883dc62f9c378b83
__PROJECT/GeneratedLevelRenders/112x84_Level34_C.asset,Sprite,Assets/RecoveredOriginal/Sprite/__PROJECT/GeneratedLevelRenders/112x84_Level34_C.asset,876b1ca0b06a40f43b76415fb59a764d
__PROJECT/GeneratedLevelRenders/112x84_Level34_C.png,Texture,Assets/RecoveredOriginal/Texture/__PROJECT/GeneratedLevelRenders/112x84_Level34_C.png,9693bcd2706e181419fb899b81ea642b
__PROJECT/GeneratedLevelRenders/112x84_Level35_C.asset,Sprite,Assets/RecoveredOriginal/Sprite/__PROJECT/GeneratedLevelRenders/112x84_Level35_C.asset,77c68aed35436ec4cbfd8dd762372fa4
__PROJECT/GeneratedLevelRenders/112x84_Level35_C.png,Texture,Assets/RecoveredOriginal/Texture/__PROJECT/GeneratedLevelRenders/112x84_Level35_C.png,fd794729b30987844a04edd871e72537
__PROJECT/GeneratedLevelRenders/112x84_Level36_C.asset,Sprite,Assets/RecoveredOriginal/Sprite/__PROJECT/GeneratedLevelRenders/112x84_Level36_C.asset,cc5cc6e01474e6447a119094d785ba39
__PROJECT/GeneratedLevelRenders/112x84_Level36_C.png,Texture,Assets/RecoveredOriginal/Texture/__PROJECT/GeneratedLevelRenders/112x84_Level36_C.png,379db1f7b03c672438080d6a0c2041a0
__PROJECT/GeneratedLevelRenders/112x84_Level37_C.asset,Sprite,Assets/RecoveredOriginal/Sprite/__PROJECT/GeneratedLevelRenders/112x84_Level37_C.asset,d95a687400991264f8747fb5a4b8cbc8
__PROJECT/GeneratedLevelRenders/112x84_Level37_C.png,Texture,Assets/RecoveredOriginal/Texture/__PROJECT/GeneratedLevelRenders/112x84_Level37_C.png,3812db76f4265914a82edbed0d43d46a
__PROJECT/GeneratedLevelRenders/112x84_Level38_F.asset,Sprite,Assets/RecoveredOriginal/Sprite/__PROJECT/GeneratedLevelRenders/112x84_Level38_F.asset,8e5db4709b639a84897101cba54c64b6
__PROJECT/GeneratedLevelRenders/112x84_Level38_F.png,Texture,Assets/RecoveredOriginal/Texture/__PROJECT/GeneratedLevelRenders/112x84_Level38_F.png,bcac608dd73d8fd48834bc696168359f
__PROJECT/GeneratedLevelRenders/112x84_Level3_B.asset,Sprite,Assets/RecoveredOriginal/Sprite/__PROJECT/GeneratedLevelRenders/112x84_Level3_B.asset,134a387cf10d4494aa3f1d52d3445bf7
__PROJECT/GeneratedLevelRenders/112x84_Level3_B.png,Texture,Assets/RecoveredOriginal/Texture/__PROJECT/GeneratedLevelRenders/112x84_Level3_B.png,d533c199bc4c4b1419872795c68e8e11
__PROJECT/GeneratedLevelRenders/112x84_Level4_B.asset,Sprite,Assets/RecoveredOriginal/Sprite/__PROJECT/GeneratedLevelRenders/112x84_Level4_B.asset,4809a2ea0047385408f7442b156ebddc
__PROJECT/GeneratedLevelRenders/112x84_Level4_B.png,Texture,Assets/RecoveredOriginal/Texture/__PROJECT/GeneratedLevelRenders/112x84_Level4_B.png,e75514188e955a44c86826dddc581d8a
__PROJECT/GeneratedLevelRenders/112x84_Level5_B.asset,Sprite,Assets/RecoveredOriginal/Sprite/__PROJECT/GeneratedLevelRenders/112x84_Level5_B.asset,3c710e2335aa51642a11c9c44b52b0ff
__PROJECT/GeneratedLevelRenders/112x84_Level5_B.png,Texture,Assets/RecoveredOriginal/Texture/__PROJECT/GeneratedLevelRenders/112x84_Level5_B.png,24a7c81209c08be42b551cfd596c708d
__PROJECT/GeneratedLevelRenders/112x84_Level6_B.asset,Sprite,Assets/RecoveredOriginal/Sprite/__PROJECT/GeneratedLevelRenders/112x84_Level6_B.asset,428830db100feb14fbaf1b4e494fd0c4
__PROJECT/GeneratedLevelRenders/112x84_Level6_B.png,Texture,Assets/RecoveredOriginal/Texture/__PROJECT/GeneratedLevelRenders/112x84_Level6_B.png,31fa8cc0fd8da0640a6a665f25e0e19f
__PROJECT/GeneratedLevelRenders/112x84_Level7_B.asset,Sprite,Assets/RecoveredOriginal/Sprite/__PROJECT/GeneratedLevelRenders/112x84_Level7_B.asset,b06771f42fef28d43991cb75d89b2fbd
__PROJECT/GeneratedLevelRenders/112x84_Level7_B.png,Texture,Assets/RecoveredOriginal/Texture/__PROJECT/GeneratedLevelRenders/112x84_Level7_B.png,92f9a25e525f4c34d86558bd7a2d57a0
__PROJECT/GeneratedLevelRenders/112x84_Level8_B.asset,Sprite,Assets/RecoveredOriginal/Sprite/__PROJECT/GeneratedLevelRenders/112x84_Level8_B.asset,630a80a9a636995469534945af5c71f2
__PROJECT/GeneratedLevelRenders/112x84_Level8_B.png,Texture,Assets/RecoveredOriginal/Texture/__PROJECT/GeneratedLevelRenders/112x84_Level8_B.png,270ffa036b9c5294a97f0fb70eb43c86
__PROJECT/GeneratedLevelRenders/112x84_Level9_B.asset,Sprite,Assets/RecoveredOriginal/Sprite/__PROJECT/GeneratedLevelRenders/112x84_Level9_B.asset,a4f29638d956cba479f36bbfa3b76e3c
__PROJECT/GeneratedLevelRenders/112x84_Level9_B.png,Texture,Assets/RecoveredOriginal/Texture/__PROJECT/GeneratedLevelRenders/112x84_Level9_B.png,f8f9a24f95a1b154b9b58ce484a580de
__PROJECT/GeneratedLevelRenders/112x84_ModernPosters_1.asset,Sprite,Assets/RecoveredOriginal/Sprite/__PROJECT/GeneratedLevelRenders/112x84_ModernPosters_1.asset,65c2bb650c3b11644ad90e420984a7dd
__PROJECT/GeneratedLevelRenders/112x84_ModernPosters_1.png,Texture,Assets/RecoveredOriginal/Texture/__PROJECT/GeneratedLevelRenders/112x84_ModernPosters_1.png,f225e9b3174ddcc44ba0b6629387af21
__PROJECT/GeneratedLevelRenders/112x84_ModernPosters_10.asset,Sprite,Assets/RecoveredOriginal/Sprite/__PROJECT/GeneratedLevelRenders/112x84_ModernPosters_10.asset,c43616f4935532941ab7a6753ac72195
__PROJECT/GeneratedLevelRenders/112x84_ModernPosters_10.png,Texture,Assets/RecoveredOriginal/Texture/__PROJECT/GeneratedLevelRenders/112x84_ModernPosters_10.png,39696e79e78bcb041b46f0ed22a3d72c
__PROJECT/GeneratedLevelRenders/112x84_ModernPosters_11.asset,Sprite,Assets/RecoveredOriginal/Sprite/__PROJECT/GeneratedLevelRenders/112x84_ModernPosters_11.asset,7b70195032e8af24f9fc0d176de5ea6b
__PROJECT/GeneratedLevelRenders/112x84_ModernPosters_11.png,Texture,Assets/RecoveredOriginal/Texture/__PROJECT/GeneratedLevelRenders/112x84_ModernPosters_11.png,f6687739560e62140b76e49455e66825
__PROJECT/GeneratedLevelRenders/112x84_ModernPosters_12.asset,Sprite,Assets/RecoveredOriginal/Sprite/__PROJECT/GeneratedLevelRenders/112x84_ModernPosters_12.asset,4212f200573fac740b91c163045d5d40
__PROJECT/GeneratedLevelRenders/112x84_ModernPosters_12.png,Texture,Assets/RecoveredOriginal/Texture/__PROJECT/GeneratedLevelRenders/112x84_ModernPosters_12.png,3d81b94299688ed489b9fe4bf24134ee
__PROJECT/GeneratedLevelRenders/112x84_ModernPosters_13.asset,Sprite,Assets/RecoveredOriginal/Sprite/__PROJECT/GeneratedLevelRenders/112x84_ModernPosters_13.asset,50df62ff296104449bc95cf3385651bc
__PROJECT/GeneratedLevelRenders/112x84_ModernPosters_13.png,Texture,Assets/RecoveredOriginal/Texture/__PROJECT/GeneratedLevelRenders/112x84_ModernPosters_13.png,fc727e661ef302a4ca67fdedaaaa8ece
__PROJECT/GeneratedLevelRenders/112x84_ModernPosters_14.asset,Sprite,Assets/RecoveredOriginal/Sprite/__PROJECT/GeneratedLevelRenders/112x84_ModernPosters_14.asset,c04336f473493064aa3a3e77d5c9344f
__PROJECT/GeneratedLevelRenders/112x84_ModernPosters_14.png,Texture,Assets/RecoveredOriginal/Texture/__PROJECT/GeneratedLevelRenders/112x84_ModernPosters_14.png,b4a87bc875663a84f912f343a7a285b6
__PROJECT/GeneratedLevelRenders/112x84_ModernPosters_15.asset,Sprite,Assets/RecoveredOriginal/Sprite/__PROJECT/GeneratedLevelRenders/112x84_ModernPosters_15.asset,f823a171705440743a61784c83c02b05
__PROJECT/GeneratedLevelRenders/112x84_ModernPosters_15.png,Texture,Assets/RecoveredOriginal/Texture/__PROJECT/GeneratedLevelRenders/112x84_ModernPosters_15.png,b6e7f70d6b87b79488da83c6b7d5929a
__PROJECT/GeneratedLevelRenders/112x84_ModernPosters_2.asset,Sprite,Assets/RecoveredOriginal/Sprite/__PROJECT/GeneratedLevelRenders/112x84_ModernPosters_2.asset,7d18787c879b95e449772f3d3932bb4e
__PROJECT/GeneratedLevelRenders/112x84_ModernPosters_2.png,Texture,Assets/RecoveredOriginal/Texture/__PROJECT/GeneratedLevelRenders/112x84_ModernPosters_2.png,67ea1b8726661774b820b54c37834dc8
__PROJECT/GeneratedLevelRenders/112x84_ModernPosters_3.asset,Sprite,Assets/RecoveredOriginal/Sprite/__PROJECT/GeneratedLevelRenders/112x84_ModernPosters_3.asset,50152a4bcd052e94a90197e1538be659
__PROJECT/GeneratedLevelRenders/112x84_ModernPosters_3.png,Texture,Assets/RecoveredOriginal/Texture/__PROJECT/GeneratedLevelRenders/112x84_ModernPosters_3.png,96a5bf18482f5294683988807e93f182
__PROJECT/GeneratedLevelRenders/112x84_ModernPosters_4.asset,Sprite,Assets/RecoveredOriginal/Sprite/__PROJECT/GeneratedLevelRenders/112x84_ModernPosters_4.asset,8ca54354446acf745a2173466cd55211
__PROJECT/GeneratedLevelRenders/112x84_ModernPosters_4.png,Texture,Assets/RecoveredOriginal/Texture/__PROJECT/GeneratedLevelRenders/112x84_ModernPosters_4.png,90c23a8cec0ccf24885e8525b8ff0c7f
__PROJECT/GeneratedLevelRenders/112x84_ModernPosters_5.asset,Sprite,Assets/RecoveredOriginal/Sprite/__PROJECT/GeneratedLevelRenders/112x84_ModernPosters_5.asset,5f0ab4b07f4eb234a88145b04e795f74
__PROJECT/GeneratedLevelRenders/112x84_ModernPosters_5.png,Texture,Assets/RecoveredOriginal/Texture/__PROJECT/GeneratedLevelRenders/112x84_ModernPosters_5.png,aa1320dcee1695e48900d1ed134c184e
__PROJECT/GeneratedLevelRenders/112x84_ModernPosters_6.asset,Sprite,Assets/RecoveredOriginal/Sprite/__PROJECT/GeneratedLevelRenders/112x84_ModernPosters_6.asset,4de0f1ca277961d4ca15b5d005386103
__PROJECT/GeneratedLevelRenders/112x84_ModernPosters_6.png,Texture,Assets/RecoveredOriginal/Texture/__PROJECT/GeneratedLevelRenders/112x84_ModernPosters_6.png,d35e9b332a2be894fa1463906153cce5
__PROJECT/GeneratedLevelRenders/112x84_ModernPosters_7.asset,Sprite,Assets/RecoveredOriginal/Sprite/__PROJECT/GeneratedLevelRenders/112x84_ModernPosters_7.asset,45a0a181b68ab0d408956f2a14c90c28
__PROJECT/GeneratedLevelRenders/112x84_ModernPosters_7.png,Texture,Assets/RecoveredOriginal/Texture/__PROJECT/GeneratedLevelRenders/112x84_ModernPosters_7.png,c24bb77425edabb44914a68d3aebd712
__PROJECT/GeneratedLevelRenders/112x84_ModernPosters_8.asset,Sprite,Assets/RecoveredOriginal/Sprite/__PROJECT/GeneratedLevelRenders/112x84_ModernPosters_8.asset,1f340a0d1a92e104485cee5d36e20850
__PROJECT/GeneratedLevelRenders/112x84_ModernPosters_8.png,Texture,Assets/RecoveredOriginal/Texture/__PROJECT/GeneratedLevelRenders/112x84_ModernPosters_8.png,e7b26a7b677bacf48a529eb7a0d8000d
__PROJECT/GeneratedLevelRenders/112x84_ModernPosters_9.asset,Sprite,Assets/RecoveredOriginal/Sprite/__PROJECT/GeneratedLevelRenders/112x84_ModernPosters_9.asset,7bfdf7030fae6404da669ff1c1e14d08
__PROJECT/GeneratedLevelRenders/112x84_ModernPosters_9.png,Texture,Assets/RecoveredOriginal/Texture/__PROJECT/GeneratedLevelRenders/112x84_ModernPosters_9.png,8cdad2e6bb2fec04eb493b00086ea3b3
__PROJECT/GeneratedLevelRenders/112x84_musicians_1.asset,Sprite,Assets/RecoveredOriginal/Sprite/__PROJECT/GeneratedLevelRenders/112x84_musicians_1.asset,22e32e60c544ce64e931aecd45973aa6
__PROJECT/GeneratedLevelRenders/112x84_musicians_1.png,Texture,Assets/RecoveredOriginal/Texture/__PROJECT/GeneratedLevelRenders/112x84_musicians_1.png,99aa2a57534f97144b64abf7f8440f95
__PROJECT/GeneratedLevelRenders/112x84_musicians_10.asset,Sprite,Assets/RecoveredOriginal/Sprite/__PROJECT/GeneratedLevelRenders/112x84_musicians_10.asset,7b6022e285135ed428aca0334d9fd579
__PROJECT/GeneratedLevelRenders/112x84_musicians_10.png,Texture,Assets/RecoveredOriginal/Texture/__PROJECT/GeneratedLevelRenders/112x84_musicians_10.png,24fda35fe68927041901f2464e452506
__PROJECT/GeneratedLevelRenders/112x84_musicians_11.asset,Sprite,Assets/RecoveredOriginal/Sprite/__PROJECT/GeneratedLevelRenders/112x84_musicians_11.asset,73b21fdfb18b71f4db73b39bc97491a3
__PROJECT/GeneratedLevelRenders/112x84_musicians_11.png,Texture,Assets/RecoveredOriginal/Texture/__PROJECT/GeneratedLevelRenders/112x84_musicians_11.png,8ac114072d94a0947987762b5201b503
__PROJECT/GeneratedLevelRenders/112x84_musicians_12.asset,Sprite,Assets/RecoveredOriginal/Sprite/__PROJECT/GeneratedLevelRenders/112x84_musicians_12.asset,fb49bef27ca5364458caee1e394a3b84
__PROJECT/GeneratedLevelRenders/112x84_musicians_12.png,Texture,Assets/RecoveredOriginal/Texture/__PROJECT/GeneratedLevelRenders/112x84_musicians_12.png,579aa0629ae0ca94ebad7b11911806b4
__PROJECT/GeneratedLevelRenders/112x84_musicians_13.asset,Sprite,Assets/RecoveredOriginal/Sprite/__PROJECT/GeneratedLevelRenders/112x84_musicians_13.asset,d958d956627c91c47b5683f4fab1c558
__PROJECT/GeneratedLevelRenders/112x84_musicians_13.png,Texture,Assets/RecoveredOriginal/Texture/__PROJECT/GeneratedLevelRenders/112x84_musicians_13.png,344c25a92b2c3054cac0aa88510edd96
__PROJECT/GeneratedLevelRenders/112x84_musicians_14.asset,Sprite,Assets/RecoveredOriginal/Sprite/__PROJECT/GeneratedLevelRenders/112x84_musicians_14.asset,488eec08dccbaa4499f6ccfbe497d4d1
__PROJECT/GeneratedLevelRenders/112x84_musicians_14.png,Texture,Assets/RecoveredOriginal/Texture/__PROJECT/GeneratedLevelRenders/112x84_musicians_14.png,99260157fcf0228499f1a38922279281
__PROJECT/GeneratedLevelRenders/112x84_musicians_15.asset,Sprite,Assets/RecoveredOriginal/Sprite/__PROJECT/GeneratedLevelRenders/112x84_musicians_15.asset,29aea516a7f6a42419c760c8b56ef732
__PROJECT/GeneratedLevelRenders/112x84_musicians_15.png,Texture,Assets/RecoveredOriginal/Texture/__PROJECT/GeneratedLevelRenders/112x84_musicians_15.png,3e155575878b5aa4997b88a04609d634
__PROJECT/GeneratedLevelRenders/112x84_musicians_2.asset,Sprite,Assets/RecoveredOriginal/Sprite/__PROJECT/GeneratedLevelRenders/112x84_musicians_2.asset,8e560d2cd81eeaa40a03b2f6dc876508
__PROJECT/GeneratedLevelRenders/112x84_musicians_2.png,Texture,Assets/RecoveredOriginal/Texture/__PROJECT/GeneratedLevelRenders/112x84_musicians_2.png,3b49db0e0113c474499c0904e6bbec10
__PROJECT/GeneratedLevelRenders/112x84_musicians_3.asset,Sprite,Assets/RecoveredOriginal/Sprite/__PROJECT/GeneratedLevelRenders/112x84_musicians_3.asset,b31bdb073db263542aff6f00d0efe54c
__PROJECT/GeneratedLevelRenders/112x84_musicians_3.png,Texture,Assets/RecoveredOriginal/Texture/__PROJECT/GeneratedLevelRenders/112x84_musicians_3.png,d813b6e3ff9501044827df7b42c67db9
__PROJECT/GeneratedLevelRenders/112x84_musicians_4.asset,Sprite,Assets/RecoveredOriginal/Sprite/__PROJECT/GeneratedLevelRenders/112x84_musicians_4.asset,5ff6a56d6973c4a419dfe8ea4b88c366
__PROJECT/GeneratedLevelRenders/112x84_musicians_4.png,Texture,Assets/RecoveredOriginal/Texture/__PROJECT/GeneratedLevelRenders/112x84_musicians_4.png,2e0ce7754c3cc13488792f74998a9a46
__PROJECT/GeneratedLevelRenders/112x84_musicians_5.asset,Sprite,Assets/RecoveredOriginal/Sprite/__PROJECT/GeneratedLevelRenders/112x84_musicians_5.asset,4392fc55b6b123649916c6d698de037b
__PROJECT/GeneratedLevelRenders/112x84_musicians_5.png,Texture,Assets/RecoveredOriginal/Texture/__PROJECT/GeneratedLevelRenders/112x84_musicians_5.png,5e6c9bbd7af21bf4889d681211d4d7ff
__PROJECT/GeneratedLevelRenders/112x84_musicians_6.asset,Sprite,Assets/RecoveredOriginal/Sprite/__PROJECT/GeneratedLevelRenders/112x84_musicians_6.asset,5f4ee85c65642cf44bbaef8fda22888c
__PROJECT/GeneratedLevelRenders/112x84_musicians_6.png,Texture,Assets/RecoveredOriginal/Texture/__PROJECT/GeneratedLevelRenders/112x84_musicians_6.png,b4d696aa9af9d2646a909dc8502765cc
__PROJECT/GeneratedLevelRenders/112x84_musicians_7.asset,Sprite,Assets/RecoveredOriginal/Sprite/__PROJECT/GeneratedLevelRenders/112x84_musicians_7.asset,7b30f84fd02dbd541abb2f3ff370b17c
__PROJECT/GeneratedLevelRenders/112x84_musicians_7.png,Texture,Assets/RecoveredOriginal/Texture/__PROJECT/GeneratedLevelRenders/112x84_musicians_7.png,d41aa7e937b49c1458ba1816ccf0e5af
__PROJECT/GeneratedLevelRenders/112x84_musicians_8.asset,Sprite,Assets/RecoveredOriginal/Sprite/__PROJECT/GeneratedLevelRenders/112x84_musicians_8.asset,e65b85f38686a2545a923c2b87670d51
__PROJECT/GeneratedLevelRenders/112x84_musicians_8.png,Texture,Assets/RecoveredOriginal/Texture/__PROJECT/GeneratedLevelRenders/112x84_musicians_8.png,d34695d3486938244a9f5b15364eaa11
__PROJECT/GeneratedLevelRenders/112x84_musicians_9.asset,Sprite,Assets/RecoveredOriginal/Sprite/__PROJECT/GeneratedLevelRenders/112x84_musicians_9.asset,85cca4eb6c4a6f845bfaea55bcec72df
__PROJECT/GeneratedLevelRenders/112x84_musicians_9.png,Texture,Assets/RecoveredOriginal/Texture/__PROJECT/GeneratedLevelRenders/112x84_musicians_9.png,48cb5b3c3ec3b0649aede8cb51a3dabc
__PROJECT/GeneratedLevelRenders/112x84_NewLevel_Princess_1.asset,Sprite,Assets/RecoveredOriginal/Sprite/__PROJECT/GeneratedLevelRenders/112x84_NewLevel_Princess_1.asset,9c5c8cf2c020a904db7c39be1d6c7afb
__PROJECT/GeneratedLevelRenders/112x84_NewLevel_Princess_1.png,Texture,Assets/RecoveredOriginal/Texture/__PROJECT/GeneratedLevelRenders/112x84_NewLevel_Princess_1.png,644c77a20b942bc499af80cf57d33927
__PROJECT/GeneratedLevelRenders/112x84_NewLevel_Princess_10.asset,Sprite,Assets/RecoveredOriginal/Sprite/__PROJECT/GeneratedLevelRenders/112x84_NewLevel_Princess_10.asset,edac1a0480653654d8591cfff5807875
__PROJECT/GeneratedLevelRenders/112x84_NewLevel_Princess_10.png,Texture,Assets/RecoveredOriginal/Texture/__PROJECT/GeneratedLevelRenders/112x84_NewLevel_Princess_10.png,ea4e76dbc0255174fb17f94eeb8428a1
__PROJECT/GeneratedLevelRenders/112x84_NewLevel_Princess_11.asset,Sprite,Assets/RecoveredOriginal/Sprite/__PROJECT/GeneratedLevelRenders/112x84_NewLevel_Princess_11.asset,34bbf24bf63dc8241a7c96d710b0ba09
__PROJECT/GeneratedLevelRenders/112x84_NewLevel_Princess_11.png,Texture,Assets/RecoveredOriginal/Texture/__PROJECT/GeneratedLevelRenders/112x84_NewLevel_Princess_11.png,5326d27fcaf03d3419852ed154beefa6
__PROJECT/GeneratedLevelRenders/112x84_NewLevel_Princess_12.asset,Sprite,Assets/RecoveredOriginal/Sprite/__PROJECT/GeneratedLevelRenders/112x84_NewLevel_Princess_12.asset,a2999c17034a6c54da036930d31b817a
__PROJECT/GeneratedLevelRenders/112x84_NewLevel_Princess_12.png,Texture,Assets/RecoveredOriginal/Texture/__PROJECT/GeneratedLevelRenders/112x84_NewLevel_Princess_12.png,58ec5851c48e8684a9aa244dbff76114
__PROJECT/GeneratedLevelRenders/112x84_NewLevel_Princess_13.asset,Sprite,Assets/RecoveredOriginal/Sprite/__PROJECT/GeneratedLevelRenders/112x84_NewLevel_Princess_13.asset,55b2124d9e926854dbbe68694f089d88
__PROJECT/GeneratedLevelRenders/112x84_NewLevel_Princess_13.png,Texture,Assets/RecoveredOriginal/Texture/__PROJECT/GeneratedLevelRenders/112x84_NewLevel_Princess_13.png,f45ba7698c0d7714f829b41f4e205263
__PROJECT/GeneratedLevelRenders/112x84_NewLevel_Princess_14.asset,Sprite,Assets/RecoveredOriginal/Sprite/__PROJECT/GeneratedLevelRenders/112x84_NewLevel_Princess_14.asset,4bfdb4eb7d86a2e43907242eba537f27
__PROJECT/GeneratedLevelRenders/112x84_NewLevel_Princess_14.png,Texture,Assets/RecoveredOriginal/Texture/__PROJECT/GeneratedLevelRenders/112x84_NewLevel_Princess_14.png,d08213aec7e37d74d860cc6ae0a97ea1
__PROJECT/GeneratedLevelRenders/112x84_NewLevel_Princess_15.asset,Sprite,Assets/RecoveredOriginal/Sprite/__PROJECT/GeneratedLevelRenders/112x84_NewLevel_Princess_15.asset,10e6bd2a9b3015e449c462ea10f3d119
__PROJECT/GeneratedLevelRenders/112x84_NewLevel_Princess_15.png,Texture,Assets/RecoveredOriginal/Texture/__PROJECT/GeneratedLevelRenders/112x84_NewLevel_Princess_15.png,34a1efbb9cdaf1543a7a577c4533f3c9
__PROJECT/GeneratedLevelRenders/112x84_NewLevel_Princess_2.asset,Sprite,Assets/RecoveredOriginal/Sprite/__PROJECT/GeneratedLevelRenders/112x84_NewLevel_Princess_2.asset,81568be7fb3f76746b01045ac082552d
__PROJECT/GeneratedLevelRenders/112x84_NewLevel_Princess_2.png,Texture,Assets/RecoveredOriginal/Texture/__PROJECT/GeneratedLevelRenders/112x84_NewLevel_Princess_2.png,2661e9472b6e55c48b2b89ac01c3c14d
__PROJECT/GeneratedLevelRenders/112x84_NewLevel_Princess_3.asset,Sprite,Assets/RecoveredOriginal/Sprite/__PROJECT/GeneratedLevelRenders/112x84_NewLevel_Princess_3.asset,2da7f8bd95a61c7458315387c4479a21
__PROJECT/GeneratedLevelRenders/112x84_NewLevel_Princess_3.png,Texture,Assets/RecoveredOriginal/Texture/__PROJECT/GeneratedLevelRenders/112x84_NewLevel_Princess_3.png,60be0e0caff3fc44fab5cf8d1afab56c
__PROJECT/GeneratedLevelRenders/112x84_NewLevel_Princess_4.asset,Sprite,Assets/RecoveredOriginal/Sprite/__PROJECT/GeneratedLevelRenders/112x84_NewLevel_Princess_4.asset,c6a535e624f495e42b480a7593ecc1ea
__PROJECT/GeneratedLevelRenders/112x84_NewLevel_Princess_4.png,Texture,Assets/RecoveredOriginal/Texture/__PROJECT/GeneratedLevelRenders/112x84_NewLevel_Princess_4.png,5d3bafe1ef59dd94fa426d546fc3b199
__PROJECT/GeneratedLevelRenders/112x84_NewLevel_Princess_5.asset,Sprite,Assets/RecoveredOriginal/Sprite/__PROJECT/GeneratedLevelRenders/112x84_NewLevel_Princess_5.asset,67ba99b35ed1b784cbf46815b602d931
__PROJECT/GeneratedLevelRenders/112x84_NewLevel_Princess_5.png,Texture,Assets/RecoveredOriginal/Texture/__PROJECT/GeneratedLevelRenders/112x84_NewLevel_Princess_5.png,f0077c646758a0d46943f22edac542f1
__PROJECT/GeneratedLevelRenders/112x84_NewLevel_Princess_6.asset,Sprite,Assets/RecoveredOriginal/Sprite/__PROJECT/GeneratedLevelRenders/112x84_NewLevel_Princess_6.asset,ada9656c7d10b564485790d1fbb25292
__PROJECT/GeneratedLevelRenders/112x84_NewLevel_Princess_6.png,Texture,Assets/RecoveredOriginal/Texture/__PROJECT/GeneratedLevelRenders/112x84_NewLevel_Princess_6.png,9ec4a856c02c52649a5d9c5bb81452d1
__PROJECT/GeneratedLevelRenders/112x84_NewLevel_Princess_7.asset,Sprite,Assets/RecoveredOriginal/Sprite/__PROJECT/GeneratedLevelRenders/112x84_NewLevel_Princess_7.asset,698d1c6b72383e1489cb2e3135b62c65
__PROJECT/GeneratedLevelRenders/112x84_NewLevel_Princess_7.png,Texture,Assets/RecoveredOriginal/Texture/__PROJECT/GeneratedLevelRenders/112x84_NewLevel_Princess_7.png,f0fde7000cffa8c4f89dd1c286c51cfa
__PROJECT/GeneratedLevelRenders/112x84_NewLevel_Princess_8.asset,Sprite,Assets/RecoveredOriginal/Sprite/__PROJECT/GeneratedLevelRenders/112x84_NewLevel_Princess_8.asset,cf6eb9b29fc3d5e44b401e87eb07f6b6
__PROJECT/GeneratedLevelRenders/112x84_NewLevel_Princess_8.png,Texture,Assets/RecoveredOriginal/Texture/__PROJECT/GeneratedLevelRenders/112x84_NewLevel_Princess_8.png,04c7d2b05b785ca468e11d7967d2392b
__PROJECT/GeneratedLevelRenders/112x84_NewLevel_Princess_9.asset,Sprite,Assets/RecoveredOriginal/Sprite/__PROJECT/GeneratedLevelRenders/112x84_NewLevel_Princess_9.asset,a76bb09619bff9f4c9e9fbb8541256b1
__PROJECT/GeneratedLevelRenders/112x84_NewLevel_Princess_9.png,Texture,Assets/RecoveredOriginal/Texture/__PROJECT/GeneratedLevelRenders/112x84_NewLevel_Princess_9.png,6cd5a25736b8d8047a2ed58683e1b43b
__PROJECT/GeneratedLevelRenders/112x84_NewLevel_SummerVibe_10.asset,Sprite,Assets/RecoveredOriginal/Sprite/__PROJECT/GeneratedLevelRenders/112x84_NewLevel_SummerVibe_10.asset,3cf2a6f8e03cbf64cbf0c44317c9d5fe
__PROJECT/GeneratedLevelRenders/112x84_NewLevel_SummerVibe_10.png,Texture,Assets/RecoveredOriginal/Texture/__PROJECT/GeneratedLevelRenders/112x84_NewLevel_SummerVibe_10.png,97018e4c39801be499930c66638152ef
__PROJECT/GeneratedLevelRenders/112x84_NewLevel_SummerVibe_11.asset,Sprite,Assets/RecoveredOriginal/Sprite/__PROJECT/GeneratedLevelRenders/112x84_NewLevel_SummerVibe_11.asset,8e00924adc463cd49aa4fab3d1378ab2
__PROJECT/GeneratedLevelRenders/112x84_NewLevel_SummerVibe_11.png,Texture,Assets/RecoveredOriginal/Texture/__PROJECT/GeneratedLevelRenders/112x84_NewLevel_SummerVibe_11.png,e8f5e94a4cea6184e8c3917bc877e687
__PROJECT/GeneratedLevelRenders/112x84_NewLevel_SummerVibe_12.asset,Sprite,Assets/RecoveredOriginal/Sprite/__PROJECT/GeneratedLevelRenders/112x84_NewLevel_SummerVibe_12.asset,a5cb8340db006a14399f9f043c1a446b
__PROJECT/GeneratedLevelRenders/112x84_NewLevel_SummerVibe_12.png,Texture,Assets/RecoveredOriginal/Texture/__PROJECT/GeneratedLevelRenders/112x84_NewLevel_SummerVibe_12.png,e10af8d7872d0064c99957600b7a1682
__PROJECT/GeneratedLevelRenders/112x84_NewLevel_SummerVibe_13.asset,Sprite,Assets/RecoveredOriginal/Sprite/__PROJECT/GeneratedLevelRenders/112x84_NewLevel_SummerVibe_13.asset,1341d23345f0d0c4fbc9901b7931bbfc
__PROJECT/GeneratedLevelRenders/112x84_NewLevel_SummerVibe_13.png,Texture,Assets/RecoveredOriginal/Texture/__PROJECT/GeneratedLevelRenders/112x84_NewLevel_SummerVibe_13.png,a19d5a0bc0250014c904a9978691f7af
__PROJECT/GeneratedLevelRenders/112x84_NewLevel_SummerVibe_14.asset,Sprite,Assets/RecoveredOriginal/Sprite/__PROJECT/GeneratedLevelRenders/112x84_NewLevel_SummerVibe_14.asset,a600398013034a34bb6c4cc3a71517d9
__PROJECT/GeneratedLevelRenders/112x84_NewLevel_SummerVibe_14.png,Texture,Assets/RecoveredOriginal/Texture/__PROJECT/GeneratedLevelRenders/112x84_NewLevel_SummerVibe_14.png,8feb6badfb9677b4ea90850cda09e95b
__PROJECT/GeneratedLevelRenders/112x84_NewLevel_SummerVibe_3.asset,Sprite,Assets/RecoveredOriginal/Sprite/__PROJECT/GeneratedLevelRenders/112x84_NewLevel_SummerVibe_3.asset,31dc9438eb95f624eaf098360613619a
__PROJECT/GeneratedLevelRenders/112x84_NewLevel_SummerVibe_3.png,Texture,Assets/RecoveredOriginal/Texture/__PROJECT/GeneratedLevelRenders/112x84_NewLevel_SummerVibe_3.png,4423f5a40ebe9904ead7c8ac9267d71b
__PROJECT/GeneratedLevelRenders/112x84_NewLevel_SummerVibe_4.asset,Sprite,Assets/RecoveredOriginal/Sprite/__PROJECT/GeneratedLevelRenders/112x84_NewLevel_SummerVibe_4.asset,838d1c9d8ba528549a15141e2db4983b
__PROJECT/GeneratedLevelRenders/112x84_NewLevel_SummerVibe_4.png,Texture,Assets/RecoveredOriginal/Texture/__PROJECT/GeneratedLevelRenders/112x84_NewLevel_SummerVibe_4.png,e4ec78a238e49354c88c72c59d8cbfee
__PROJECT/GeneratedLevelRenders/112x84_NewLevel_SummerVibe_5.asset,Sprite,Assets/RecoveredOriginal/Sprite/__PROJECT/GeneratedLevelRenders/112x84_NewLevel_SummerVibe_5.asset,9c90d88299b73984ea08f9e1f28f5284
__PROJECT/GeneratedLevelRenders/112x84_NewLevel_SummerVibe_5.png,Texture,Assets/RecoveredOriginal/Texture/__PROJECT/GeneratedLevelRenders/112x84_NewLevel_SummerVibe_5.png,f5e2b0920985450488add9b19f018283
__PROJECT/GeneratedLevelRenders/112x84_NewLevel_SummerVibe_6.asset,Sprite,Assets/RecoveredOriginal/Sprite/__PROJECT/GeneratedLevelRenders/112x84_NewLevel_SummerVibe_6.asset,5aa0f4606f5b4f843884c8f858dd9ce9
__PROJECT/GeneratedLevelRenders/112x84_NewLevel_SummerVibe_6.png,Texture,Assets/RecoveredOriginal/Texture/__PROJECT/GeneratedLevelRenders/112x84_NewLevel_SummerVibe_6.png,d96f8b35875a71c46b080cd09c502170
__PROJECT/GeneratedLevelRenders/112x84_NewLevel_SummerVibe_7.asset,Sprite,Assets/RecoveredOriginal/Sprite/__PROJECT/GeneratedLevelRenders/112x84_NewLevel_SummerVibe_7.asset,44204eca99e3f254b80d451d4dc5c397
__PROJECT/GeneratedLevelRenders/112x84_NewLevel_SummerVibe_7.png,Texture,Assets/RecoveredOriginal/Texture/__PROJECT/GeneratedLevelRenders/112x84_NewLevel_SummerVibe_7.png,2a6341c73debc6d448c4802da86df87f
__PROJECT/GeneratedLevelRenders/112x84_NewLevel_SummerVibe_8.asset,Sprite,Assets/RecoveredOriginal/Sprite/__PROJECT/GeneratedLevelRenders/112x84_NewLevel_SummerVibe_8.asset,dcd655bc6ba9e6348af74c39cc44aa3c
__PROJECT/GeneratedLevelRenders/112x84_NewLevel_SummerVibe_8.png,Texture,Assets/RecoveredOriginal/Texture/__PROJECT/GeneratedLevelRenders/112x84_NewLevel_SummerVibe_8.png,5c7deaac51e771e429436ca58fd900be
__PROJECT/GeneratedLevelRenders/112x84_NewLevel_SummerVibe_9.asset,Sprite,Assets/RecoveredOriginal/Sprite/__PROJECT/GeneratedLevelRenders/112x84_NewLevel_SummerVibe_9.asset,6cd23d715a12dd240a451f0708ed189e
__PROJECT/GeneratedLevelRenders/112x84_NewLevel_SummerVibe_9.png,Texture,Assets/RecoveredOriginal/Texture/__PROJECT/GeneratedLevelRenders/112x84_NewLevel_SummerVibe_9.png,3acea3ab83857274ebe8e33d1b8b8bab
__PROJECT/GeneratedLevelRenders/112x84_New_Level1.asset,Sprite,Assets/RecoveredOriginal/Sprite/__PROJECT/GeneratedLevelRenders/112x84_New_Level1.asset,2f19ee23bd943094a8ef6364a1248e92
__PROJECT/GeneratedLevelRenders/112x84_New_Level1.png,Texture,Assets/RecoveredOriginal/Texture/__PROJECT/GeneratedLevelRenders/112x84_New_Level1.png,f74c180bb3853464d9428a9a2245fbfe
__PROJECT/GeneratedLevelRenders/112x84_New_Level10-wildlife.asset,Sprite,Assets/RecoveredOriginal/Sprite/__PROJECT/GeneratedLevelRenders/112x84_New_Level10-wildlife.asset,a946ea7048273c740b1a3e967f7242cc
__PROJECT/GeneratedLevelRenders/112x84_New_Level10-wildlife.png,Texture,Assets/RecoveredOriginal/Texture/__PROJECT/GeneratedLevelRenders/112x84_New_Level10-wildlife.png,de9a99d9d07909e419ac78e6b1328b2f
__PROJECT/GeneratedLevelRenders/112x84_New_Level11-wildlife.asset,Sprite,Assets/RecoveredOriginal/Sprite/__PROJECT/GeneratedLevelRenders/112x84_New_Level11-wildlife.asset,aea525a3d0f6df346b9573cf1a1a58d6
__PROJECT/GeneratedLevelRenders/112x84_New_Level11-wildlife.png,Texture,Assets/RecoveredOriginal/Texture/__PROJECT/GeneratedLevelRenders/112x84_New_Level11-wildlife.png,294406036ffc5134cb0590d0554e58ca
__PROJECT/GeneratedLevelRenders/112x84_New_Level12.asset,Sprite,Assets/RecoveredOriginal/Sprite/__PROJECT/GeneratedLevelRenders/112x84_New_Level12.asset,7be50ac0660d7b84fabf549a5bf679f9
__PROJECT/GeneratedLevelRenders/112x84_New_Level12.png,Texture,Assets/RecoveredOriginal/Texture/__PROJECT/GeneratedLevelRenders/112x84_New_Level12.png,3e57608d22138414990b3de0c587bdeb
__PROJECT/GeneratedLevelRenders/112x84_New_Level13.asset,Sprite,Assets/RecoveredOriginal/Sprite/__PROJECT/GeneratedLevelRenders/112x84_New_Level13.asset,7cf4d0f488038e3459f7dc40b58c4da1
__PROJECT/GeneratedLevelRenders/112x84_New_Level13.png,Texture,Assets/RecoveredOriginal/Texture/__PROJECT/GeneratedLevelRenders/112x84_New_Level13.png,d1819da161417994d8a3cff189b4674d
__PROJECT/GeneratedLevelRenders/112x84_New_Level16.asset,Sprite,Assets/RecoveredOriginal/Sprite/__PROJECT/GeneratedLevelRenders/112x84_New_Level16.asset,9800ce94b0a8f234baf451c2211c87c4
__PROJECT/GeneratedLevelRenders/112x84_New_Level16.png,Texture,Assets/RecoveredOriginal/Texture/__PROJECT/GeneratedLevelRenders/112x84_New_Level16.png,8238d43781431964a937dd12c0a85be3
__PROJECT/GeneratedLevelRenders/112x84_New_Level17.asset,Sprite,Assets/RecoveredOriginal/Sprite/__PROJECT/GeneratedLevelRenders/112x84_New_Level17.asset,eb43f5f1e846ab841ac1410e762cbcb7
__PROJECT/GeneratedLevelRenders/112x84_New_Level17.png,Texture,Assets/RecoveredOriginal/Texture/__PROJECT/GeneratedLevelRenders/112x84_New_Level17.png,005cebb2de1e40a40a5c66776dd46ec5
__PROJECT/GeneratedLevelRenders/112x84_New_Level18-womeninart.asset,Sprite,Assets/RecoveredOriginal/Sprite/__PROJECT/GeneratedLevelRenders/112x84_New_Level18-womeninart.asset,2a4a1dfd0267f04438576aa917773bc9
__PROJECT/GeneratedLevelRenders/112x84_New_Level18-womeninart.png,Texture,Assets/RecoveredOriginal/Texture/__PROJECT/GeneratedLevelRenders/112x84_New_Level18-womeninart.png,7bd65549f388eee40bf451e4471b53c1
__PROJECT/GeneratedLevelRenders/112x84_New_Level19-abstract.asset,Sprite,Assets/RecoveredOriginal/Sprite/__PROJECT/GeneratedLevelRenders/112x84_New_Level19-abstract.asset,cf58306e0d5ec46499e896a7822b1d01
__PROJECT/GeneratedLevelRenders/112x84_New_Level19-abstract.png,Texture,Assets/RecoveredOriginal/Texture/__PROJECT/GeneratedLevelRenders/112x84_New_Level19-abstract.png,3b8e35d604b2cd64c9982dccd78df455
__PROJECT/GeneratedLevelRenders/112x84_New_Level20-landscape_portrait.asset,Sprite,Assets/RecoveredOriginal/Sprite/__PROJECT/GeneratedLevelRenders/112x84_New_Level20-landscape_portrait.asset,2fb1d66ec5f4f8a4e8bf5bc2bbaa0ef1
__PROJECT/GeneratedLevelRenders/112x84_New_Level20-landscape_portrait.png,Texture,Assets/RecoveredOriginal/Texture/__PROJECT/GeneratedLevelRenders/112x84_New_Level20-landscape_portrait.png,4a31cb357a7baad4db11d0153858d524
__PROJECT/GeneratedLevelRenders/112x84_New_Level21-womeninart.asset,Sprite,Assets/RecoveredOriginal/Sprite/__PROJECT/GeneratedLevelRenders/112x84_New_Level21-womeninart.asset,6f027fb3b86111e4a8c1c6cafe9f03fa
__PROJECT/GeneratedLevelRenders/112x84_New_Level21-womeninart.png,Texture,Assets/RecoveredOriginal/Texture/__PROJECT/GeneratedLevelRenders/112x84_New_Level21-womeninart.png,760ff545443caed43bbbb4165402bef6
__PROJECT/GeneratedLevelRenders/112x84_New_Level22.asset,Sprite,Assets/RecoveredOriginal/Sprite/__PROJECT/GeneratedLevelRenders/112x84_New_Level22.asset,686dec34c50053e438c56b2e23eefbb2
__PROJECT/GeneratedLevelRenders/112x84_New_Level22.png,Texture,Assets/RecoveredOriginal/Texture/__PROJECT/GeneratedLevelRenders/112x84_New_Level22.png,759a0d9e868219b4bbf38494d4828234
__PROJECT/GeneratedLevelRenders/112x84_New_Level23-summervibes.asset,Sprite,Assets/RecoveredOriginal/Sprite/__PROJECT/GeneratedLevelRenders/112x84_New_Level23-summervibes.asset,e17789c8a74d73b4ba778de82a9a689b
__PROJECT/GeneratedLevelRenders/112x84_New_Level23-summervibes.png,Texture,Assets/RecoveredOriginal/Texture/__PROJECT/GeneratedLevelRenders/112x84_New_Level23-summervibes.png,49f4c1904b4fcce44917889b129a0a26
__PROJECT/GeneratedLevelRenders/112x84_New_Level24.asset,Sprite,Assets/RecoveredOriginal/Sprite/__PROJECT/GeneratedLevelRenders/112x84_New_Level24.asset,6cad6cfea978ee14fa898e4f004bd4fe
__PROJECT/GeneratedLevelRenders/112x84_New_Level24.png,Texture,Assets/RecoveredOriginal/Texture/__PROJECT/GeneratedLevelRenders/112x84_New_Level24.png,27fed980519260d43b6bfe4067356888
__PROJECT/GeneratedLevelRenders/112x84_New_Level25-summervibes.asset,Sprite,Assets/RecoveredOriginal/Sprite/__PROJECT/GeneratedLevelRenders/112x84_New_Level25-summervibes.asset,eb2c871a47e1b0f4a8c2ee6e9c2b4087
__PROJECT/GeneratedLevelRenders/112x84_New_Level25-summervibes.png,Texture,Assets/RecoveredOriginal/Texture/__PROJECT/GeneratedLevelRenders/112x84_New_Level25-summervibes.png,b0bc96173e5690b49b421a8f0d6a2ac0
__PROJECT/GeneratedLevelRenders/112x84_New_Level25.asset,Sprite,Assets/RecoveredOriginal/Sprite/__PROJECT/GeneratedLevelRenders/112x84_New_Level25.asset,6611dfe03718b0a4ba88028e5d4e68c6
__PROJECT/GeneratedLevelRenders/112x84_New_Level25.png,Texture,Assets/RecoveredOriginal/Texture/__PROJECT/GeneratedLevelRenders/112x84_New_Level25.png,8ddb7492d1f5d8e4aaf247b8f4767fc9
__PROJECT/GeneratedLevelRenders/112x84_New_Level26.asset,Sprite,Assets/RecoveredOriginal/Sprite/__PROJECT/GeneratedLevelRenders/112x84_New_Level26.asset,56d4f44b4200b5e468e5ef7e965bb5df
__PROJECT/GeneratedLevelRenders/112x84_New_Level26.png,Texture,Assets/RecoveredOriginal/Texture/__PROJECT/GeneratedLevelRenders/112x84_New_Level26.png,671ac0c4a8b7b4641b221f7010710854
__PROJECT/GeneratedLevelRenders/112x84_New_Level4-flower.asset,Sprite,Assets/RecoveredOriginal/Sprite/__PROJECT/GeneratedLevelRenders/112x84_New_Level4-flower.asset,38823d4278449904b8e0cca75a1d2d75
__PROJECT/GeneratedLevelRenders/112x84_New_Level4-flower.png,Texture,Assets/RecoveredOriginal/Texture/__PROJECT/GeneratedLevelRenders/112x84_New_Level4-flower.png,48ad253fe728e3b408d9f6afaf3fc62b
__PROJECT/GeneratedLevelRenders/112x84_New_Level5-wildlife.asset,Sprite,Assets/RecoveredOriginal/Sprite/__PROJECT/GeneratedLevelRenders/112x84_New_Level5-wildlife.asset,8a5e2d8758b39684b85f8d988fa1036f
__PROJECT/GeneratedLevelRenders/112x84_New_Level5-wildlife.png,Texture,Assets/RecoveredOriginal/Texture/__PROJECT/GeneratedLevelRenders/112x84_New_Level5-wildlife.png,6c03378c08717f441b04ea50d2aac046
__PROJECT/GeneratedLevelRenders/112x84_New_Level6.asset,Sprite,Assets/RecoveredOriginal/Sprite/__PROJECT/GeneratedLevelRenders/112x84_New_Level6.asset,a8c72996e3e42de41ba4a1fa0972d51c
__PROJECT/GeneratedLevelRenders/112x84_New_Level6.png,Texture,Assets/RecoveredOriginal/Texture/__PROJECT/GeneratedLevelRenders/112x84_New_Level6.png,f3be68ccca764004abd0ff2efb1af51e
__PROJECT/GeneratedLevelRenders/112x84_New_Level7-summervibes.asset,Sprite,Assets/RecoveredOriginal/Sprite/__PROJECT/GeneratedLevelRenders/112x84_New_Level7-summervibes.asset,0e93c5f1c9cf94f40b80ab7fe8da1375
__PROJECT/GeneratedLevelRenders/112x84_New_Level7-summervibes.png,Texture,Assets/RecoveredOriginal/Texture/__PROJECT/GeneratedLevelRenders/112x84_New_Level7-summervibes.png,d2b50705db13d2d4eb4617db0cc89290
__PROJECT/GeneratedLevelRenders/112x84_New_Level8.asset,Sprite,Assets/RecoveredOriginal/Sprite/__PROJECT/GeneratedLevelRenders/112x84_New_Level8.asset,d40790fd9cca40c42b1f2ea4fb33d93a
__PROJECT/GeneratedLevelRenders/112x84_New_Level8.png,Texture,Assets/RecoveredOriginal/Texture/__PROJECT/GeneratedLevelRenders/112x84_New_Level8.png,ad75b7b60c429544e80585cf611c4336
__PROJECT/GeneratedLevelRenders/112x84_New_Level9-womeninart.asset,Sprite,Assets/RecoveredOriginal/Sprite/__PROJECT/GeneratedLevelRenders/112x84_New_Level9-womeninart.asset,38a85a1556efa914ebb615e01e848a35
__PROJECT/GeneratedLevelRenders/112x84_New_Level9-womeninart.png,Texture,Assets/RecoveredOriginal/Texture/__PROJECT/GeneratedLevelRenders/112x84_New_Level9-womeninart.png,d2457f5d4b49bb1409c8e88392c5d53e
__PROJECT/GeneratedLevelRenders/112x84_New_Magic_1.asset,Sprite,Assets/RecoveredOriginal/Sprite/__PROJECT/GeneratedLevelRenders/112x84_New_Magic_1.asset,403d714758c89b14498b06f36ba06f13
__PROJECT/GeneratedLevelRenders/112x84_New_Magic_1.png,Texture,Assets/RecoveredOriginal/Texture/__PROJECT/GeneratedLevelRenders/112x84_New_Magic_1.png,b0a6244934335934d94466bc58f8dca8
__PROJECT/GeneratedLevelRenders/112x84_New_Magic_10.asset,Sprite,Assets/RecoveredOriginal/Sprite/__PROJECT/GeneratedLevelRenders/112x84_New_Magic_10.asset,b5d44238d01011b4fb8a6f8da0bc6a12
__PROJECT/GeneratedLevelRenders/112x84_New_Magic_10.png,Texture,Assets/RecoveredOriginal/Texture/__PROJECT/GeneratedLevelRenders/112x84_New_Magic_10.png,ad1559985968a7d40ac5a7a63abe2f55
__PROJECT/GeneratedLevelRenders/112x84_New_Magic_11.asset,Sprite,Assets/RecoveredOriginal/Sprite/__PROJECT/GeneratedLevelRenders/112x84_New_Magic_11.asset,a0e8538b1ee8d5a499689b2225c1e5fb
__PROJECT/GeneratedLevelRenders/112x84_New_Magic_11.png,Texture,Assets/RecoveredOriginal/Texture/__PROJECT/GeneratedLevelRenders/112x84_New_Magic_11.png,a8eee221b3fc8aa4d811fc853ff87ac2
__PROJECT/GeneratedLevelRenders/112x84_New_Magic_12.asset,Sprite,Assets/RecoveredOriginal/Sprite/__PROJECT/GeneratedLevelRenders/112x84_New_Magic_12.asset,1ac90df213ffae34a9c65dab4e97a805
__PROJECT/GeneratedLevelRenders/112x84_New_Magic_12.png,Texture,Assets/RecoveredOriginal/Texture/__PROJECT/GeneratedLevelRenders/112x84_New_Magic_12.png,dd4d5171e425daa45b7a25dd93e7169f
__PROJECT/GeneratedLevelRenders/112x84_New_Magic_13.asset,Sprite,Assets/RecoveredOriginal/Sprite/__PROJECT/GeneratedLevelRenders/112x84_New_Magic_13.asset,71a6c1ca5f16181469c47eee965490a9
__PROJECT/GeneratedLevelRenders/112x84_New_Magic_13.png,Texture,Assets/RecoveredOriginal/Texture/__PROJECT/GeneratedLevelRenders/112x84_New_Magic_13.png,6df1d0bd5a5bf404a85c482944017f3a
__PROJECT/GeneratedLevelRenders/112x84_New_Magic_14.asset,Sprite,Assets/RecoveredOriginal/Sprite/__PROJECT/GeneratedLevelRenders/112x84_New_Magic_14.asset,0da66afb2dbd4f34dbf2616790fc4460
__PROJECT/GeneratedLevelRenders/112x84_New_Magic_14.png,Texture,Assets/RecoveredOriginal/Texture/__PROJECT/GeneratedLevelRenders/112x84_New_Magic_14.png,fb758c82a4b0a9d41b6dff70405018e2
__PROJECT/GeneratedLevelRenders/112x84_New_Magic_15.asset,Sprite,Assets/RecoveredOriginal/Sprite/__PROJECT/GeneratedLevelRenders/112x84_New_Magic_15.asset,4faead386105ff746b16c25a471c65f9
__PROJECT/GeneratedLevelRenders/112x84_New_Magic_15.png,Texture,Assets/RecoveredOriginal/Texture/__PROJECT/GeneratedLevelRenders/112x84_New_Magic_15.png,6cfd7601935678d43a64febb39a25ac2
__PROJECT/GeneratedLevelRenders/112x84_New_Magic_2.asset,Sprite,Assets/RecoveredOriginal/Sprite/__PROJECT/GeneratedLevelRenders/112x84_New_Magic_2.asset,e4cf2c8da61e7c147b6fff51b1331a75
__PROJECT/GeneratedLevelRenders/112x84_New_Magic_2.png,Texture,Assets/RecoveredOriginal/Texture/__PROJECT/GeneratedLevelRenders/112x84_New_Magic_2.png,77eb5f45feaccea41b62923e350f9e2b
__PROJECT/GeneratedLevelRenders/112x84_New_Magic_3.asset,Sprite,Assets/RecoveredOriginal/Sprite/__PROJECT/GeneratedLevelRenders/112x84_New_Magic_3.asset,25c6d251498f05249b4f718c8e78e9c9
__PROJECT/GeneratedLevelRenders/112x84_New_Magic_3.png,Texture,Assets/RecoveredOriginal/Texture/__PROJECT/GeneratedLevelRenders/112x84_New_Magic_3.png,695b03a924773734dbf7fca5739c9391
__PROJECT/GeneratedLevelRenders/112x84_New_Magic_4.asset,Sprite,Assets/RecoveredOriginal/Sprite/__PROJECT/GeneratedLevelRenders/112x84_New_Magic_4.asset,13d024582515da34dbe95c1be8423c8e
__PROJECT/GeneratedLevelRenders/112x84_New_Magic_4.png,Texture,Assets/RecoveredOriginal/Texture/__PROJECT/GeneratedLevelRenders/112x84_New_Magic_4.png,891ae7d2f80b1274faa3b9941f528142
__PROJECT/GeneratedLevelRenders/112x84_New_Magic_5.asset,Sprite,Assets/RecoveredOriginal/Sprite/__PROJECT/GeneratedLevelRenders/112x84_New_Magic_5.asset,e9e9ecc6f6acff64e828db821fcd4c49
__PROJECT/GeneratedLevelRenders/112x84_New_Magic_5.png,Texture,Assets/RecoveredOriginal/Texture/__PROJECT/GeneratedLevelRenders/112x84_New_Magic_5.png,0dc986255fda0f74c8ef170b8a91f214
__PROJECT/GeneratedLevelRenders/112x84_New_Magic_6.asset,Sprite,Assets/RecoveredOriginal/Sprite/__PROJECT/GeneratedLevelRenders/112x84_New_Magic_6.asset,c6c7c82b499157a4a9502a71f14e0c44
__PROJECT/GeneratedLevelRenders/112x84_New_Magic_6.png,Texture,Assets/RecoveredOriginal/Texture/__PROJECT/GeneratedLevelRenders/112x84_New_Magic_6.png,fef1309e7f4305649a474de26ed94d3b
__PROJECT/GeneratedLevelRenders/112x84_New_Magic_7.asset,Sprite,Assets/RecoveredOriginal/Sprite/__PROJECT/GeneratedLevelRenders/112x84_New_Magic_7.asset,dc79f1a639ad5a04b9809ae188d6bc3f
__PROJECT/GeneratedLevelRenders/112x84_New_Magic_7.png,Texture,Assets/RecoveredOriginal/Texture/__PROJECT/GeneratedLevelRenders/112x84_New_Magic_7.png,debab110189cb04458b54ea35c807c98
__PROJECT/GeneratedLevelRenders/112x84_New_Magic_8.asset,Sprite,Assets/RecoveredOriginal/Sprite/__PROJECT/GeneratedLevelRenders/112x84_New_Magic_8.asset,3fe3eef39b787bf4fb931ac7217a960c
__PROJECT/GeneratedLevelRenders/112x84_New_Magic_8.png,Texture,Assets/RecoveredOriginal/Texture/__PROJECT/GeneratedLevelRenders/112x84_New_Magic_8.png,a25da1001a9ee784cbaec56be5d1fbff
__PROJECT/GeneratedLevelRenders/112x84_New_Magic_9.asset,Sprite,Assets/RecoveredOriginal/Sprite/__PROJECT/GeneratedLevelRenders/112x84_New_Magic_9.asset,0689ca962adad9a46827e85c8bcf477a
__PROJECT/GeneratedLevelRenders/112x84_New_Magic_9.png,Texture,Assets/RecoveredOriginal/Texture/__PROJECT/GeneratedLevelRenders/112x84_New_Magic_9.png,2ccf3bc632a5d1c4a8fd30e6c8fc07d1
__PROJECT/GeneratedLevelRenders/112x84_New_PopArt_1.asset,Sprite,Assets/RecoveredOriginal/Sprite/__PROJECT/GeneratedLevelRenders/112x84_New_PopArt_1.asset,18298b2fbd1a25f478f76ba1f424a795
__PROJECT/GeneratedLevelRenders/112x84_New_PopArt_1.png,Texture,Assets/RecoveredOriginal/Texture/__PROJECT/GeneratedLevelRenders/112x84_New_PopArt_1.png,60e525c99d8759543a8c4a0e7ebc3576
__PROJECT/GeneratedLevelRenders/112x84_New_PopArt_10.asset,Sprite,Assets/RecoveredOriginal/Sprite/__PROJECT/GeneratedLevelRenders/112x84_New_PopArt_10.asset,d497d1358e0f3ac47a1177a18841722b
__PROJECT/GeneratedLevelRenders/112x84_New_PopArt_10.png,Texture,Assets/RecoveredOriginal/Texture/__PROJECT/GeneratedLevelRenders/112x84_New_PopArt_10.png,b45e49e7c21f5f849b6d9968780e2caa
__PROJECT/GeneratedLevelRenders/112x84_New_PopArt_11.asset,Sprite,Assets/RecoveredOriginal/Sprite/__PROJECT/GeneratedLevelRenders/112x84_New_PopArt_11.asset,1ae426b0feafd7340861d4ddaeb75a70
__PROJECT/GeneratedLevelRenders/112x84_New_PopArt_11.png,Texture,Assets/RecoveredOriginal/Texture/__PROJECT/GeneratedLevelRenders/112x84_New_PopArt_11.png,f4d000980bc0e54458c377476a2b4527
__PROJECT/GeneratedLevelRenders/112x84_New_PopArt_12.asset,Sprite,Assets/RecoveredOriginal/Sprite/__PROJECT/GeneratedLevelRenders/112x84_New_PopArt_12.asset,60f09a2134c949c44b98d7757cfc3e77
__PROJECT/GeneratedLevelRenders/112x84_New_PopArt_12.png,Texture,Assets/RecoveredOriginal/Texture/__PROJECT/GeneratedLevelRenders/112x84_New_PopArt_12.png,fa161978b2b84b74aa4ec6106f54d872
__PROJECT/GeneratedLevelRenders/112x84_New_PopArt_13.asset,Sprite,Assets/RecoveredOriginal/Sprite/__PROJECT/GeneratedLevelRenders/112x84_New_PopArt_13.asset,6cb595c8f3bbe734fbe14cd3b6cb5a20
__PROJECT/GeneratedLevelRenders/112x84_New_PopArt_13.png,Texture,Assets/RecoveredOriginal/Texture/__PROJECT/GeneratedLevelRenders/112x84_New_PopArt_13.png,50d48f1b2557e2942bd67d2177bccf81
__PROJECT/GeneratedLevelRenders/112x84_New_PopArt_14.asset,Sprite,Assets/RecoveredOriginal/Sprite/__PROJECT/GeneratedLevelRenders/112x84_New_PopArt_14.asset,ad51a787327707a42b8f12fafa991293
__PROJECT/GeneratedLevelRenders/112x84_New_PopArt_14.png,Texture,Assets/RecoveredOriginal/Texture/__PROJECT/GeneratedLevelRenders/112x84_New_PopArt_14.png,114369d0cce51b94dafb070d80b39889
__PROJECT/GeneratedLevelRenders/112x84_New_PopArt_15.asset,Sprite,Assets/RecoveredOriginal/Sprite/__PROJECT/GeneratedLevelRenders/112x84_New_PopArt_15.asset,2b334f620adf0644abd16ca251bc96a1
__PROJECT/GeneratedLevelRenders/112x84_New_PopArt_15.png,Texture,Assets/RecoveredOriginal/Texture/__PROJECT/GeneratedLevelRenders/112x84_New_PopArt_15.png,72767e04b658ea547b02ee6c6d3a0915
__PROJECT/GeneratedLevelRenders/112x84_New_PopArt_2.asset,Sprite,Assets/RecoveredOriginal/Sprite/__PROJECT/GeneratedLevelRenders/112x84_New_PopArt_2.asset,8b259abc476c8fa4cb937c59992abcec
__PROJECT/GeneratedLevelRenders/112x84_New_PopArt_2.png,Texture,Assets/RecoveredOriginal/Texture/__PROJECT/GeneratedLevelRenders/112x84_New_PopArt_2.png,c9eba5937c0485444a057b73ac26727a
__PROJECT/GeneratedLevelRenders/112x84_New_PopArt_3.asset,Sprite,Assets/RecoveredOriginal/Sprite/__PROJECT/GeneratedLevelRenders/112x84_New_PopArt_3.asset,b4afad907b635e74281d67fcffb1d48f
__PROJECT/GeneratedLevelRenders/112x84_New_PopArt_3.png,Texture,Assets/RecoveredOriginal/Texture/__PROJECT/GeneratedLevelRenders/112x84_New_PopArt_3.png,5123e774b1c09a04d9fcbf1e21b5b8a9
__PROJECT/GeneratedLevelRenders/112x84_New_PopArt_4.asset,Sprite,Assets/RecoveredOriginal/Sprite/__PROJECT/GeneratedLevelRenders/112x84_New_PopArt_4.asset,f8f441b244fc32c4e90fdcaa10049cef
__PROJECT/GeneratedLevelRenders/112x84_New_PopArt_4.png,Texture,Assets/RecoveredOriginal/Texture/__PROJECT/GeneratedLevelRenders/112x84_New_PopArt_4.png,b435c435c44cb2a4a95174b63400999b
__PROJECT/GeneratedLevelRenders/112x84_New_PopArt_5.asset,Sprite,Assets/RecoveredOriginal/Sprite/__PROJECT/GeneratedLevelRenders/112x84_New_PopArt_5.asset,3851c46cdc3b4f04789b156b91f8775c
__PROJECT/GeneratedLevelRenders/112x84_New_PopArt_5.png,Texture,Assets/RecoveredOriginal/Texture/__PROJECT/GeneratedLevelRenders/112x84_New_PopArt_5.png,284a234fc6ec0b54b8f54928dde9b3a7
__PROJECT/GeneratedLevelRenders/112x84_New_PopArt_6.asset,Sprite,Assets/RecoveredOriginal/Sprite/__PROJECT/GeneratedLevelRenders/112x84_New_PopArt_6.asset,e7e556e883d8f1e439a6f99afadc5bcf
__PROJECT/GeneratedLevelRenders/112x84_New_PopArt_6.png,Texture,Assets/RecoveredOriginal/Texture/__PROJECT/GeneratedLevelRenders/112x84_New_PopArt_6.png,c13291a58e3f9144cb9c0c1492b4998d
__PROJECT/GeneratedLevelRenders/112x84_New_PopArt_7.asset,Sprite,Assets/RecoveredOriginal/Sprite/__PROJECT/GeneratedLevelRenders/112x84_New_PopArt_7.asset,694a9b721c600874c95e950ec75f4257
__PROJECT/GeneratedLevelRenders/112x84_New_PopArt_7.png,Texture,Assets/RecoveredOriginal/Texture/__PROJECT/GeneratedLevelRenders/112x84_New_PopArt_7.png,5fc982318d97103488e02b7666fc9d6e
__PROJECT/GeneratedLevelRenders/112x84_New_PopArt_8.asset,Sprite,Assets/RecoveredOriginal/Sprite/__PROJECT/GeneratedLevelRenders/112x84_New_PopArt_8.asset,79185630545e8ba44a4636760660f126
__PROJECT/GeneratedLevelRenders/112x84_New_PopArt_8.png,Texture,Assets/RecoveredOriginal/Texture/__PROJECT/GeneratedLevelRenders/112x84_New_PopArt_8.png,19bd9dee129db694fbf81cae22d3375f
__PROJECT/GeneratedLevelRenders/112x84_New_PopArt_9.asset,Sprite,Assets/RecoveredOriginal/Sprite/__PROJECT/GeneratedLevelRenders/112x84_New_PopArt_9.asset,9347bcd69a95db6448529e4638c6d288
__PROJECT/GeneratedLevelRenders/112x84_New_PopArt_9.png,Texture,Assets/RecoveredOriginal/Texture/__PROJECT/GeneratedLevelRenders/112x84_New_PopArt_9.png,d1b6df49a6b1ed74fa852e74597ddefe
__PROJECT/GeneratedLevelRenders/112x84_New_Sport_1.asset,Sprite,Assets/RecoveredOriginal/Sprite/__PROJECT/GeneratedLevelRenders/112x84_New_Sport_1.asset,0711ba62484438144ae3fc7c3f6b5330
__PROJECT/GeneratedLevelRenders/112x84_New_Sport_1.png,Texture,Assets/RecoveredOriginal/Texture/__PROJECT/GeneratedLevelRenders/112x84_New_Sport_1.png,b99e5a28563cdab4b9b63633618b7ed8
__PROJECT/GeneratedLevelRenders/112x84_New_Sport_10.asset,Sprite,Assets/RecoveredOriginal/Sprite/__PROJECT/GeneratedLevelRenders/112x84_New_Sport_10.asset,540bf37e7282a9d4c8a53e1a68a0ff74
__PROJECT/GeneratedLevelRenders/112x84_New_Sport_10.png,Texture,Assets/RecoveredOriginal/Texture/__PROJECT/GeneratedLevelRenders/112x84_New_Sport_10.png,863ed8c399ba3464e9465bbb281d6b42
__PROJECT/GeneratedLevelRenders/112x84_New_Sport_11.asset,Sprite,Assets/RecoveredOriginal/Sprite/__PROJECT/GeneratedLevelRenders/112x84_New_Sport_11.asset,e648b19dcfff30143b44a56008bb8692
__PROJECT/GeneratedLevelRenders/112x84_New_Sport_11.png,Texture,Assets/RecoveredOriginal/Texture/__PROJECT/GeneratedLevelRenders/112x84_New_Sport_11.png,b14f5e5dafd24cd43b4a3ea5e385a3e6
__PROJECT/GeneratedLevelRenders/112x84_New_Sport_12.asset,Sprite,Assets/RecoveredOriginal/Sprite/__PROJECT/GeneratedLevelRenders/112x84_New_Sport_12.asset,74774ab621a93a64cbb9ca8d085760f3
__PROJECT/GeneratedLevelRenders/112x84_New_Sport_12.png,Texture,Assets/RecoveredOriginal/Texture/__PROJECT/GeneratedLevelRenders/112x84_New_Sport_12.png,9fc5ca71f4d9d304889b31a5107ad81b
__PROJECT/GeneratedLevelRenders/112x84_New_Sport_13.asset,Sprite,Assets/RecoveredOriginal/Sprite/__PROJECT/GeneratedLevelRenders/112x84_New_Sport_13.asset,8944b066a0ceb5442a9c0e32c8a585c6
__PROJECT/GeneratedLevelRenders/112x84_New_Sport_13.png,Texture,Assets/RecoveredOriginal/Texture/__PROJECT/GeneratedLevelRenders/112x84_New_Sport_13.png,d72f173518d65794e96fa787b3780325
__PROJECT/GeneratedLevelRenders/112x84_New_Sport_14.asset,Sprite,Assets/RecoveredOriginal/Sprite/__PROJECT/GeneratedLevelRenders/112x84_New_Sport_14.asset,ba498faa6fd161248968414210b8551e
__PROJECT/GeneratedLevelRenders/112x84_New_Sport_14.png,Texture,Assets/RecoveredOriginal/Texture/__PROJECT/GeneratedLevelRenders/112x84_New_Sport_14.png,a2ae004ad6ca64848b8ab25f44375c67
__PROJECT/GeneratedLevelRenders/112x84_New_Sport_15.asset,Sprite,Assets/RecoveredOriginal/Sprite/__PROJECT/GeneratedLevelRenders/112x84_New_Sport_15.asset,a61dc7ab699dc284eba2e6907068b68e
__PROJECT/GeneratedLevelRenders/112x84_New_Sport_15.png,Texture,Assets/RecoveredOriginal/Texture/__PROJECT/GeneratedLevelRenders/112x84_New_Sport_15.png,7a8a41da18c3dae4cb5f6dc39f0c925e
__PROJECT/GeneratedLevelRenders/112x84_New_Sport_2.asset,Sprite,Assets/RecoveredOriginal/Sprite/__PROJECT/GeneratedLevelRenders/112x84_New_Sport_2.asset,f13c1e1c2ce29764194629bc8b62f1b5
__PROJECT/GeneratedLevelRenders/112x84_New_Sport_2.png,Texture,Assets/RecoveredOriginal/Texture/__PROJECT/GeneratedLevelRenders/112x84_New_Sport_2.png,5fa264ee41921874fbde41a4ab0e7d2c
__PROJECT/GeneratedLevelRenders/112x84_New_Sport_3.asset,Sprite,Assets/RecoveredOriginal/Sprite/__PROJECT/GeneratedLevelRenders/112x84_New_Sport_3.asset,f3167d86260ea0a4b987d2fec36c1750
__PROJECT/GeneratedLevelRenders/112x84_New_Sport_3.png,Texture,Assets/RecoveredOriginal/Texture/__PROJECT/GeneratedLevelRenders/112x84_New_Sport_3.png,1ec1d47878687594f8c6e87e1c54487f
__PROJECT/GeneratedLevelRenders/112x84_New_Sport_4.asset,Sprite,Assets/RecoveredOriginal/Sprite/__PROJECT/GeneratedLevelRenders/112x84_New_Sport_4.asset,51502731ccbfa9541a3eb5b40124ad3a
__PROJECT/GeneratedLevelRenders/112x84_New_Sport_4.png,Texture,Assets/RecoveredOriginal/Texture/__PROJECT/GeneratedLevelRenders/112x84_New_Sport_4.png,a22679c57936c9d44b74f3cfdf7d9f72
__PROJECT/GeneratedLevelRenders/112x84_New_Sport_5.asset,Sprite,Assets/RecoveredOriginal/Sprite/__PROJECT/GeneratedLevelRenders/112x84_New_Sport_5.asset,cfc3098f99be0f941932b3ddf90a6d96
__PROJECT/GeneratedLevelRenders/112x84_New_Sport_5.png,Texture,Assets/RecoveredOriginal/Texture/__PROJECT/GeneratedLevelRenders/112x84_New_Sport_5.png,09b4b148e7158f845a548e2745816583
__PROJECT/GeneratedLevelRenders/112x84_New_Sport_6.asset,Sprite,Assets/RecoveredOriginal/Sprite/__PROJECT/GeneratedLevelRenders/112x84_New_Sport_6.asset,04d39d2cc7bd1174a817b73a9a063d28
__PROJECT/GeneratedLevelRenders/112x84_New_Sport_6.png,Texture,Assets/RecoveredOriginal/Texture/__PROJECT/GeneratedLevelRenders/112x84_New_Sport_6.png,172a7e0920714104d986aa9b63e8e35a
__PROJECT/GeneratedLevelRenders/112x84_New_Sport_7.asset,Sprite,Assets/RecoveredOriginal/Sprite/__PROJECT/GeneratedLevelRenders/112x84_New_Sport_7.asset,074b390874426f640b82056abd28be9f
__PROJECT/GeneratedLevelRenders/112x84_New_Sport_7.png,Texture,Assets/RecoveredOriginal/Texture/__PROJECT/GeneratedLevelRenders/112x84_New_Sport_7.png,16eb51a888225f14eb23889b79e3869a
__PROJECT/GeneratedLevelRenders/112x84_New_Sport_8.asset,Sprite,Assets/RecoveredOriginal/Sprite/__PROJECT/GeneratedLevelRenders/112x84_New_Sport_8.asset,20ce7941d95debb48b2981070f29bd6d
__PROJECT/GeneratedLevelRenders/112x84_New_Sport_8.png,Texture,Assets/RecoveredOriginal/Texture/__PROJECT/GeneratedLevelRenders/112x84_New_Sport_8.png,3f3bb36c0e92ad94c9a0a3679f8b6944
__PROJECT/GeneratedLevelRenders/112x84_New_Sport_9.asset,Sprite,Assets/RecoveredOriginal/Sprite/__PROJECT/GeneratedLevelRenders/112x84_New_Sport_9.asset,51b7cfab044a01a4f8ef1675058c0c96
__PROJECT/GeneratedLevelRenders/112x84_New_Sport_9.png,Texture,Assets/RecoveredOriginal/Texture/__PROJECT/GeneratedLevelRenders/112x84_New_Sport_9.png,58db348eb8a704345b58d77d009f4002
__PROJECT/GeneratedLevelRenders/112x84_New_WomenInArt_11.asset,Sprite,Assets/RecoveredOriginal/Sprite/__PROJECT/GeneratedLevelRenders/112x84_New_WomenInArt_11.asset,de09d62a46cde4647afc83dbf8817389
__PROJECT/GeneratedLevelRenders/112x84_New_WomenInArt_11.png,Texture,Assets/RecoveredOriginal/Texture/__PROJECT/GeneratedLevelRenders/112x84_New_WomenInArt_11.png,d7b7d25e94b86aa429b5d9caf411c5cd
__PROJECT/GeneratedLevelRenders/112x84_New_WomenInArt_12.asset,Sprite,Assets/RecoveredOriginal/Sprite/__PROJECT/GeneratedLevelRenders/112x84_New_WomenInArt_12.asset,2c036d9975ec1314092daaa68dac7dbd
__PROJECT/GeneratedLevelRenders/112x84_New_WomenInArt_12.png,Texture,Assets/RecoveredOriginal/Texture/__PROJECT/GeneratedLevelRenders/112x84_New_WomenInArt_12.png,2266d6b07fd87304f8b962dec16dd42c
__PROJECT/GeneratedLevelRenders/112x84_New_WomenInArt_13.asset,Sprite,Assets/RecoveredOriginal/Sprite/__PROJECT/GeneratedLevelRenders/112x84_New_WomenInArt_13.asset,6103ba108841df2429c1a4e004bbf0ea
__PROJECT/GeneratedLevelRenders/112x84_New_WomenInArt_13.png,Texture,Assets/RecoveredOriginal/Texture/__PROJECT/GeneratedLevelRenders/112x84_New_WomenInArt_13.png,5d4a32fbe0963934ebf396bb476591a9
__PROJECT/GeneratedLevelRenders/112x84_New_WomenInArt_14.asset,Sprite,Assets/RecoveredOriginal/Sprite/__PROJECT/GeneratedLevelRenders/112x84_New_WomenInArt_14.asset,dc4a28278c807d94b88a5260dd196779
__PROJECT/GeneratedLevelRenders/112x84_New_WomenInArt_14.png,Texture,Assets/RecoveredOriginal/Texture/__PROJECT/GeneratedLevelRenders/112x84_New_WomenInArt_14.png,447ea168d2d66944eaffb6d1de5ea218
__PROJECT/GeneratedLevelRenders/112x84_New_WomenInArt_15.asset,Sprite,Assets/RecoveredOriginal/Sprite/__PROJECT/GeneratedLevelRenders/112x84_New_WomenInArt_15.asset,b7019456631899b4d8ea86e6f9b1078c
__PROJECT/GeneratedLevelRenders/112x84_New_WomenInArt_15.png,Texture,Assets/RecoveredOriginal/Texture/__PROJECT/GeneratedLevelRenders/112x84_New_WomenInArt_15.png,88711ec06647e5946b12d021560b2ee8
__PROJECT/GeneratedLevelRenders/112x84_New_WomenInArt_3.asset,Sprite,Assets/RecoveredOriginal/Sprite/__PROJECT/GeneratedLevelRenders/112x84_New_WomenInArt_3.asset,8b4fcb409bff515459cf0f2dd764946f
__PROJECT/GeneratedLevelRenders/112x84_New_WomenInArt_3.png,Texture,Assets/RecoveredOriginal/Texture/__PROJECT/GeneratedLevelRenders/112x84_New_WomenInArt_3.png,9c1629a16c27f3a4ba9c8b073d18e659
__PROJECT/GeneratedLevelRenders/112x84_New_WomenInArt_4.asset,Sprite,Assets/RecoveredOriginal/Sprite/__PROJECT/GeneratedLevelRenders/112x84_New_WomenInArt_4.asset,3a2c3fc3b431000419146a3a163fcacb
__PROJECT/GeneratedLevelRenders/112x84_New_WomenInArt_4.png,Texture,Assets/RecoveredOriginal/Texture/__PROJECT/GeneratedLevelRenders/112x84_New_WomenInArt_4.png,d879b93672afbb34ab81a91ae70f4953
__PROJECT/GeneratedLevelRenders/112x84_New_WomenInArt_5.asset,Sprite,Assets/RecoveredOriginal/Sprite/__PROJECT/GeneratedLevelRenders/112x84_New_WomenInArt_5.asset,5e9fad37aeb28ff4583e25616ca92781
__PROJECT/GeneratedLevelRenders/112x84_New_WomenInArt_5.png,Texture,Assets/RecoveredOriginal/Texture/__PROJECT/GeneratedLevelRenders/112x84_New_WomenInArt_5.png,2c472551023d8114e83fe8898a6e6638
__PROJECT/GeneratedLevelRenders/112x84_New_WomenInArt_6.asset,Sprite,Assets/RecoveredOriginal/Sprite/__PROJECT/GeneratedLevelRenders/112x84_New_WomenInArt_6.asset,c4a138dff930ebd4c975c9ad98804fed
__PROJECT/GeneratedLevelRenders/112x84_New_WomenInArt_6.png,Texture,Assets/RecoveredOriginal/Texture/__PROJECT/GeneratedLevelRenders/112x84_New_WomenInArt_6.png,8ecde63259f91b842a2cf5def374312d
__PROJECT/GeneratedLevelRenders/112x84_New_WomenInArt_7.asset,Sprite,Assets/RecoveredOriginal/Sprite/__PROJECT/GeneratedLevelRenders/112x84_New_WomenInArt_7.asset,d642e20e1f2467e4580354f25f8d20b4
__PROJECT/GeneratedLevelRenders/112x84_New_WomenInArt_7.png,Texture,Assets/RecoveredOriginal/Texture/__PROJECT/GeneratedLevelRenders/112x84_New_WomenInArt_7.png,eeb200baf44bad54e937d98d4772db0a
__PROJECT/GeneratedLevelRenders/112x84_New_WomenInArt_8.asset,Sprite,Assets/RecoveredOriginal/Sprite/__PROJECT/GeneratedLevelRenders/112x84_New_WomenInArt_8.asset,56142ba56e0e30742adb1556313cbc95
__PROJECT/GeneratedLevelRenders/112x84_New_WomenInArt_8.png,Texture,Assets/RecoveredOriginal/Texture/__PROJECT/GeneratedLevelRenders/112x84_New_WomenInArt_8.png,60df2c233aec3d74eac99d6bc1fc287b
__PROJECT/GeneratedLevelRenders/112x84_New_WomenInArt_9.asset,Sprite,Assets/RecoveredOriginal/Sprite/__PROJECT/GeneratedLevelRenders/112x84_New_WomenInArt_9.asset,c90c3652914e8b9429a9c8aaa1de0f9e
__PROJECT/GeneratedLevelRenders/112x84_New_WomenInArt_9.png,Texture,Assets/RecoveredOriginal/Texture/__PROJECT/GeneratedLevelRenders/112x84_New_WomenInArt_9.png,99332156fc9fd604395e54e576d9da6f
__PROJECT/GeneratedLevelRenders/112x84_Travel_1.asset,Sprite,Assets/RecoveredOriginal/Sprite/__PROJECT/GeneratedLevelRenders/112x84_Travel_1.asset,c97eb1a24dcf0864f868478e99d9a657
__PROJECT/GeneratedLevelRenders/112x84_Travel_1.png,Texture,Assets/RecoveredOriginal/Texture/__PROJECT/GeneratedLevelRenders/112x84_Travel_1.png,30be63fe7c3272d4596f14fe143b1ef6
__PROJECT/GeneratedLevelRenders/112x84_Travel_10.asset,Sprite,Assets/RecoveredOriginal/Sprite/__PROJECT/GeneratedLevelRenders/112x84_Travel_10.asset,27f95b1607919804eb364fa8d3959222
__PROJECT/GeneratedLevelRenders/112x84_Travel_10.png,Texture,Assets/RecoveredOriginal/Texture/__PROJECT/GeneratedLevelRenders/112x84_Travel_10.png,882e165d3eb319c4487194d00800803f
__PROJECT/GeneratedLevelRenders/112x84_Travel_11.asset,Sprite,Assets/RecoveredOriginal/Sprite/__PROJECT/GeneratedLevelRenders/112x84_Travel_11.asset,7037e087a14180b43a93ce74f936472c
__PROJECT/GeneratedLevelRenders/112x84_Travel_11.png,Texture,Assets/RecoveredOriginal/Texture/__PROJECT/GeneratedLevelRenders/112x84_Travel_11.png,74576addfebb6fa45bab983c7af204b7
__PROJECT/GeneratedLevelRenders/112x84_Travel_12.asset,Sprite,Assets/RecoveredOriginal/Sprite/__PROJECT/GeneratedLevelRenders/112x84_Travel_12.asset,65b766e580480ea4faed84fab7de2d6c
__PROJECT/GeneratedLevelRenders/112x84_Travel_12.png,Texture,Assets/RecoveredOriginal/Texture/__PROJECT/GeneratedLevelRenders/112x84_Travel_12.png,2aca7d381b0ad7e488725e082b1b3367
__PROJECT/GeneratedLevelRenders/112x84_Travel_13.asset,Sprite,Assets/RecoveredOriginal/Sprite/__PROJECT/GeneratedLevelRenders/112x84_Travel_13.asset,dce628742820dd644bc1fcd1d4242f7b
__PROJECT/GeneratedLevelRenders/112x84_Travel_13.png,Texture,Assets/RecoveredOriginal/Texture/__PROJECT/GeneratedLevelRenders/112x84_Travel_13.png,3006f31c4656c714dafc925e1ff240cc
__PROJECT/GeneratedLevelRenders/112x84_Travel_14.asset,Sprite,Assets/RecoveredOriginal/Sprite/__PROJECT/GeneratedLevelRenders/112x84_Travel_14.asset,aba23cff59e4f5145a32743a89b24750
__PROJECT/GeneratedLevelRenders/112x84_Travel_14.png,Texture,Assets/RecoveredOriginal/Texture/__PROJECT/GeneratedLevelRenders/112x84_Travel_14.png,f80e53f7f3fa42049a88a10aae7eef3f
__PROJECT/GeneratedLevelRenders/112x84_Travel_15.asset,Sprite,Assets/RecoveredOriginal/Sprite/__PROJECT/GeneratedLevelRenders/112x84_Travel_15.asset,6dbbb75fb4d9695498fcf39dd96b646a
__PROJECT/GeneratedLevelRenders/112x84_Travel_15.png,Texture,Assets/RecoveredOriginal/Texture/__PROJECT/GeneratedLevelRenders/112x84_Travel_15.png,0887906c501be194da61b570023ea69b
__PROJECT/GeneratedLevelRenders/112x84_Travel_2.asset,Sprite,Assets/RecoveredOriginal/Sprite/__PROJECT/GeneratedLevelRenders/112x84_Travel_2.asset,9d5d07baa4d7a0f479b443ac3de97c36
__PROJECT/GeneratedLevelRenders/112x84_Travel_2.png,Texture,Assets/RecoveredOriginal/Texture/__PROJECT/GeneratedLevelRenders/112x84_Travel_2.png,ade80cca12bccfa4ea8b718391a9d7d9
__PROJECT/GeneratedLevelRenders/112x84_Travel_3.asset,Sprite,Assets/RecoveredOriginal/Sprite/__PROJECT/GeneratedLevelRenders/112x84_Travel_3.asset,d5ddc156cc88b3345b888661efb0d98f
__PROJECT/GeneratedLevelRenders/112x84_Travel_3.png,Texture,Assets/RecoveredOriginal/Texture/__PROJECT/GeneratedLevelRenders/112x84_Travel_3.png,59e7e29f21e8b2046a397f368b3d0157
__PROJECT/GeneratedLevelRenders/112x84_Travel_4.asset,Sprite,Assets/RecoveredOriginal/Sprite/__PROJECT/GeneratedLevelRenders/112x84_Travel_4.asset,27d19c691d4dd0349a96a957095435f4
__PROJECT/GeneratedLevelRenders/112x84_Travel_4.png,Texture,Assets/RecoveredOriginal/Texture/__PROJECT/GeneratedLevelRenders/112x84_Travel_4.png,d3e25502ae0862444a10d887a4e31a5c
__PROJECT/GeneratedLevelRenders/112x84_Travel_5.asset,Sprite,Assets/RecoveredOriginal/Sprite/__PROJECT/GeneratedLevelRenders/112x84_Travel_5.asset,abfbb642463bb1d4da0566cc825bfd21
__PROJECT/GeneratedLevelRenders/112x84_Travel_5.png,Texture,Assets/RecoveredOriginal/Texture/__PROJECT/GeneratedLevelRenders/112x84_Travel_5.png,25b5e44ee897feb45ba26afef49874cc
__PROJECT/GeneratedLevelRenders/112x84_Travel_6.asset,Sprite,Assets/RecoveredOriginal/Sprite/__PROJECT/GeneratedLevelRenders/112x84_Travel_6.asset,eb634ff34123b9d41b7d91f0d1a2743d
__PROJECT/GeneratedLevelRenders/112x84_Travel_6.png,Texture,Assets/RecoveredOriginal/Texture/__PROJECT/GeneratedLevelRenders/112x84_Travel_6.png,c9c8ff4fa5e3bb042990c2ba53f54399
__PROJECT/GeneratedLevelRenders/112x84_Travel_7.asset,Sprite,Assets/RecoveredOriginal/Sprite/__PROJECT/GeneratedLevelRenders/112x84_Travel_7.asset,0a1df316683028646aaf4e6014048f01
__PROJECT/GeneratedLevelRenders/112x84_Travel_7.png,Texture,Assets/RecoveredOriginal/Texture/__PROJECT/GeneratedLevelRenders/112x84_Travel_7.png,351767255419ce44e99e86588fc218aa
__PROJECT/GeneratedLevelRenders/112x84_Travel_8.asset,Sprite,Assets/RecoveredOriginal/Sprite/__PROJECT/GeneratedLevelRenders/112x84_Travel_8.asset,ac5d45416c32c5c4197e4d09b7af4f16
__PROJECT/GeneratedLevelRenders/112x84_Travel_8.png,Texture,Assets/RecoveredOriginal/Texture/__PROJECT/GeneratedLevelRenders/112x84_Travel_8.png,907a8216a853b564ab87b40006bff4ef
__PROJECT/GeneratedLevelRenders/112x84_Travel_9.asset,Sprite,Assets/RecoveredOriginal/Sprite/__PROJECT/GeneratedLevelRenders/112x84_Travel_9.asset,ff7d71939adc1d94ea07307f73273fd0
__PROJECT/GeneratedLevelRenders/112x84_Travel_9.png,Texture,Assets/RecoveredOriginal/Texture/__PROJECT/GeneratedLevelRenders/112x84_Travel_9.png,44449db18e1769a4e870a2fd7f37a823
__PROJECT/GeneratedLevelRenders/112x84_wildlife_1.asset,Sprite,Assets/RecoveredOriginal/Sprite/__PROJECT/GeneratedLevelRenders/112x84_wildlife_1.asset,35bde9a9c3ef97d4c8df480e9aba55fb
__PROJECT/GeneratedLevelRenders/112x84_wildlife_1.png,Texture,Assets/RecoveredOriginal/Texture/__PROJECT/GeneratedLevelRenders/112x84_wildlife_1.png,83416e79e74c8ae4a9450ec5c2de6207
__PROJECT/GeneratedLevelRenders/112x84_wildlife_10.asset,Sprite,Assets/RecoveredOriginal/Sprite/__PROJECT/GeneratedLevelRenders/112x84_wildlife_10.asset,94dda29de340cb444a52d4e7794bda32
__PROJECT/GeneratedLevelRenders/112x84_wildlife_10.png,Texture,Assets/RecoveredOriginal/Texture/__PROJECT/GeneratedLevelRenders/112x84_wildlife_10.png,727787b8ebdd7b04ba2704dce5200ea3
__PROJECT/GeneratedLevelRenders/112x84_wildlife_11.asset,Sprite,Assets/RecoveredOriginal/Sprite/__PROJECT/GeneratedLevelRenders/112x84_wildlife_11.asset,7fea88d2fcbfba141a1e3890201ad2ae
__PROJECT/GeneratedLevelRenders/112x84_wildlife_11.png,Texture,Assets/RecoveredOriginal/Texture/__PROJECT/GeneratedLevelRenders/112x84_wildlife_11.png,206890d44a85f68438865f816081c97e
__PROJECT/GeneratedLevelRenders/112x84_wildlife_12.asset,Sprite,Assets/RecoveredOriginal/Sprite/__PROJECT/GeneratedLevelRenders/112x84_wildlife_12.asset,19d52d26c3c4c0c4c92edd2a7a1e086c
__PROJECT/GeneratedLevelRenders/112x84_wildlife_12.png,Texture,Assets/RecoveredOriginal/Texture/__PROJECT/GeneratedLevelRenders/112x84_wildlife_12.png,e1b3b491584ca314e83a3e72b2a282b5
__PROJECT/GeneratedLevelRenders/112x84_wildlife_2.asset,Sprite,Assets/RecoveredOriginal/Sprite/__PROJECT/GeneratedLevelRenders/112x84_wildlife_2.asset,69d44abd608794646951f1b25b098405
__PROJECT/GeneratedLevelRenders/112x84_wildlife_2.png,Texture,Assets/RecoveredOriginal/Texture/__PROJECT/GeneratedLevelRenders/112x84_wildlife_2.png,e027290887e4f2242abc4cb5ce3d59ad
__PROJECT/GeneratedLevelRenders/112x84_wildlife_3.asset,Sprite,Assets/RecoveredOriginal/Sprite/__PROJECT/GeneratedLevelRenders/112x84_wildlife_3.asset,dc239f8cb3bb2454098429b582a94969
__PROJECT/GeneratedLevelRenders/112x84_wildlife_3.png,Texture,Assets/RecoveredOriginal/Texture/__PROJECT/GeneratedLevelRenders/112x84_wildlife_3.png,d3f97d1a558afee46ba473ce005fdc77
__PROJECT/GeneratedLevelRenders/112x84_wildlife_4.asset,Sprite,Assets/RecoveredOriginal/Sprite/__PROJECT/GeneratedLevelRenders/112x84_wildlife_4.asset,2d9c72fa4e82cdc42b310e4cb01aabc9
__PROJECT/GeneratedLevelRenders/112x84_wildlife_4.png,Texture,Assets/RecoveredOriginal/Texture/__PROJECT/GeneratedLevelRenders/112x84_wildlife_4.png,cf15691a3a1d1664d8b8c6c78e0c9254
__PROJECT/GeneratedLevelRenders/112x84_wildlife_5.asset,Sprite,Assets/RecoveredOriginal/Sprite/__PROJECT/GeneratedLevelRenders/112x84_wildlife_5.asset,8f24af52a9a9d9f458933f04e12d02a5
__PROJECT/GeneratedLevelRenders/112x84_wildlife_5.png,Texture,Assets/RecoveredOriginal/Texture/__PROJECT/GeneratedLevelRenders/112x84_wildlife_5.png,fd26ac61840bddf4d967d18dc0b532a7
__PROJECT/GeneratedLevelRenders/112x84_wildlife_6.asset,Sprite,Assets/RecoveredOriginal/Sprite/__PROJECT/GeneratedLevelRenders/112x84_wildlife_6.asset,55882dce927c46143a73d0297ac20691
__PROJECT/GeneratedLevelRenders/112x84_wildlife_6.png,Texture,Assets/RecoveredOriginal/Texture/__PROJECT/GeneratedLevelRenders/112x84_wildlife_6.png,e8c1a09c58e06c64eb4a1dc39331b8bc
__PROJECT/GeneratedLevelRenders/112x84_wildlife_7.asset,Sprite,Assets/RecoveredOriginal/Sprite/__PROJECT/GeneratedLevelRenders/112x84_wildlife_7.asset,7d8c052fbfddd4947838012d5de99584
__PROJECT/GeneratedLevelRenders/112x84_wildlife_7.png,Texture,Assets/RecoveredOriginal/Texture/__PROJECT/GeneratedLevelRenders/112x84_wildlife_7.png,814e1651eb70ce7468d946ad4c7720ce
__PROJECT/GeneratedLevelRenders/112x84_wildlife_8.asset,Sprite,Assets/RecoveredOriginal/Sprite/__PROJECT/GeneratedLevelRenders/112x84_wildlife_8.asset,4c769f8b1139904489c6cb31afecb282
__PROJECT/GeneratedLevelRenders/112x84_wildlife_8.png,Texture,Assets/RecoveredOriginal/Texture/__PROJECT/GeneratedLevelRenders/112x84_wildlife_8.png,3eac90f2649c63e409a7a3d70f58aa52
__PROJECT/GeneratedLevelRenders/112x84_wildlife_9.asset,Sprite,Assets/RecoveredOriginal/Sprite/__PROJECT/GeneratedLevelRenders/112x84_wildlife_9.asset,9138442b33ef293408594e0f7cf4837e
__PROJECT/GeneratedLevelRenders/112x84_wildlife_9.png,Texture,Assets/RecoveredOriginal/Texture/__PROJECT/GeneratedLevelRenders/112x84_wildlife_9.png,5dcd77772b7f23949909bba929572671
__PROJECT/GeneratedLevelRenders/MakeUp_1.asset,Sprite,Assets/RecoveredOriginal/Sprite/__PROJECT/GeneratedLevelRenders/MakeUp_1.asset,19b2e5dc61f6cdb4cb50b59c2803626e
__PROJECT/GeneratedLevelRenders/MakeUp_1.png,Texture,Assets/RecoveredOriginal/Texture/__PROJECT/GeneratedLevelRenders/MakeUp_1.png,f1a100dea47574d45b1c40a38d361ff1
__PROJECT/GeneratedLevelRenders/MakeUp_10.asset,Sprite,Assets/RecoveredOriginal/Sprite/__PROJECT/GeneratedLevelRenders/MakeUp_10.asset,05dd799cfcb47ed449aa9430d4787dea
__PROJECT/GeneratedLevelRenders/MakeUp_10.png,Texture,Assets/RecoveredOriginal/Texture/__PROJECT/GeneratedLevelRenders/MakeUp_10.png,f30d9ff960b200747b871268426c2cb9
__PROJECT/GeneratedLevelRenders/MakeUp_11.asset,Sprite,Assets/RecoveredOriginal/Sprite/__PROJECT/GeneratedLevelRenders/MakeUp_11.asset,c26f7eb9c716e034b9cfc4a40982f10a
__PROJECT/GeneratedLevelRenders/MakeUp_11.png,Texture,Assets/RecoveredOriginal/Texture/__PROJECT/GeneratedLevelRenders/MakeUp_11.png,954a81a204ba18247ab718da759cd94f
__PROJECT/GeneratedLevelRenders/MakeUp_12.asset,Sprite,Assets/RecoveredOriginal/Sprite/__PROJECT/GeneratedLevelRenders/MakeUp_12.asset,c01fdeee7b9d45b418589cfbf609f1ac
__PROJECT/GeneratedLevelRenders/MakeUp_12.png,Texture,Assets/RecoveredOriginal/Texture/__PROJECT/GeneratedLevelRenders/MakeUp_12.png,4b3add96163562a47b57dcc869df3a39
__PROJECT/GeneratedLevelRenders/MakeUp_13.asset,Sprite,Assets/RecoveredOriginal/Sprite/__PROJECT/GeneratedLevelRenders/MakeUp_13.asset,49a4806e195798047a9b5edf0e8a85e7
__PROJECT/GeneratedLevelRenders/MakeUp_13.png,Texture,Assets/RecoveredOriginal/Texture/__PROJECT/GeneratedLevelRenders/MakeUp_13.png,d3cf05a9215ee4544b1a5ef25a9ec0f5
__PROJECT/GeneratedLevelRenders/MakeUp_14.asset,Sprite,Assets/RecoveredOriginal/Sprite/__PROJECT/GeneratedLevelRenders/MakeUp_14.asset,edcd3a12242efb845a1bb4983a8158ed
__PROJECT/GeneratedLevelRenders/MakeUp_14.png,Texture,Assets/RecoveredOriginal/Texture/__PROJECT/GeneratedLevelRenders/MakeUp_14.png,a5d1e7eed9fc3f04780fbd1cdd983bba
__PROJECT/GeneratedLevelRenders/MakeUp_15.asset,Sprite,Assets/RecoveredOriginal/Sprite/__PROJECT/GeneratedLevelRenders/MakeUp_15.asset,8f954c1224d7e934da1a5edbe173a66f
__PROJECT/GeneratedLevelRenders/MakeUp_15.png,Texture,Assets/RecoveredOriginal/Texture/__PROJECT/GeneratedLevelRenders/MakeUp_15.png,05b37bc0fad99ff408e93b53d91c3d6f
__PROJECT/GeneratedLevelRenders/MakeUp_2.asset,Sprite,Assets/RecoveredOriginal/Sprite/__PROJECT/GeneratedLevelRenders/MakeUp_2.asset,e7438fbd803cbe44a8afaf55966237ef
__PROJECT/GeneratedLevelRenders/MakeUp_2.png,Texture,Assets/RecoveredOriginal/Texture/__PROJECT/GeneratedLevelRenders/MakeUp_2.png,e79c794467f32dc4a9a123f0984104d4
__PROJECT/GeneratedLevelRenders/MakeUp_3.asset,Sprite,Assets/RecoveredOriginal/Sprite/__PROJECT/GeneratedLevelRenders/MakeUp_3.asset,3959f1e02e0835547886737331a7f5b3
__PROJECT/GeneratedLevelRenders/MakeUp_3.png,Texture,Assets/RecoveredOriginal/Texture/__PROJECT/GeneratedLevelRenders/MakeUp_3.png,c3fbfc4835d99d04296f4a4a17c16410
__PROJECT/GeneratedLevelRenders/MakeUp_4.asset,Sprite,Assets/RecoveredOriginal/Sprite/__PROJECT/GeneratedLevelRenders/MakeUp_4.asset,57a640cb78a03dd489c83196026f4e0a
__PROJECT/GeneratedLevelRenders/MakeUp_4.png,Texture,Assets/RecoveredOriginal/Texture/__PROJECT/GeneratedLevelRenders/MakeUp_4.png,1d58d5b5ffb3c2e449e9d1970f802701
__PROJECT/GeneratedLevelRenders/MakeUp_5.asset,Sprite,Assets/RecoveredOriginal/Sprite/__PROJECT/GeneratedLevelRenders/MakeUp_5.asset,4f2d3451332e7d848a92cef6b6955677
__PROJECT/GeneratedLevelRenders/MakeUp_5.png,Texture,Assets/RecoveredOriginal/Texture/__PROJECT/GeneratedLevelRenders/MakeUp_5.png,4b3e05e4a69bffe428ba0e84001beb35
__PROJECT/GeneratedLevelRenders/MakeUp_6.asset,Sprite,Assets/RecoveredOriginal/Sprite/__PROJECT/GeneratedLevelRenders/MakeUp_6.asset,6cca5bfc56579d04fb2ba31220e28696
__PROJECT/GeneratedLevelRenders/MakeUp_6.png,Texture,Assets/RecoveredOriginal/Texture/__PROJECT/GeneratedLevelRenders/MakeUp_6.png,b113af1175141d34a9704fd5b6231cc5
__PROJECT/GeneratedLevelRenders/MakeUp_7.asset,Sprite,Assets/RecoveredOriginal/Sprite/__PROJECT/GeneratedLevelRenders/MakeUp_7.asset,786af516a465eba40a1abc9add546a43
__PROJECT/GeneratedLevelRenders/MakeUp_7.png,Texture,Assets/RecoveredOriginal/Texture/__PROJECT/GeneratedLevelRenders/MakeUp_7.png,39954ba23d5095344ba09a2994e218c5
__PROJECT/GeneratedLevelRenders/MakeUp_8.asset,Sprite,Assets/RecoveredOriginal/Sprite/__PROJECT/GeneratedLevelRenders/MakeUp_8.asset,e504e0972209b294f87cb39a87fe97d3
__PROJECT/GeneratedLevelRenders/MakeUp_8.png,Texture,Assets/RecoveredOriginal/Texture/__PROJECT/GeneratedLevelRenders/MakeUp_8.png,7970c985e4653304ab5b684d7a7ab295
__PROJECT/GeneratedLevelRenders/MakeUp_9.asset,Sprite,Assets/RecoveredOriginal/Sprite/__PROJECT/GeneratedLevelRenders/MakeUp_9.asset,3ad2fcbd74349a24da6dced3a873cb1f
__PROJECT/GeneratedLevelRenders/MakeUp_9.png,Texture,Assets/RecoveredOriginal/Texture/__PROJECT/GeneratedLevelRenders/MakeUp_9.png,2c9017cc01d6cc44fa40237719bb9eb0
__PROJECT/GeneratedLevelRenders/Perfumes_1.asset,Sprite,Assets/RecoveredOriginal/Sprite/__PROJECT/GeneratedLevelRenders/Perfumes_1.asset,34add12ec17119e41a3ff702e30c2226
__PROJECT/GeneratedLevelRenders/Perfumes_1.png,Texture,Assets/RecoveredOriginal/Texture/__PROJECT/GeneratedLevelRenders/Perfumes_1.png,65737096a0a7c9140a9264d57387bb40
__PROJECT/GeneratedLevelRenders/Perfumes_10.asset,Sprite,Assets/RecoveredOriginal/Sprite/__PROJECT/GeneratedLevelRenders/Perfumes_10.asset,9253994d8836543428d58699e3319c53
__PROJECT/GeneratedLevelRenders/Perfumes_10.png,Texture,Assets/RecoveredOriginal/Texture/__PROJECT/GeneratedLevelRenders/Perfumes_10.png,4f8eb636e9677a6408e91a7655fdea19
__PROJECT/GeneratedLevelRenders/Perfumes_11.asset,Sprite,Assets/RecoveredOriginal/Sprite/__PROJECT/GeneratedLevelRenders/Perfumes_11.asset,7ddbc07a1049b3d4ea558f91032d951e
__PROJECT/GeneratedLevelRenders/Perfumes_11.png,Texture,Assets/RecoveredOriginal/Texture/__PROJECT/GeneratedLevelRenders/Perfumes_11.png,06bde6b2141f2484bb3ed2c8ed873ed2
__PROJECT/GeneratedLevelRenders/Perfumes_12.asset,Sprite,Assets/RecoveredOriginal/Sprite/__PROJECT/GeneratedLevelRenders/Perfumes_12.asset,3c2dcf98627fc4d42b9e20d8c176d0a2
__PROJECT/GeneratedLevelRenders/Perfumes_12.png,Texture,Assets/RecoveredOriginal/Texture/__PROJECT/GeneratedLevelRenders/Perfumes_12.png,c5a836e408345784784ac110a12ca860
__PROJECT/GeneratedLevelRenders/Perfumes_13.asset,Sprite,Assets/RecoveredOriginal/Sprite/__PROJECT/GeneratedLevelRenders/Perfumes_13.asset,11ecbc5bf74bb1f45bef4da923cbca7e
__PROJECT/GeneratedLevelRenders/Perfumes_13.png,Texture,Assets/RecoveredOriginal/Texture/__PROJECT/GeneratedLevelRenders/Perfumes_13.png,c936a2e4af71d7147845e2be1d426f61
__PROJECT/GeneratedLevelRenders/Perfumes_14.asset,Sprite,Assets/RecoveredOriginal/Sprite/__PROJECT/GeneratedLevelRenders/Perfumes_14.asset,ad005eaaac02d9546b86854a26018649
__PROJECT/GeneratedLevelRenders/Perfumes_14.png,Texture,Assets/RecoveredOriginal/Texture/__PROJECT/GeneratedLevelRenders/Perfumes_14.png,1ef9832a11dfeee4f9a865d828eadda6
__PROJECT/GeneratedLevelRenders/Perfumes_15.asset,Sprite,Assets/RecoveredOriginal/Sprite/__PROJECT/GeneratedLevelRenders/Perfumes_15.asset,79a37a7e48b848b4e9f201d57a74655a
__PROJECT/GeneratedLevelRenders/Perfumes_15.png,Texture,Assets/RecoveredOriginal/Texture/__PROJECT/GeneratedLevelRenders/Perfumes_15.png,ec053581b3aa91546977ed2cad580974
__PROJECT/GeneratedLevelRenders/Perfumes_2.asset,Sprite,Assets/RecoveredOriginal/Sprite/__PROJECT/GeneratedLevelRenders/Perfumes_2.asset,1eedb3479a569554f98da721552d2c4c
__PROJECT/GeneratedLevelRenders/Perfumes_2.png,Texture,Assets/RecoveredOriginal/Texture/__PROJECT/GeneratedLevelRenders/Perfumes_2.png,7d9ebafd3e0126f4698e110528e41f6f
__PROJECT/GeneratedLevelRenders/Perfumes_3.asset,Sprite,Assets/RecoveredOriginal/Sprite/__PROJECT/GeneratedLevelRenders/Perfumes_3.asset,179aa8bc28b9ebb4fa7242c63327226a
__PROJECT/GeneratedLevelRenders/Perfumes_3.png,Texture,Assets/RecoveredOriginal/Texture/__PROJECT/GeneratedLevelRenders/Perfumes_3.png,d1db4f4149912044d960394668e53be1
__PROJECT/GeneratedLevelRenders/Perfumes_4.asset,Sprite,Assets/RecoveredOriginal/Sprite/__PROJECT/GeneratedLevelRenders/Perfumes_4.asset,995fdfc265f17b649aaeda90ab005bca
__PROJECT/GeneratedLevelRenders/Perfumes_4.png,Texture,Assets/RecoveredOriginal/Texture/__PROJECT/GeneratedLevelRenders/Perfumes_4.png,91e8e20426d98de439a2b57cd1327345
__PROJECT/GeneratedLevelRenders/Perfumes_5.asset,Sprite,Assets/RecoveredOriginal/Sprite/__PROJECT/GeneratedLevelRenders/Perfumes_5.asset,02691f2cc14ed034bb0ef69d7455e832
__PROJECT/GeneratedLevelRenders/Perfumes_5.png,Texture,Assets/RecoveredOriginal/Texture/__PROJECT/GeneratedLevelRenders/Perfumes_5.png,cb9dc6e7e5c626c4cbaab1919d3b7c5a
__PROJECT/GeneratedLevelRenders/Perfumes_6.asset,Sprite,Assets/RecoveredOriginal/Sprite/__PROJECT/GeneratedLevelRenders/Perfumes_6.asset,46c38fc6263b60d4fac691856cabdc48
__PROJECT/GeneratedLevelRenders/Perfumes_6.png,Texture,Assets/RecoveredOriginal/Texture/__PROJECT/GeneratedLevelRenders/Perfumes_6.png,dc8671cae3131c145b716de79623612a
__PROJECT/GeneratedLevelRenders/Perfumes_7.asset,Sprite,Assets/RecoveredOriginal/Sprite/__PROJECT/GeneratedLevelRenders/Perfumes_7.asset,4213d6503d1b3f94f89d05706d84fdfc
__PROJECT/GeneratedLevelRenders/Perfumes_7.png,Texture,Assets/RecoveredOriginal/Texture/__PROJECT/GeneratedLevelRenders/Perfumes_7.png,aa7077a8970731d4faac770d56eacb9c
__PROJECT/GeneratedLevelRenders/Perfumes_8.asset,Sprite,Assets/RecoveredOriginal/Sprite/__PROJECT/GeneratedLevelRenders/Perfumes_8.asset,038027b2c06f80c4797e022856d24181
__PROJECT/GeneratedLevelRenders/Perfumes_8.png,Texture,Assets/RecoveredOriginal/Texture/__PROJECT/GeneratedLevelRenders/Perfumes_8.png,bf5f9bda41757d74b87e3f2b84ec1480
__PROJECT/GeneratedLevelRenders/Perfumes_9.asset,Sprite,Assets/RecoveredOriginal/Sprite/__PROJECT/GeneratedLevelRenders/Perfumes_9.asset,f87d77802ad2f9d4799edeb5de2e7fbf
__PROJECT/GeneratedLevelRenders/Perfumes_9.png,Texture,Assets/RecoveredOriginal/Texture/__PROJECT/GeneratedLevelRenders/Perfumes_9.png,77fe7d98bbd6a9741bd2482f14251313
__PROJECT/GeneratedLevelRenders/School_1.asset,Sprite,Assets/RecoveredOriginal/Sprite/__PROJECT/GeneratedLevelRenders/School_1.asset,63d99191b90838a4e9dccbcb5770e548
__PROJECT/GeneratedLevelRenders/School_1.png,Texture,Assets/RecoveredOriginal/Texture/__PROJECT/GeneratedLevelRenders/School_1.png,94118962dd28ae243947dd76d7d088e2
__PROJECT/GeneratedLevelRenders/School_10.asset,Sprite,Assets/RecoveredOriginal/Sprite/__PROJECT/GeneratedLevelRenders/School_10.asset,9230d83190fb5f8478fc55a9f45b4cfd
__PROJECT/GeneratedLevelRenders/School_10.png,Texture,Assets/RecoveredOriginal/Texture/__PROJECT/GeneratedLevelRenders/School_10.png,b4bc2b1b98156cd4abd0fc15c5f638e1
__PROJECT/GeneratedLevelRenders/School_11.asset,Sprite,Assets/RecoveredOriginal/Sprite/__PROJECT/GeneratedLevelRenders/School_11.asset,60856a7006b73214e9a6934fa370edd7
__PROJECT/GeneratedLevelRenders/School_11.png,Texture,Assets/RecoveredOriginal/Texture/__PROJECT/GeneratedLevelRenders/School_11.png,eeaa500337f141e46b7e771495c15f87
__PROJECT/GeneratedLevelRenders/School_12.asset,Sprite,Assets/RecoveredOriginal/Sprite/__PROJECT/GeneratedLevelRenders/School_12.asset,ce12e36eb9395044bb3f41a6340d0016
__PROJECT/GeneratedLevelRenders/School_12.png,Texture,Assets/RecoveredOriginal/Texture/__PROJECT/GeneratedLevelRenders/School_12.png,986e56f10ecca6c46a6c7a5e226ae8f7
__PROJECT/GeneratedLevelRenders/School_13.asset,Sprite,Assets/RecoveredOriginal/Sprite/__PROJECT/GeneratedLevelRenders/School_13.asset,dd3a8150c815774469fa20b3421ff560
__PROJECT/GeneratedLevelRenders/School_13.png,Texture,Assets/RecoveredOriginal/Texture/__PROJECT/GeneratedLevelRenders/School_13.png,34952af36c9df6b419870f02857c24e0
__PROJECT/GeneratedLevelRenders/School_14.asset,Sprite,Assets/RecoveredOriginal/Sprite/__PROJECT/GeneratedLevelRenders/School_14.asset,8fec5526ae4bf09489a83a9920d9f36f
__PROJECT/GeneratedLevelRenders/School_14.png,Texture,Assets/RecoveredOriginal/Texture/__PROJECT/GeneratedLevelRenders/School_14.png,fa4dc2c3fc760264c86b90405fc6aa3e
__PROJECT/GeneratedLevelRenders/School_15.asset,Sprite,Assets/RecoveredOriginal/Sprite/__PROJECT/GeneratedLevelRenders/School_15.asset,6d03e61799cf7084a87596a433f8b617
__PROJECT/GeneratedLevelRenders/School_15.png,Texture,Assets/RecoveredOriginal/Texture/__PROJECT/GeneratedLevelRenders/School_15.png,f029bc6f27c7a5648a9523091e6d86d1
__PROJECT/GeneratedLevelRenders/School_2.asset,Sprite,Assets/RecoveredOriginal/Sprite/__PROJECT/GeneratedLevelRenders/School_2.asset,0ed41b64f7c4c854e938847d4c8c2543
__PROJECT/GeneratedLevelRenders/School_2.png,Texture,Assets/RecoveredOriginal/Texture/__PROJECT/GeneratedLevelRenders/School_2.png,d4166d710dcb2f94fa143fa54c7c246c
__PROJECT/GeneratedLevelRenders/School_3.asset,Sprite,Assets/RecoveredOriginal/Sprite/__PROJECT/GeneratedLevelRenders/School_3.asset,da9c9919818c96b4e9d715af4a341122
__PROJECT/GeneratedLevelRenders/School_3.png,Texture,Assets/RecoveredOriginal/Texture/__PROJECT/GeneratedLevelRenders/School_3.png,e584dcac2dbaa42409c3c71d69afd2b5
__PROJECT/GeneratedLevelRenders/School_4.asset,Sprite,Assets/RecoveredOriginal/Sprite/__PROJECT/GeneratedLevelRenders/School_4.asset,deb1daba38fe68b49a749b260a9a9356
__PROJECT/GeneratedLevelRenders/School_4.png,Texture,Assets/RecoveredOriginal/Texture/__PROJECT/GeneratedLevelRenders/School_4.png,8467f8323f6badb4aa8e3842465c62c4
__PROJECT/GeneratedLevelRenders/School_5.asset,Sprite,Assets/RecoveredOriginal/Sprite/__PROJECT/GeneratedLevelRenders/School_5.asset,2bb81ef87be681642af3e219d781a93c
__PROJECT/GeneratedLevelRenders/School_5.png,Texture,Assets/RecoveredOriginal/Texture/__PROJECT/GeneratedLevelRenders/School_5.png,f9e8f06a4fd0423408f4fb5aa946b8cc
__PROJECT/GeneratedLevelRenders/School_6.asset,Sprite,Assets/RecoveredOriginal/Sprite/__PROJECT/GeneratedLevelRenders/School_6.asset,017877f6d35d1a44589747f899b47646
__PROJECT/GeneratedLevelRenders/School_6.png,Texture,Assets/RecoveredOriginal/Texture/__PROJECT/GeneratedLevelRenders/School_6.png,bf360876dd709454c83452ccad817709
__PROJECT/GeneratedLevelRenders/School_7.asset,Sprite,Assets/RecoveredOriginal/Sprite/__PROJECT/GeneratedLevelRenders/School_7.asset,16e350f163179c74f89cd037e0e49fb8
__PROJECT/GeneratedLevelRenders/School_7.png,Texture,Assets/RecoveredOriginal/Texture/__PROJECT/GeneratedLevelRenders/School_7.png,d5acc80f6a47d4f4d85415b6c099a106
__PROJECT/GeneratedLevelRenders/School_8.asset,Sprite,Assets/RecoveredOriginal/Sprite/__PROJECT/GeneratedLevelRenders/School_8.asset,c20603858b574864a86ccbb1f8dcfcbe
__PROJECT/GeneratedLevelRenders/School_8.png,Texture,Assets/RecoveredOriginal/Texture/__PROJECT/GeneratedLevelRenders/School_8.png,c14a55778c4d3a046bb7e2c2355324b7
__PROJECT/GeneratedLevelRenders/School_9.asset,Sprite,Assets/RecoveredOriginal/Sprite/__PROJECT/GeneratedLevelRenders/School_9.asset,96dc5a1f885775e42ba91c3cb8ff9f97
__PROJECT/GeneratedLevelRenders/School_9.png,Texture,Assets/RecoveredOriginal/Texture/__PROJECT/GeneratedLevelRenders/School_9.png,602053ae133bab24fb71b86f99c89814
__PROJECT/Scenes/Game.unity,Reference,SourceData/AssetRipper/Assets/__PROJECT/Scenes/Game.unity,48c5296c5698a4c488b00230c018727e
__PROJECT/Scenes/MainMenu_Basic.unity,Reference,SourceData/AssetRipper/Assets/__PROJECT/Scenes/MainMenu_Basic.unity,99bed5c32c9f5ac49a89054fe1655cf4
__PROJECT/Scenes/SplashScreen.unity,Reference,SourceData/AssetRipper/Assets/__PROJECT/Scenes/SplashScreen.unity,1232b664a0ada3b4c9ff15d75cec7357
__PROJECT/Scenes/VoodooLoader.unity,Reference,SourceData/AssetRipper/Assets/__PROJECT/Scenes/VoodooLoader.unity,ea337766d23a0a4418e3350a629dbd47
__PROJECT/Scenes/Game/LightingData.asset,Reference,SourceData/AssetRipper/Assets/__PROJECT/Scenes/Game/LightingData.asset,b0229bd5e411aae46ab448ca8b413d79
__PROJECT/Scenes/MainMenu_Basic/LightingData.asset,Reference,SourceData/AssetRipper/Assets/__PROJECT/Scenes/MainMenu_Basic/LightingData.asset,6e2c6f6d7c397c143b4c8f0d23f28800
__PROJECT/Scenes/SplashScreen/LightingData.asset,Reference,SourceData/AssetRipper/Assets/__PROJECT/Scenes/SplashScreen/LightingData.asset,3e2062d2a7975cf43be4d185f559c3c8
__PROJECT/Scenes/VoodooLoader/LightingData.asset,Reference,SourceData/AssetRipper/Assets/__PROJECT/Scenes/VoodooLoader/LightingData.asset,766f92542729e654e8eaabd0d592c07e
